<?xml version="1.0" encoding="UTF-8"?>
<middlewaredescriptors:MiddlewareDescriptor xmi:version="2.0" xmlns:xmi="http://www.omg.org/XMI" xmlns:middlewaredescriptors="http://www.ibm.com/websphere/appserver/schemas/6.1/middlewaredescriptors.xmi" xmi:id="MiddlewareDescriptor_1535536574210" name="wasceRuntime" discoveryInterval="4" discoveryIntervalUnits="2" discoverySupported="true">
  <versionDescriptors xmi:id="MiddlewareVersionDescriptor_1535536574210" version="default">
    <versionDescriptor xmi:id="DescriptivePropertyGroup_1535536574214" name="versionDescriptor">
      <propertyGroups xmi:id="DescriptivePropertyGroup_1535536574215" name="install.locations">
        <properties xmi:id="DiscoverableDescriptiveProperty_1535536574216" name="win.install.loc" value="C:\\Program Files\\IBM\\WebSphere\\AppServerCommunityEdition;C:\\Program Files (x86)\\WebSphere\\AppServerCommuntiyEdition" required="true" type="String" range="" inclusive="false">
          <descriptor xmi:id="DisplayDescriptor_1535536574217" displayNameKey="win.install.loc" displayDescriptionKey="win.install.loc.desc" firstClass="true" hoverHelpKey="win.install.loc.help"/>
        </properties>
        <properties xmi:id="DiscoverableDescriptiveProperty_1535536574218" name="unix.install.loc" value="/opt/IBM/WebSphere/AppServerCommunityEdition" required="true" type="String" range="" inclusive="false">
          <descriptor xmi:id="DisplayDescriptor_1535536574219" displayNameKey="unix.install.loc" displayDescriptionKey="unix.install.loc.desc" firstClass="true" hoverHelpKey="unix.install.loc.help"/>
        </properties>
        <properties xmi:id="DiscoverableDescriptiveProperty_1535536574220" name="foreign.discovery.class" value="com.ibm.ws.xd.agent.discovery.wasce.WASCEDiscoveryPlugin" required="true" type="String" range="" inclusive="false">
          <descriptor xmi:id="DisplayDescriptor_1535536574220" displayNameKey="foreign.discovery.class" displayDescriptionKey="foreign.discovery.class.desc" firstClass="true" hidden="true" hoverHelpKey="foreign.discovery.class.hoverhelp"/>
        </properties>
        <descriptor xmi:id="DisplayDescriptor_1535536574215" displayNameKey="wasce.install.locations" displayDescriptionKey="wasce.install.locations.desc" firstClass="true"/>
      </propertyGroups>
      <propertyGroups xmi:id="DescriptivePropertyGroup_1535536574221" name="timeOutGroup">
        <properties xmi:id="DiscoverableDescriptiveProperty_1535536574231" name="startTimeOutValue" value="300000" required="true" type="String" range="" inclusive="false">
          <descriptor xmi:id="DisplayDescriptor_1535536574232" displayNameKey="startTimeOutValue" firstClass="true" hoverHelpKey="startTimeOutValue.desc"/>
        </properties>
        <properties xmi:id="DiscoverableDescriptiveProperty_1535536574233" name="stopTimeOutValue" value="300000" required="true" type="String" range="" inclusive="false">
          <descriptor xmi:id="DisplayDescriptor_1535536574234" displayNameKey="stopTimeOutValue" firstClass="true" hoverHelpKey="stopTimeOutValue.desc"/>
        </properties>
        <descriptor xmi:id="DisplayDescriptor_1535536574230" displayNameKey="timeOutGroup" displayDescriptionKey="timeOutGroup.desc" firstClass="true"/>
      </propertyGroups>
    </versionDescriptor>
  </versionDescriptors>
</middlewaredescriptors:MiddlewareDescriptor>
