<?xml version="1.0" encoding="UTF-8"?>
<transformMappings>  
  <transformMap>
    <document>cluster.xml</document>
    <transform>cluster.xsl</transform>
    <scope>clusters</scope>
  </transformMap>  
  <transformMap>
    <document>resources.xml</document>
    <transform>resources.xsl</transform>
  </transformMap>
    <transformMap>
    <document>application-resources.xml</document>
    <transform>application-resources.xsl</transform>
  </transformMap>
  <transformMap>
    <document>audit.xml</document>
    <transform>audit.xsl</transform>
  </transformMap>  
</transformMappings>
