<?xml version="1.0" encoding="UTF-8"?>
<ibm-portal-security xmlns="http://www.ibm.com/websphere/appserver/schemas/6.0/ibm-portal-security.xsd"
  xmlns:base="http://www.ibm.com/websphere/appserver/schemas/6.0/ibm-portal-base.xsd" 
  xmlns:xsi="http://www.w3.org/2001/XMLSchema-instance" 
  xsi:schemaLocation="http://www.ibm.com/websphere/appserver/schemas/6.0/ibm-portal-topology.xsd ibm-portal-topology.xsd http://www.ibm.com/websphere/appserver/schemas/6.0/ibm-portal-base.xsd ibm-portal-base.xsd http://www.ibm.com/websphere/appserver/schemas/6.0/ibm-portal-security.xsd">
  
    <application-role uniqueName="all authenticated portal users">
        <portal-role object-ref="com.ibm.isclite.portletpref.appElement.A" role-type="Privileged User"/>
        <portal-role object-ref="com.ibm.isclite.welcomeportlet.appElement.A" role-type="Privileged User"/>
        <portal-role object-ref="com.ibm.isclite.welcomeportlet.appElement.B" role-type="Privileged User"/>
            </application-role>

    <!--For defect 302428, creation of iscadmin super role-->
    <application-role uniqueName="iscadmins">
        <portal-role object-ref="com.ibm.isclite.portletpref.appElement.A" role-type="Privileged User"/>
        <portal-role object-ref="com.ibm.isclite.welcomeportlet.appElement.A" role-type="Privileged User"/>
        <portal-role object-ref="com.ibm.isclite.welcomeportlet.appElement.B" role-type="Privileged User"/>
        <portal-role object-ref="com.ibm.isclite.identityportlet.appElement.A" role-type="Privileged User"/>
        <portal-role object-ref="com.ibm.isclite.identityportlet.navigationElement.A" role-type="Privileged User"/>
    </application-role>

    <application-role uniqueName="administrator">
        <portal-role object-ref="com.ibm.isclite.identityportlet.appElement.A" role-type="Privileged User"/>
		<portal-role object-ref="com.ibm.isclite.identityportlet.navigationElement.A" role-type="Privileged User"/>
    </application-role> 

  </ibm-portal-security>
  

