<?xml version="1.0" encoding="UTF-8"?>
<transformMappings>
  <transformMap>
    <document>cluster.xml</document>
    <transform>cluster.xsl</transform>
    <scope>clusters</scope>
  </transformMap>
  <transformMap>
     <document>resources.xml</document>
     <transform>resources.xsl</transform>
  </transformMap>
  <transformMap>
    <document>security.xml</document>
    <transform>security.xsl</transform>
    <scope>cells</scope>
  </transformMap>
  <transformMap>
    <document>serverindex.xml</document>
    <transform>serverindex.xsl</transform>
    <scope>nodes</scope>
  </transformMap> 
  <transformMap>
    <document>admin-authz.xml</document>
    <transform>admin-authz.xsl</transform>
    <scope>cells</scope>
  </transformMap>
  <transformMap>
    <document>cell.xml</document>
    <transform>cell.xsl</transform>
  </transformMap>
<!-- start 459754/LIDB4500 -->
  <transformMap>
    <document>resources-cei.xml</document>
    <transform>resources.xsl</transform>
  </transformMap>
  <transformMap>
    <document>resources-pme.xml</document>
    <transform>resources.xsl</transform>
  </transformMap>
  <transformMap>
    <document>resources-pme502.xml</document>
    <transform>resources.xsl</transform>
  </transformMap> 
<!-- end 459754/LIDB4500 -->
  <transformMap>
    <document>coregroup.xml</document>
    <transform>coregroup.xsl</transform>
  </transformMap>
  <transformMap>
  	<document>deployment.xml</document> 
  	<transform>application.xsl</transform> 
  	<scope>deployments</scope> 
  </transformMap>
  <transformMap>
    <document>resources-pme502.xml</document>
    <transform>resources-pme502.xsl</transform>
  </transformMap>
  <transformMap>
    <document>coregroupbridge.xml</document>
    <transform>coregroupbridge.xsl</transform>
  </transformMap>
  <transformMap>
    <document>libraries.xml</document>
    <transform>libraries.xsl</transform>
  </transformMap>
  <transformMap>
    <document>wimconfig.xml</document>
    <transform>wimconfig.xsl</transform>
  </transformMap>
  <transformFilter>
    <document>managednode.xml</document>
  </transformFilter>
  <transformFilter>
    <document>WSSDistributedCache.xml</document>
  </transformFilter>
  <transformFilter>
    <document>policy.xml</document>
    <scope>waspolicies</scope> 
  </transformFilter> 
  <transformFilter>
    <document>domain-security-map.xml</document>
  </transformFilter> 
  <transformFilter>
    <document>domain-security.xml</document>
  </transformFilter> 
  <transformFilter>
    <document>audit-authz.xml</document>
  </transformFilter> 
  <transformFilter>
    <document>audit.xml</document>
  </transformFilter> 
  <transformFilter>
    <document>app-audit.xml</document>
  </transformFilter> 
  <transformFilter>
    <document>policySet.xml</document>
    <scope>PolicySets</scope>
  </transformFilter>
  <transformFilter>
    <document>policy.xml</document>
    <scope>PolicyTypes</scope>
  </transformFilter>
  <transformFilter>
    <document>bindings.xml</document>
    <scope>PolicyTypes</scope>
  </transformFilter>
  <transformFilter>
    <document>bindingDefinition.xml</document>
  </transformFilter>
  <transformFilter>
    <document>defaultBindings.xml</document>
  </transformFilter>
  <transformFilter>
    <document>policyAttachments.xml</document>
  </transformFilter>
  <transformFilter>
    <document>clientPolicyAttachments.xml</document>
  </transformFilter>
  <transformFilter>
    <document>stsplugins.xml</document>
  </transformFilter>
  <transformFilter>
    <document>ststargets.xml</document>
  </transformFilter>
  <transformFilter>
    <document>stsconfig.xml</document>
  </transformFilter>
  <transformFilter>
    <document>WSSCCache.xml</document>
  </transformFilter> 
  <transformFilter>
    <document>SAMLIssuerConfig.properties</document>
  </transformFilter> 
</transformMappings>
