<?xml version="1.0" encoding="UTF-8"?>
<transformMappings>
  <transformMap>
    <document>cluster.xml</document>
    <transform>cluster.xsl</transform>
    <scope>clusters</scope>
  </transformMap>
  <transformMap>
  	<document>deployment.xml</document> 
  	<transform>application.xsl</transform> 
  	<scope>deployments</scope> 
  </transformMap>
  <transformMap>
    <document>audit.xml</document>
    <transform>audit.xsl</transform>
  </transformMap>
  <transformMap>
    <document>resources.xml</document>
    <transform>resources.xsl</transform>
  </transformMap>
  <transformMap>
    <document>domain-security.xml</document>
    <transform>security.xsl</transform>
  </transformMap>
  <transformMap>
    <document>security.xml</document>
    <transform>security.xsl</transform>
    <scope>cells</scope>
  </transformMap> 
  <transformMap>
    <document>cell.xml</document>
    <transform>cell.xsl</transform>
    <scope>cells</scope>
  </transformMap> 
  <transformMap>
    <document>serverindex.xml</document>
    <transform>serverindex.xsl</transform>
    <scope>nodes</scope>
  </transformMap>
  <transformMap>
    <document>wimconfig.xml</document>
    <transform>wimconfig.xsl</transform>
  </transformMap>
  <transformFilter>
    <document>jvms.xml</document>
  </transformFilter>
</transformMappings>
