<?xml version="1.0" encoding="UTF-8"?>
<appdeployment:Deployment xmi:version="2.0" xmlns:xmi="http://www.omg.org/XMI" xmlns:appdeployment="http://www.ibm.com/websphere/appserver/schemas/5.0/appdeployment.xmi" xmi:id="Deployment_1228749623200">
  <deployedObject xmi:type="appdeployment:ApplicationDeployment" xmi:id="ApplicationDeployment_1228749623200" startingWeight="10" binariesURL="${WAS_INSTALL_ROOT}/systemApps/commsvc.ear" useMetadataFromBinaries="false" enableDistribution="false" warClassLoaderPolicy="SINGLE" createMBeansForResources="true" reloadEnabled="false" appContextIDForSecurity="href:websphere80ndCell01/commsvc" zeroEarCopy="true" filePermission=".*\.dll=755#.*\.so=755#.*\.a=755#.*\.sl=755" allowDispatchRemoteInclude="false" allowServiceRemoteInclude="false" asyncRequestDispatchType="DISABLED" standaloneModule="false" enableClientModule="false">
    <targetMappings xmi:id="DeploymentTargetMapping_1535536871835" enable="false" target="ServerTarget_1535536871835"/>
    <targetMappings xmi:id="DeploymentTargetMapping_1535541024904" enable="false" target="ServerTarget_1535541024904"/>
    <targetMappings xmi:id="DeploymentTargetMapping_1535543335148" enable="false" target="ServerTarget_1535543335148"/>
    <targetMappings xmi:id="DeploymentTargetMapping_1535543387036" enable="false" target="ServerTarget_1535543387036"/>
    <classloader xmi:id="Classloader_1228749623200" mode="PARENT_FIRST"/>
    <modules xmi:type="appdeployment:WebModuleDeployment" xmi:id="WebModuleDeployment_1228749623200" startingWeight="10000" uri="commsvc.rest.war" containsEJBContent="0">
      <targetMappings xmi:id="DeploymentTargetMapping_1535536871836" target="ServerTarget_1535536871835"/>
      <targetMappings xmi:id="DeploymentTargetMapping_1535541024905" target="ServerTarget_1535541024904"/>
      <targetMappings xmi:id="DeploymentTargetMapping_1535543335149" target="ServerTarget_1535543335148"/>
      <targetMappings xmi:id="DeploymentTargetMapping_1535543387037" target="ServerTarget_1535543387036"/>
      <classloader xmi:id="Classloader_1535536871835"/>
    </modules>
    <properties xmi:id="Property_1535536871835" name="metadata.complete" value="true"/>
  </deployedObject>
  <deploymentTargets xmi:type="appdeployment:ServerTarget" xmi:id="ServerTarget_1535536871835" name="server1" nodeName="websphere80ndNode01"/>
  <deploymentTargets xmi:type="appdeployment:ServerTarget" xmi:id="ServerTarget_1535541024904" name="server2" nodeName="websphere80ndNode01"/>
  <deploymentTargets xmi:type="appdeployment:ServerTarget" xmi:id="ServerTarget_1535543335148" name="server1" nodeName="websphere80ndNode02"/>
  <deploymentTargets xmi:type="appdeployment:ServerTarget" xmi:id="ServerTarget_1535543387036" name="server3" nodeName="websphere80ndNode02"/>
</appdeployment:Deployment>
