<?xml version="1.0" encoding="UTF-8"?>
<xmi:XMI xmi:version="2.0" xmlns:xmi="http://www.omg.org/XMI" xmlns:resources.j2c="http://www.ibm.com/websphere/appserver/schemas/5.0/resources.j2c.xmi" xmlns:resources.jms="http://www.ibm.com/websphere/appserver/schemas/5.0/resources.jms.xmi" xmlns:resources.mail="http://www.ibm.com/websphere/appserver/schemas/5.0/resources.mail.xmi" xmlns:resources.url="http://www.ibm.com/websphere/appserver/schemas/5.0/resources.url.xmi">
  <resources.jms:JMSProvider xmi:id="builtin_mqprovider" name="WebSphere MQ JMS Provider" description="WebSphere MQ Messaging Provider" externalInitialContextFactory="" externalProviderURL=""/>
  <resources.j2c:J2CResourceAdapter xmi:id="builtin_rra" name="WebSphere Relational Resource Adapter" description="Built-in Relational Resource Adapter for WebSphere Persistence" archivePath="${WAS_LIBS_DIR}/rsadapter.rar">
    <classpath>${WAS_LIBS_DIR}/rsadapter.rar</classpath>
    <propertySet xmi:id="J2EEResourcePropertySet_8"/>
    <deploymentDescriptor xmi:id="Connector_1054132487569" displayName="WS_RdbResourceAdapter" vendorName="IBM" specVersion="1.5" eisType="RRA" version="6.0">
      <icons xmi:id="IconType_1054132487569" smallIcon="rdb_small_icon.jpg" largeIcon="rdb_large_icon.jpg"/>
      <displayNames xmi:id="DisplayName_1535536619645" value="WS_RdbResourceAdapter"/>
      <displayNames xmi:id="DisplayName_1054132487569" value="WS_RdbResourceAdapter"/>
      <descriptions xmi:id="Description_1054132487569" value="IBM Relational ResourceAdapter"/>
      <license xmi:id="License_1054132487569" required="false">
        <descriptions xmi:id="Description_1054132487570" value="IBM Relational ResourceAdapter"/>
      </license>
      <resourceAdapter xmi:id="ResourceAdapter_1054132487569" transactionSupport="NoTransaction" reauthenticationSupport="false" resourceAdapterClass="com.ibm.ws.rsadapter.spi.WSResourceAdapterImpl">
        <outboundResourceAdapter xmi:id="OutboundResourceAdapter_1054132487569" reauthenticationSupport="false" transactionSupport="XATransaction">
          <connectionDefinitions xmi:id="ConnectionDefinition_1054132487569" managedConnectionFactoryClass="com.ibm.ws.rsadapter.spi.WSManagedConnectionFactoryImpl" connectionFactoryInterface="javax.resource.cci.ConnectionFactory" connectionFactoryImplClass="com.ibm.ws.rsadapter.cci.WSRdbConnectionFactoryImpl" connectionInterface="javax.resource.cci.Connection" connectionImplClass="com.ibm.ws.rsadapter.cci.WSRdbConnectionImpl">
            <configProperties xmi:id="ConfigProperty_1054132487569" name="ConnectionFactoryType" type="java.lang.Integer" value="2">
              <descriptions xmi:id="Description_1054132487571" value="A constant indicating the type of connection factory: WSJdbcDataSource (1) or WSRdbConnectionFactory (2)"/>
            </configProperties>
          </connectionDefinitions>
          <authenticationMechanisms xmi:id="AuthenticationMechanism_1054132487589" authenticationMechanismType="BasicPassword" credentialInterface="javax.resource.spi.security.PasswordCredential">
            <descriptions xmi:id="Description_1054132487590" value="BasicPassword authentication"/>
          </authenticationMechanisms>
          <authenticationMechanisms xmi:id="AuthenticationMechanism_1054132487590" authenticationMechanismType="Kerbv5" credentialInterface="javax.resource.spi.security.GenericCredential">
            <descriptions xmi:id="Description_1054132487591" value="Kerbv5 Authentication"/>
          </authenticationMechanisms>
        </outboundResourceAdapter>
      </resourceAdapter>
    </deploymentDescriptor>
    <connectionDefTemplateProps xmi:id="ConnectionDefTemplateProps_1054132487589" ConnectionDefinition="ConnectionDefinition_1054132487569"/>
  </resources.j2c:J2CResourceAdapter>
  <resources.mail:MailProvider xmi:id="builtin_mailprovider" name="Built-in Mail Provider" description="The built-in mail provider">
    <protocolProviders xmi:id="builtin_smtp" protocol="smtp" classname="com.sun.mail.smtp.SMTPTransport" type="TRANSPORT"/>
    <protocolProviders xmi:id="builtin_pop3" protocol="pop3" classname="com.sun.mail.pop3.POP3Store" type="STORE"/>
    <protocolProviders xmi:id="builtin_imap" protocol="imap" classname="com.sun.mail.imap.IMAPStore" type="STORE"/>
    <protocolProviders xmi:id="builtin_smtps" protocol="smtps" classname="com.sun.mail.smtp.SMTPSSLTransport" type="TRANSPORT"/>
    <protocolProviders xmi:id="builtin_pop3s" protocol="pop3s" classname="com.sun.mail.pop3.POP3SSLStore" type="STORE"/>
    <protocolProviders xmi:id="builtin_imaps" protocol="imaps" classname="com.sun.mail.imap.IMAPSSLStore" type="STORE"/>
  </resources.mail:MailProvider>
  <resources.url:URLProvider xmi:id="URLProvider_1" name="Default URL Provider" streamHandlerClassName="unused" protocol="unused"/>
  <resources.j2c:J2CResourceAdapter xmi:id="J2CResourceAdapter_1535536619645" name="SIB JMS Resource Adapter" description="Default messaging provider" archivePath="${WAS_INSTALL_ROOT}/installedConnectors/sib.api.jmsra.rar" threadPoolAlias="SIBJMSRAThreadPool">
    <classpath>${WAS_INSTALL_ROOT}/installedConnectors/sib.api.jmsra.rar</classpath>
    <propertySet xmi:id="J2EEResourcePropertySet_1535536619645"/>
    <deploymentDescriptor xmi:id="Connector_1535536619645" displayName="WebSphere Default Messaging Provider" vendorName="IBM" specVersion="1.5" eisType="JMS Provider" version="0.3">
      <displayNames xmi:id="DisplayName_1535536619646" value="WebSphere Default Messaging Provider"/>
      <displayNames xmi:id="DisplayName_1535536619647" value="WebSphere Default Messaging Provider"/>
      <resourceAdapter xmi:id="ResourceAdapter_1535536619645" transactionSupport="NoTransaction" reauthenticationSupport="false" resourceAdapterClass="com.ibm.ws.sib.api.jmsra.impl.JmsJcaResourceAdapterImpl">
        <outboundResourceAdapter xmi:id="OutboundResourceAdapter_1535536619645" reauthenticationSupport="false" transactionSupport="XATransaction">
          <connectionDefinitions xmi:id="ConnectionDefinition_1535536619645" managedConnectionFactoryClass="com.ibm.ws.sib.api.jmsra.impl.JmsJcaManagedQueueConnectionFactoryImpl" connectionFactoryInterface="javax.jms.QueueConnectionFactory" connectionFactoryImplClass="com.ibm.ws.sib.api.jms.impl.JmsQueueConnFactoryImpl" connectionInterface="javax.jms.QueueConnection" connectionImplClass="com.ibm.ws.sib.api.jms.impl.JmsQueueConnectionImpl">
            <configProperties xmi:id="ConfigProperty_1535536619645" name="BusName" type="java.lang.String"/>
            <configProperties xmi:id="ConfigProperty_1535536619646" name="ClientID" type="java.lang.String"/>
            <configProperties xmi:id="ConfigProperty_1535536619647" name="UserName" type="java.lang.String"/>
            <configProperties xmi:id="ConfigProperty_1535536619648" name="Password" type="java.lang.String"/>
            <configProperties xmi:id="ConfigProperty_1535536619649" name="NonPersistentMapping" type="java.lang.String" value="ExpressNonPersistent"/>
            <configProperties xmi:id="ConfigProperty_1535536619650" name="PersistentMapping" type="java.lang.String" value="ReliablePersistent"/>
            <configProperties xmi:id="ConfigProperty_1535536619651" name="ReadAhead" type="java.lang.String" value="Default"/>
            <configProperties xmi:id="ConfigProperty_1535536619652" name="Target" type="java.lang.String"/>
            <configProperties xmi:id="ConfigProperty_1535536619653" name="TargetType" type="java.lang.String" value="BusMember"/>
            <configProperties xmi:id="ConfigProperty_1535536619654" name="TargetSignificance" type="java.lang.String" value="Preferred"/>
            <configProperties xmi:id="ConfigProperty_1535536619655" name="RemoteProtocol" type="java.lang.String"/>
            <configProperties xmi:id="ConfigProperty_1535536619656" name="TargetTransportChain" type="java.lang.String"/>
            <configProperties xmi:id="ConfigProperty_1535536619657" name="ProviderEndpoints" type="java.lang.String"/>
            <configProperties xmi:id="ConfigProperty_1535536619658" name="ConnectionProximity" type="java.lang.String" value="Bus"/>
            <configProperties xmi:id="ConfigProperty_1535536619659" name="TemporaryQueueNamePrefix" type="java.lang.String"/>
            <configProperties xmi:id="ConfigProperty_1535536619660" name="ShareDataSourceWithCMP" type="java.lang.Boolean" value="false"/>
            <configProperties xmi:id="ConfigProperty_1535536619661" name="ProducerDoesNotModifyPayloadAfterSet" type="java.lang.String" value="false"/>
            <configProperties xmi:id="ConfigProperty_1535536619662" name="ConsumerDoesNotModifyPayloadAfterGet" type="java.lang.String" value="false"/>
          </connectionDefinitions>
          <connectionDefinitions xmi:id="ConnectionDefinition_1535536619646" managedConnectionFactoryClass="com.ibm.ws.sib.api.jmsra.impl.JmsJcaManagedTopicConnectionFactoryImpl" connectionFactoryInterface="javax.jms.TopicConnectionFactory" connectionFactoryImplClass="com.ibm.ws.sib.api.jms.impl.JmsTopicConnFactoryImpl" connectionInterface="javax.jms.TopicConnection" connectionImplClass="com.ibm.ws.sib.api.jms.impl.JmsTopicConnectionImpl">
            <configProperties xmi:id="ConfigProperty_1535536619663" name="BusName" type="java.lang.String"/>
            <configProperties xmi:id="ConfigProperty_1535536619664" name="ClientID" type="java.lang.String"/>
            <configProperties xmi:id="ConfigProperty_1535536619665" name="UserName" type="java.lang.String"/>
            <configProperties xmi:id="ConfigProperty_1535536619666" name="Password" type="java.lang.String"/>
            <configProperties xmi:id="ConfigProperty_1535536619667" name="NonPersistentMapping" type="java.lang.String" value="ExpressNonPersistent"/>
            <configProperties xmi:id="ConfigProperty_1535536619668" name="PersistentMapping" type="java.lang.String" value="ReliablePersistent"/>
            <configProperties xmi:id="ConfigProperty_1535536619669" name="DurableSubscriptionHome" type="java.lang.String"/>
            <configProperties xmi:id="ConfigProperty_1535536619670" name="ReadAhead" type="java.lang.String" value="Default"/>
            <configProperties xmi:id="ConfigProperty_1535536619671" name="Target" type="java.lang.String"/>
            <configProperties xmi:id="ConfigProperty_1535536619672" name="TargetType" type="java.lang.String" value="BusMember"/>
            <configProperties xmi:id="ConfigProperty_1535536619673" name="TargetSignificance" type="java.lang.String" value="Preferred"/>
            <configProperties xmi:id="ConfigProperty_1535536619674" name="RemoteProtocol" type="java.lang.String"/>
            <configProperties xmi:id="ConfigProperty_1535536619675" name="TargetTransportChain" type="java.lang.String"/>
            <configProperties xmi:id="ConfigProperty_1535536619676" name="ProviderEndpoints" type="java.lang.String"/>
            <configProperties xmi:id="ConfigProperty_1535536619677" name="ConnectionProximity" type="java.lang.String" value="Bus"/>
            <configProperties xmi:id="ConfigProperty_1535536619678" name="TemporaryTopicNamePrefix" type="java.lang.String"/>
            <configProperties xmi:id="ConfigProperty_1535536619679" name="ShareDataSourceWithCMP" type="java.lang.Boolean" value="false"/>
            <configProperties xmi:id="ConfigProperty_1535536619680" name="ShareDurableSubscriptions" type="java.lang.String" value="InCluster"/>
            <configProperties xmi:id="ConfigProperty_1535536619681" name="ProducerDoesNotModifyPayloadAfterSet" type="java.lang.String" value="false"/>
            <configProperties xmi:id="ConfigProperty_1535536619682" name="ConsumerDoesNotModifyPayloadAfterGet" type="java.lang.String" value="false"/>
          </connectionDefinitions>
          <connectionDefinitions xmi:id="ConnectionDefinition_1535536619647" managedConnectionFactoryClass="com.ibm.ws.sib.api.jmsra.impl.JmsJcaManagedConnectionFactoryImpl" connectionFactoryInterface="javax.jms.ConnectionFactory" connectionFactoryImplClass="com.ibm.ws.sib.api.jms.impl.JmsConnFactoryImpl" connectionInterface="javax.jms.Connection" connectionImplClass="com.ibm.ws.sib.api.jms.impl.JmsConnectionImpl">
            <configProperties xmi:id="ConfigProperty_1535536619683" name="BusName" type="java.lang.String"/>
            <configProperties xmi:id="ConfigProperty_1535536619684" name="ClientID" type="java.lang.String"/>
            <configProperties xmi:id="ConfigProperty_1535536619685" name="UserName" type="java.lang.String"/>
            <configProperties xmi:id="ConfigProperty_1535536619686" name="Password" type="java.lang.String"/>
            <configProperties xmi:id="ConfigProperty_1535536619687" name="NonPersistentMapping" type="java.lang.String" value="ExpressNonPersistent"/>
            <configProperties xmi:id="ConfigProperty_1535536619688" name="PersistentMapping" type="java.lang.String" value="ReliablePersistent"/>
            <configProperties xmi:id="ConfigProperty_1535536619689" name="DurableSubscriptionHome" type="java.lang.String"/>
            <configProperties xmi:id="ConfigProperty_1535536619690" name="ReadAhead" type="java.lang.String" value="Default"/>
            <configProperties xmi:id="ConfigProperty_1535536619691" name="Target" type="java.lang.String"/>
            <configProperties xmi:id="ConfigProperty_1535536619692" name="TargetType" type="java.lang.String" value="BusMember"/>
            <configProperties xmi:id="ConfigProperty_1535536619693" name="TargetSignificance" type="java.lang.String" value="Preferred"/>
            <configProperties xmi:id="ConfigProperty_1535536619694" name="RemoteProtocol" type="java.lang.String"/>
            <configProperties xmi:id="ConfigProperty_1535536619695" name="TargetTransportChain" type="java.lang.String"/>
            <configProperties xmi:id="ConfigProperty_1535536619696" name="ProviderEndpoints" type="java.lang.String"/>
            <configProperties xmi:id="ConfigProperty_1535536619697" name="ConnectionProximity" type="java.lang.String" value="Bus"/>
            <configProperties xmi:id="ConfigProperty_1535536619698" name="TemporaryQueueNamePrefix" type="java.lang.String"/>
            <configProperties xmi:id="ConfigProperty_1535536619699" name="TemporaryTopicNamePrefix" type="java.lang.String"/>
            <configProperties xmi:id="ConfigProperty_1535536619700" name="ShareDataSourceWithCMP" type="java.lang.Boolean" value="false"/>
            <configProperties xmi:id="ConfigProperty_1535536619701" name="ShareDurableSubscriptions" type="java.lang.String" value="InCluster"/>
            <configProperties xmi:id="ConfigProperty_1535536619702" name="ProducerDoesNotModifyPayloadAfterSet" type="java.lang.String" value="false"/>
            <configProperties xmi:id="ConfigProperty_1535536619703" name="ConsumerDoesNotModifyPayloadAfterGet" type="java.lang.String" value="false"/>
          </connectionDefinitions>
          <authenticationMechanisms xmi:id="AuthenticationMechanism_1535536619646" authenticationMechanismType="BasicPassword" credentialInterface="javax.resource.spi.security.PasswordCredential"/>
        </outboundResourceAdapter>
        <inboundResourceAdapter xmi:id="InboundResourceAdapter_1535536619646">
          <messageAdapter xmi:id="MessageAdapter_1535536619646">
            <messageListeners xmi:id="MessageListener_1535536619646" messageListenerType="javax.jms.MessageListener">
              <activationSpec xmi:id="ActivationSpec_1535536619646" activationSpecClass="com.ibm.ws.sib.api.jmsra.impl.JmsJcaActivationSpecImpl">
                <requiredConfigProperties xmi:id="RequiredConfigPropertyType_1535536619646" name="destination"/>
                <requiredConfigProperties xmi:id="RequiredConfigPropertyType_1535536619647" name="destinationType"/>
                <requiredConfigProperties xmi:id="RequiredConfigPropertyType_1535536619648" name="busName"/>
              </activationSpec>
            </messageListeners>
          </messageAdapter>
        </inboundResourceAdapter>
        <adminObjects xmi:id="AdminObject_1535536619646" adminObjectInterface="javax.jms.Queue" adminObjectClass="com.ibm.ws.sib.api.jms.impl.JmsQueueImpl">
          <configProperties xmi:id="ConfigProperty_1535536619704" name="QueueName" type="java.lang.String"/>
          <configProperties xmi:id="ConfigProperty_1535536619705" name="DeliveryMode" type="java.lang.String" value="Application"/>
          <configProperties xmi:id="ConfigProperty_1535536619706" name="TimeToLive" type="java.lang.Long"/>
          <configProperties xmi:id="ConfigProperty_1535536619707" name="Priority" type="java.lang.Integer"/>
          <configProperties xmi:id="ConfigProperty_1535536619708" name="ReadAhead" type="java.lang.String" value="AsConnection"/>
          <configProperties xmi:id="ConfigProperty_1535536619709" name="BusName" type="java.lang.String"/>
        </adminObjects>
        <adminObjects xmi:id="AdminObject_1535536619647" adminObjectInterface="javax.jms.Topic" adminObjectClass="com.ibm.ws.sib.api.jms.impl.JmsTopicImpl">
          <configProperties xmi:id="ConfigProperty_1535536619710" name="TopicSpace" type="java.lang.String" value="Default.Topic.Space"/>
          <configProperties xmi:id="ConfigProperty_1535536619711" name="TopicName" type="java.lang.String"/>
          <configProperties xmi:id="ConfigProperty_1535536619712" name="DeliveryMode" type="java.lang.String" value="Application"/>
          <configProperties xmi:id="ConfigProperty_1535536619713" name="TimeToLive" type="java.lang.Long"/>
          <configProperties xmi:id="ConfigProperty_1535536619714" name="Priority" type="java.lang.Integer"/>
          <configProperties xmi:id="ConfigProperty_1535536619715" name="ReadAhead" type="java.lang.String" value="AsConnection"/>
          <configProperties xmi:id="ConfigProperty_1535536619716" name="BusName" type="java.lang.String"/>
        </adminObjects>
      </resourceAdapter>
    </deploymentDescriptor>
    <connectionDefTemplateProps xmi:id="ConnectionDefTemplateProps_1535536619647" ConnectionDefinition="ConnectionDefinition_1535536619645">
      <resourceProperties xmi:id="J2EEResourceProperty_1535536619647" name="BusName" type="java.lang.String" required="false"/>
      <resourceProperties xmi:id="J2EEResourceProperty_1535536619648" name="ClientID" type="java.lang.String" required="false"/>
      <resourceProperties xmi:id="J2EEResourceProperty_1535536619649" name="ConnectionProximity" type="java.lang.String" value="Bus" required="false"/>
      <resourceProperties xmi:id="J2EEResourceProperty_1535536619650" name="durableSubscriptionHome" type="java.lang.String" required="false"/>
      <resourceProperties xmi:id="J2EEResourceProperty_1535536619651" name="NonPersistentMapping" type="java.lang.String" value="ExpressNonPersistent" required="false"/>
      <resourceProperties xmi:id="J2EEResourceProperty_1535536619652" name="Password" type="java.lang.String" required="false"/>
      <resourceProperties xmi:id="J2EEResourceProperty_1535536619653" name="PersistentMapping" type="java.lang.String" value="ReliablePersistent" required="false"/>
      <resourceProperties xmi:id="J2EEResourceProperty_1535536619654" name="ProviderEndpoints" type="java.lang.String" required="false"/>
      <resourceProperties xmi:id="J2EEResourceProperty_1535536619655" name="ReadAhead" type="java.lang.String" value="Default" required="false"/>
      <resourceProperties xmi:id="J2EEResourceProperty_1535536619656" name="RemoteProtocol" type="java.lang.String" required="false"/>
      <resourceProperties xmi:id="J2EEResourceProperty_1535536619657" name="TargetTransportChain" type="java.lang.String" required="false"/>
      <resourceProperties xmi:id="J2EEResourceProperty_1535536619658" name="ShareDataSourceWithCMP" type="java.lang.Boolean" value="false" required="false"/>
      <resourceProperties xmi:id="J2EEResourceProperty_1535536619659" name="shareDurableSubscriptions" type="java.lang.String" value="AsCluster" required="false"/>
      <resourceProperties xmi:id="J2EEResourceProperty_1535536619660" name="Target" type="java.lang.String" required="false"/>
      <resourceProperties xmi:id="J2EEResourceProperty_1535536619661" name="TargetSignificance" type="java.lang.String" value="Preferred" required="false"/>
      <resourceProperties xmi:id="J2EEResourceProperty_1535536619662" name="TargetType" type="java.lang.String" value="BusMember" required="false"/>
      <resourceProperties xmi:id="J2EEResourceProperty_1535536619663" name="TemporaryQueueNamePrefix" type="java.lang.String" required="false"/>
      <resourceProperties xmi:id="J2EEResourceProperty_1535536619664" name="temporaryTopicNamePrefix" type="java.lang.String" required="false"/>
      <resourceProperties xmi:id="J2EEResourceProperty_1535536619665" name="UserName" type="java.lang.String" required="false"/>
      <resourceProperties xmi:id="J2EEResourceProperty_1535536619666" name="ProducerDoesNotModifyPayloadAfterSet" type="java.lang.String" required="false"/>
      <resourceProperties xmi:id="J2EEResourceProperty_1535536619667" name="ConsumerDoesNotModifyPayloadAfterGet" type="java.lang.String" required="false"/>
    </connectionDefTemplateProps>
    <connectionDefTemplateProps xmi:id="ConnectionDefTemplateProps_1535536619648" ConnectionDefinition="ConnectionDefinition_1535536619646">
      <resourceProperties xmi:id="J2EEResourceProperty_1535536619668" name="BusName" type="java.lang.String" required="false"/>
      <resourceProperties xmi:id="J2EEResourceProperty_1535536619669" name="ClientID" type="java.lang.String" required="false"/>
      <resourceProperties xmi:id="J2EEResourceProperty_1535536619670" name="ConnectionProximity" type="java.lang.String" value="Bus" required="false"/>
      <resourceProperties xmi:id="J2EEResourceProperty_1535536619671" name="DurableSubscriptionHome" type="java.lang.String" required="false"/>
      <resourceProperties xmi:id="J2EEResourceProperty_1535536619672" name="NonPersistentMapping" type="java.lang.String" value="ExpressNonPersistent" required="false"/>
      <resourceProperties xmi:id="J2EEResourceProperty_1535536619673" name="Password" type="java.lang.String" required="false"/>
      <resourceProperties xmi:id="J2EEResourceProperty_1535536619674" name="PersistentMapping" type="java.lang.String" value="ReliablePersistent" required="false"/>
      <resourceProperties xmi:id="J2EEResourceProperty_1535536619675" name="ProviderEndpoints" type="java.lang.String" required="false"/>
      <resourceProperties xmi:id="J2EEResourceProperty_1535536619676" name="ReadAhead" type="java.lang.String" value="Default" required="false"/>
      <resourceProperties xmi:id="J2EEResourceProperty_1535536619677" name="RemoteProtocol" type="java.lang.String" required="false"/>
      <resourceProperties xmi:id="J2EEResourceProperty_1535536619678" name="TargetTransportChain" type="java.lang.String" required="false"/>
      <resourceProperties xmi:id="J2EEResourceProperty_1535536619679" name="ShareDataSourceWithCMP" type="java.lang.Boolean" value="false" required="false"/>
      <resourceProperties xmi:id="J2EEResourceProperty_1535536619680" name="ShareDurableSubscriptions" type="java.lang.String" value="InCluster" required="false"/>
      <resourceProperties xmi:id="J2EEResourceProperty_1535536619681" name="Target" type="java.lang.String" required="false"/>
      <resourceProperties xmi:id="J2EEResourceProperty_1535536619682" name="TargetSignificance" type="java.lang.String" value="Preferred" required="false"/>
      <resourceProperties xmi:id="J2EEResourceProperty_1535536619683" name="TargetType" type="java.lang.String" value="BusMember" required="false"/>
      <resourceProperties xmi:id="J2EEResourceProperty_1535536619684" name="temporaryQueueNamePrefix" type="java.lang.String" required="false"/>
      <resourceProperties xmi:id="J2EEResourceProperty_1535536619685" name="TemporaryTopicNamePrefix" type="java.lang.String" required="false"/>
      <resourceProperties xmi:id="J2EEResourceProperty_1535536619686" name="UserName" type="java.lang.String" required="false"/>
      <resourceProperties xmi:id="J2EEResourceProperty_1535536619687" name="ProducerDoesNotModifyPayloadAfterSet" type="java.lang.String" required="false"/>
      <resourceProperties xmi:id="J2EEResourceProperty_1535536619688" name="ConsumerDoesNotModifyPayloadAfterGet" type="java.lang.String" required="false"/>
    </connectionDefTemplateProps>
    <connectionDefTemplateProps xmi:id="ConnectionDefTemplateProps_1535536619649" ConnectionDefinition="ConnectionDefinition_1535536619647">
      <resourceProperties xmi:id="J2EEResourceProperty_1535536619689" name="BusName" type="java.lang.String" required="false"/>
      <resourceProperties xmi:id="J2EEResourceProperty_1535536619690" name="ClientID" type="java.lang.String" required="false"/>
      <resourceProperties xmi:id="J2EEResourceProperty_1535536619691" name="ConnectionProximity" type="java.lang.String" value="Bus" required="false"/>
      <resourceProperties xmi:id="J2EEResourceProperty_1535536619692" name="DurableSubscriptionHome" type="java.lang.String" required="false"/>
      <resourceProperties xmi:id="J2EEResourceProperty_1535536619693" name="NonPersistentMapping" type="java.lang.String" value="ExpressNonPersistent" required="false"/>
      <resourceProperties xmi:id="J2EEResourceProperty_1535536619694" name="Password" type="java.lang.String" required="false"/>
      <resourceProperties xmi:id="J2EEResourceProperty_1535536619695" name="PersistentMapping" type="java.lang.String" value="ReliablePersistent" required="false"/>
      <resourceProperties xmi:id="J2EEResourceProperty_1535536619696" name="ProviderEndpoints" type="java.lang.String" required="false"/>
      <resourceProperties xmi:id="J2EEResourceProperty_1535536619697" name="ReadAhead" type="java.lang.String" value="Default" required="false"/>
      <resourceProperties xmi:id="J2EEResourceProperty_1535536619698" name="RemoteProtocol" type="java.lang.String" required="false"/>
      <resourceProperties xmi:id="J2EEResourceProperty_1535536619699" name="TargetTransportChain" type="java.lang.String" required="false"/>
      <resourceProperties xmi:id="J2EEResourceProperty_1535536619700" name="ShareDataSourceWithCMP" type="java.lang.Boolean" value="false" required="false"/>
      <resourceProperties xmi:id="J2EEResourceProperty_1535536619701" name="ShareDurableSubscriptions" type="java.lang.String" value="InCluster" required="false"/>
      <resourceProperties xmi:id="J2EEResourceProperty_1535536619702" name="Target" type="java.lang.String" required="false"/>
      <resourceProperties xmi:id="J2EEResourceProperty_1535536619703" name="TargetSignificance" type="java.lang.String" value="Preferred" required="false"/>
      <resourceProperties xmi:id="J2EEResourceProperty_1535536619704" name="TargetType" type="java.lang.String" value="BusMember" required="false"/>
      <resourceProperties xmi:id="J2EEResourceProperty_1535536619705" name="TemporaryQueueNamePrefix" type="java.lang.String" required="false"/>
      <resourceProperties xmi:id="J2EEResourceProperty_1535536619706" name="TemporaryTopicNamePrefix" type="java.lang.String" required="false"/>
      <resourceProperties xmi:id="J2EEResourceProperty_1535536619707" name="UserName" type="java.lang.String" required="false"/>
      <resourceProperties xmi:id="J2EEResourceProperty_1535536619708" name="ProducerDoesNotModifyPayloadAfterSet" type="java.lang.String" required="false"/>
      <resourceProperties xmi:id="J2EEResourceProperty_1535536619709" name="ConsumerDoesNotModifyPayloadAfterGet" type="java.lang.String" required="false"/>
    </connectionDefTemplateProps>
    <activationSpecTemplateProps xmi:id="ActivationSpecTemplateProps_1535536619647" activationSpec="ActivationSpec_1535536619646">
      <resourceProperties xmi:id="J2EEResourceProperty_1535536619710" name="acknowledgeMode" type="java.lang.String" value="Auto-acknowledge" required="false"/>
      <resourceProperties xmi:id="J2EEResourceProperty_1535536619711" name="alwaysActivateAllMDBs" type="java.lang.Boolean" value="false" required="false"/>
      <resourceProperties xmi:id="J2EEResourceProperty_1535536619712" name="AutoStopSequentialMessageFailure" type="java.lang.Integer" value="0" required="false"/>
      <resourceProperties xmi:id="J2EEResourceProperty_1535536619713" name="busName" type="java.lang.String" required="false"/>
      <resourceProperties xmi:id="J2EEResourceProperty_1535536619714" name="clientId" type="java.lang.String" required="false"/>
      <resourceProperties xmi:id="J2EEResourceProperty_1535536619715" name="destination" type="javax.jms.Destination" required="false"/>
      <resourceProperties xmi:id="J2EEResourceProperty_1535536619716" name="destinationType" type="java.lang.String" required="true"/>
      <resourceProperties xmi:id="J2EEResourceProperty_1535536619717" name="durableSubscriptionHome" type="java.lang.String" required="false"/>
      <resourceProperties xmi:id="J2EEResourceProperty_1535536619718" name="failingMessageDelay" type="java.lang.Long" value="0" required="false"/>
      <resourceProperties xmi:id="J2EEResourceProperty_1535536619719" name="maxBatchSize" type="java.lang.Integer" value="1" required="false"/>
      <resourceProperties xmi:id="J2EEResourceProperty_1535536619720" name="maxConcurrency" type="java.lang.Integer" value="10" required="false"/>
      <resourceProperties xmi:id="J2EEResourceProperty_1535536619721" name="maxSequentialMessageFailure" type="java.lang.Integer" value="-1" required="false"/>
      <resourceProperties xmi:id="J2EEResourceProperty_1535536619722" name="messageSelector" type="java.lang.String" required="false"/>
      <resourceProperties xmi:id="J2EEResourceProperty_1535536619723" name="password" type="java.lang.String" required="false"/>
      <resourceProperties xmi:id="J2EEResourceProperty_1535536619724" name="providerEndpoints" type="java.lang.String" required="false"/>
      <resourceProperties xmi:id="J2EEResourceProperty_1535536619725" name="readAhead" type="java.lang.String" value="Default" required="false"/>
      <resourceProperties xmi:id="J2EEResourceProperty_1535536619726" name="retryInterval" type="java.lang.Integer" value="30" required="false"/>
      <resourceProperties xmi:id="J2EEResourceProperty_1535536619727" name="shareDataSourceWithCMP" type="java.lang.Boolean" value="false" required="false"/>
      <resourceProperties xmi:id="J2EEResourceProperty_1535536619728" name="shareDurableSubscriptions" type="java.lang.String" value="InCluster" required="false"/>
      <resourceProperties xmi:id="J2EEResourceProperty_1535536619729" name="subscriptionDurability" type="java.lang.String" value="NonDurable" required="false"/>
      <resourceProperties xmi:id="J2EEResourceProperty_1535536619730" name="subscriptionName" type="java.lang.String" required="false"/>
      <resourceProperties xmi:id="J2EEResourceProperty_1535536619731" name="target" type="java.lang.String" required="false"/>
      <resourceProperties xmi:id="J2EEResourceProperty_1535536619732" name="targetSignificance" type="java.lang.String" required="false"/>
      <resourceProperties xmi:id="J2EEResourceProperty_1535536619733" name="targetTransportChain" type="java.lang.String" required="false"/>
      <resourceProperties xmi:id="J2EEResourceProperty_1535536619734" name="targetType" type="java.lang.String" required="false"/>
      <resourceProperties xmi:id="J2EEResourceProperty_1535536619735" name="userName" type="java.lang.String" required="false"/>
      <resourceProperties xmi:id="J2EEResourceProperty_1535536619736" name="ConsumerDoesNotModifyPayloadAfterGet" type="java.lang.String" required="false"/>
      <resourceProperties xmi:id="J2EEResourceProperty_1535536619737" name="ForwarderDoesNotModifyPayloadAfterSet" type="java.lang.String" required="false"/>
      <resourceProperties xmi:id="J2EEResourceProperty_1535536619738" name="useServerSubject" type="java.lang.Boolean" required="false"/>
      <complexPropertySet xmi:id="J2EEResourcePropertySet_1535536619648">
        <resourceProperties xmi:id="J2EEResourceProperty_1535536619739" name="destination" type="javax.jms.Destination" required="false"/>
      </complexPropertySet>
    </activationSpecTemplateProps>
    <adminObjectTemplateProps xmi:id="AdminObjectTemplateProps_1535536619649" adminObject="AdminObject_1535536619646">
      <properties xmi:id="J2EEResourceProperty_1535536619740" name="BusName" type="java.lang.String" required="false"/>
      <properties xmi:id="J2EEResourceProperty_1535536619741" name="DeliveryMode" type="java.lang.String" value="Application" required="false"/>
      <properties xmi:id="J2EEResourceProperty_1535536619742" name="forwardRoutingPath" type="[Ljava.lang.String;" required="false"/>
      <properties xmi:id="J2EEResourceProperty_1535536619743" name="Priority" type="java.lang.Integer" required="false"/>
      <properties xmi:id="J2EEResourceProperty_1535536619744" name="QueueName" type="java.lang.String" required="false"/>
      <properties xmi:id="J2EEResourceProperty_1535536619745" name="ReadAhead" type="java.lang.String" value="AsConnection" required="false"/>
      <properties xmi:id="J2EEResourceProperty_1535536619746" name="reverseRoutingPath" type="[Ljava.lang.String;" required="false"/>
      <properties xmi:id="J2EEResourceProperty_1535536619747" name="TimeToLive" type="java.lang.Long" required="false"/>
    </adminObjectTemplateProps>
    <adminObjectTemplateProps xmi:id="AdminObjectTemplateProps_1535536619650" adminObject="AdminObject_1535536619647">
      <properties xmi:id="J2EEResourceProperty_1535536619748" name="BusName" type="java.lang.String" required="false"/>
      <properties xmi:id="J2EEResourceProperty_1535536619749" name="DeliveryMode" type="java.lang.String" value="Application" required="false"/>
      <properties xmi:id="J2EEResourceProperty_1535536619750" name="forwardRoutingPath" type="[Ljava.lang.String;" required="false"/>
      <properties xmi:id="J2EEResourceProperty_1535536619751" name="Priority" type="java.lang.Integer" required="false"/>
      <properties xmi:id="J2EEResourceProperty_1535536619752" name="ReadAhead" type="java.lang.String" value="AsConnection" required="false"/>
      <properties xmi:id="J2EEResourceProperty_1535536619753" name="reverseRoutingPath" type="[Ljava.lang.String;" required="false"/>
      <properties xmi:id="J2EEResourceProperty_1535536619754" name="TimeToLive" type="java.lang.Long" required="false"/>
      <properties xmi:id="J2EEResourceProperty_1535536619755" name="TopicName" type="java.lang.String" required="false"/>
      <properties xmi:id="J2EEResourceProperty_1535536619756" name="TopicSpace" type="java.lang.String" value="Default.Topic.Space" required="false"/>
    </adminObjectTemplateProps>
  </resources.j2c:J2CResourceAdapter>
  <resources.j2c:J2CResourceAdapter xmi:id="J2CResourceAdapter_1535536619777" name="WebSphere MQ Resource Adapter" description="WAS Built In WebSphere MQ Resource Adapter" isolatedClassLoader="false" archivePath="${WAS_INSTALL_ROOT}/installedConnectors/wmq.jmsra.rar" threadPoolAlias="WMQJCAResourceAdapter" singleton="false" hACapability="RA_NO_HA" isEnableHASupport="false">
    <classpath>${WAS_INSTALL_ROOT}/installedConnectors/wmq.jmsra.rar</classpath>
    <propertySet xmi:id="J2EEResourcePropertySet_1535536619778">
      <resourceProperties xmi:id="J2EEResourceProperty_1535536619778" name="connectionConcurrency" type="int" value="1" description="connectionConcurrency" required="false"/>
      <resourceProperties xmi:id="J2EEResourceProperty_1535536619779" name="maxConnections" type="int" value="50" description="maxConnections" required="false"/>
      <resourceProperties xmi:id="J2EEResourceProperty_1535536619780" name="logWriterEnabled" type="boolean" value="true" description="logWriterEnabled" required="false"/>
      <resourceProperties xmi:id="J2EEResourceProperty_1535536619781" name="reconnectionRetryCount" type="int" value="5" description="reconnectionRetryCount" required="false"/>
      <resourceProperties xmi:id="J2EEResourceProperty_1535536619782" name="reconnectionRetryInterval" type="int" value="300000" description="reconnectionRetryInterval" required="false"/>
      <resourceProperties xmi:id="J2EEResourceProperty_1535536619783" name="startupRetryCount" type="int" value="0" description="startupRetryCount" required="false"/>
      <resourceProperties xmi:id="J2EEResourceProperty_1535536619784" name="startupRetryInterval" type="int" value="30000" description="startupRetryInterval" required="false"/>
      <resourceProperties xmi:id="J2EEResourceProperty_1535536619785" name="traceEnabled" type="boolean" value="false" description="traceEnabled" required="false"/>
      <resourceProperties xmi:id="J2EEResourceProperty_1535536619786" name="traceLevel" type="int" value="3" description="traceLevel" required="false"/>
    </propertySet>
    <deploymentDescriptor xmi:id="Connector_1535536619778" displayName="WebSphere MQ Resource Adapter" vendorName="International Business Machines Corporation (&quot;IBM&quot;)." specVersion="1.5" eisType="Java Message Service" version="7.1.0.7-k710-007-151026">
      <displayNames xmi:id="DisplayName_1535536619778" value="WebSphere MQ Resource Adapter"/>
      <license xmi:id="License_1535536619778" required="true">
        <descriptions xmi:id="Description_1535536619778" value="&#xA;&#x9;&#x9;&#x9;This software is licenced under the IBM International&#xA;&#x9;&#x9;&#x9;Program License Agreement (&quot;IPLA&quot;). For licence information,&#xA;&#x9;&#x9;&#x9;see the WebSphere MQ Licence Information (&quot;LI&quot;) available at&#xA;&#x9;&#x9;&#x9;http://www.ibm.com/software/sla/. The LI may also be found&#xA;&#x9;&#x9;&#x9;in a file in the WebSphere MQ installation directory.&#xA;&#x9;&#x9;"/>
      </license>
      <resourceAdapter xmi:id="ResourceAdapter_1535536619778" transactionSupport="XATransaction" reauthenticationSupport="false" resourceAdapterClass="com.ibm.mq.connector.ResourceAdapterImpl">
        <securityPermissions xmi:id="SecurityPermission_1535536619778" description="Security Permissions for the JMS client" specification="&#xA;&#x9;&#x9;&#x9;&#x9;grant { &#xA;&#x9;&#x9;&#x9;&#x9;&#x9;permission java.security.AllPermission; &#xA;&#x9;&#x9;&#x9;&#x9;};&#xA;&#x9;&#x9;&#x9;"/>
        <configProperties xmi:id="ConfigProperty_1535536619778" description="connectionConcurrency" name="connectionConcurrency" type="java.lang.String"/>
        <configProperties xmi:id="ConfigProperty_1535536619779" description="maxConnections" name="maxConnections" type="java.lang.String"/>
        <configProperties xmi:id="ConfigProperty_1535536619780" description="logWriterEnabled" name="logWriterEnabled" type="java.lang.String"/>
        <configProperties xmi:id="ConfigProperty_1535536619781" description="reconnectionRetryCount" name="reconnectionRetryCount" type="java.lang.String"/>
        <configProperties xmi:id="ConfigProperty_1535536619782" description="reconnectionRetryInterval" name="reconnectionRetryInterval" type="java.lang.String"/>
        <configProperties xmi:id="ConfigProperty_1535536619783" description="startupRetryCount" name="startupRetryCount" type="java.lang.String"/>
        <configProperties xmi:id="ConfigProperty_1535536619784" description="startupRetryInterval" name="startupRetryInterval" type="java.lang.String"/>
        <configProperties xmi:id="ConfigProperty_1535536619785" description="traceEnabled" name="traceEnabled" type="java.lang.String"/>
        <configProperties xmi:id="ConfigProperty_1535536619786" description="traceLevel" name="traceLevel" type="java.lang.String"/>
        <inboundResourceAdapter xmi:id="InboundResourceAdapter_1535536619778">
          <messageAdapter xmi:id="MessageAdapter_1535536619778">
            <messageListeners xmi:id="MessageListener_1535536619778" messageListenerType="javax.jms.MessageListener">
              <activationSpec xmi:id="ActivationSpec_1535536619778" activationSpecClass="com.ibm.mq.connector.inbound.ActivationSpecImpl">
                <requiredConfigProperties xmi:id="RequiredConfigPropertyType_1535536619778" name="destination"/>
                <requiredConfigProperties xmi:id="RequiredConfigPropertyType_1535536619779" name="destinationType"/>
              </activationSpec>
            </messageListeners>
          </messageAdapter>
        </inboundResourceAdapter>
      </resourceAdapter>
    </deploymentDescriptor>
    <activationSpecTemplateProps xmi:id="ActivationSpecTemplateProps_1535536619778" activationSpec="ActivationSpec_1535536619778">
      <resourceProperties xmi:id="J2EEResourceProperty_1535536619787" name="CCSID" type="int" value="819" description="CCSID" required="false"/>
      <resourceProperties xmi:id="J2EEResourceProperty_1535536619788" name="acknowledgeMode" type="int" value="1" description="acknowledgeMode" required="false"/>
      <resourceProperties xmi:id="J2EEResourceProperty_1535536619789" name="arbitraryProperties" type="java.lang.String" description="arbitraryProperties" required="false"/>
      <resourceProperties xmi:id="J2EEResourceProperty_1535536619790" name="brokerCCDurSubQueue" type="java.lang.String" value="SYSTEM.JMS.D.CC.SUBSCRIBER.QUEUE" description="brokerCCDurSubQueue" required="false"/>
      <resourceProperties xmi:id="J2EEResourceProperty_1535536619791" name="brokerCCSubQueue" type="java.lang.String" value="SYSTEM.JMS.ND.CC.SUBSCRIBER.QUEUE" description="brokerCCSubQueue" required="false"/>
      <resourceProperties xmi:id="J2EEResourceProperty_1535536619792" name="brokerControlQueue" type="java.lang.String" value="SYSTEM.BROKER.CONTROL.QUEUE" description="brokerControlQueue" required="false"/>
      <resourceProperties xmi:id="J2EEResourceProperty_1535536619793" name="brokerPubQueue" type="java.lang.String" value="SYSTEM.BROKER.DEFAULT.STREAM" description="brokerPubQueue" required="false"/>
      <resourceProperties xmi:id="J2EEResourceProperty_1535536619794" name="brokerQueueManager" type="java.lang.String" description="brokerQueueManager" required="false"/>
      <resourceProperties xmi:id="J2EEResourceProperty_1535536619795" name="brokerSubQueue" type="java.lang.String" value="SYSTEM.JMS.ND.SUBSCRIBER.QUEUE" description="brokerSubQueue" required="false"/>
      <resourceProperties xmi:id="J2EEResourceProperty_1535536619796" name="brokerVersion" type="java.lang.String" value="1" description="brokerVersion" required="false"/>
      <resourceProperties xmi:id="J2EEResourceProperty_1535536619797" name="ccdtURL" type="java.lang.String" description="ccdtURL" required="false"/>
      <resourceProperties xmi:id="J2EEResourceProperty_1535536619798" name="channel" type="java.lang.String" value="SYSTEM.DEF.SVRCONN" description="channel" required="false"/>
      <resourceProperties xmi:id="J2EEResourceProperty_1535536619799" name="cleanupInterval" type="long" value="3600000" description="cleanupInterval" required="false"/>
      <resourceProperties xmi:id="J2EEResourceProperty_1535536619800" name="cleanupLevel" type="java.lang.String" value="SAFE" description="cleanupLevel" required="false"/>
      <resourceProperties xmi:id="J2EEResourceProperty_1535536619801" name="clientID" type="java.lang.String" description="clientID" required="false"/>
      <resourceProperties xmi:id="J2EEResourceProperty_1535536619802" name="clientId" type="java.lang.String" description="clientId" required="false"/>
      <resourceProperties xmi:id="J2EEResourceProperty_1535536619803" name="cloneSupport" type="java.lang.String" value="DISABLED" description="cloneSupport" required="false"/>
      <resourceProperties xmi:id="J2EEResourceProperty_1535536619804" name="connectionNameList" type="java.lang.String" value="localhost(1414)" description="connectionNameList" required="false"/>
      <resourceProperties xmi:id="J2EEResourceProperty_1535536619805" name="destination" type="java.lang.String" value="SYSTEM.DEFAULT.LOCAL.QUEUE" description="destination" required="true"/>
      <resourceProperties xmi:id="J2EEResourceProperty_1535536619806" name="destinationType" type="java.lang.String" value="javax.jms.Queue" description="destinationType" required="true"/>
      <resourceProperties xmi:id="J2EEResourceProperty_1535536619807" name="failIfQuiesce" type="boolean" value="true" description="failIfQuiesce" required="false"/>
      <resourceProperties xmi:id="J2EEResourceProperty_1535536619808" name="headerCompression" type="java.lang.String" value="NONE" description="headerCompression" required="false"/>
      <resourceProperties xmi:id="J2EEResourceProperty_1535536619809" name="hostName" type="java.lang.String" value="localhost" description="hostName" required="false"/>
      <resourceProperties xmi:id="J2EEResourceProperty_1535536619810" name="localAddress" type="java.lang.String" description="localAddress" required="false"/>
      <resourceProperties xmi:id="J2EEResourceProperty_1535536619811" name="maxMessages" type="int" value="1" description="maxMessages" required="false"/>
      <resourceProperties xmi:id="J2EEResourceProperty_1535536619812" name="maxPoolDepth" type="int" value="10" description="maxPoolDepth" required="false"/>
      <resourceProperties xmi:id="J2EEResourceProperty_1535536619813" name="messageBatchSize" type="int" value="10" description="messageBatchSize" required="false"/>
      <resourceProperties xmi:id="J2EEResourceProperty_1535536619814" name="messageCompression" type="java.lang.String" value="NONE" description="messageCompression" required="false"/>
      <resourceProperties xmi:id="J2EEResourceProperty_1535536619815" name="messageRetention" type="java.lang.String" value="YES" description="messageRetention" required="false"/>
      <resourceProperties xmi:id="J2EEResourceProperty_1535536619816" name="messageSelection" type="java.lang.String" value="CLIENT" description="messageSelection" required="false"/>
      <resourceProperties xmi:id="J2EEResourceProperty_1535536619817" name="messageSelector" type="java.lang.String" description="messageSelector" required="false"/>
      <resourceProperties xmi:id="J2EEResourceProperty_1535536619818" name="nonASFRollbackEnabled" type="boolean" value="false" description="nonASFRollbackEnabled" required="false"/>
      <resourceProperties xmi:id="J2EEResourceProperty_1535536619819" name="nonASFTimeout" type="int" value="0" description="nonASFTimeout" required="false"/>
      <resourceProperties xmi:id="J2EEResourceProperty_1535536619820" name="password" type="java.lang.String" description="password" required="false"/>
      <resourceProperties xmi:id="J2EEResourceProperty_1535536619821" name="pollingInterval" type="int" value="5000" description="pollingInterval" required="false"/>
      <resourceProperties xmi:id="J2EEResourceProperty_1535536619822" name="poolTimeout" type="int" value="300000" description="poolTimeout" required="false"/>
      <resourceProperties xmi:id="J2EEResourceProperty_1535536619823" name="port" type="int" value="1414" description="port" required="false"/>
      <resourceProperties xmi:id="J2EEResourceProperty_1535536619824" name="providerVersion" type="java.lang.String" value="UNSPECIFIED" description="providerVersion" required="false"/>
      <resourceProperties xmi:id="J2EEResourceProperty_1535536619825" name="queueManager" type="java.lang.String" description="queueManager" required="false"/>
      <resourceProperties xmi:id="J2EEResourceProperty_1535536619826" name="readAheadAllowed" type="java.lang.String" value="DESTINATION" description="readAheadAllowed" required="false"/>
      <resourceProperties xmi:id="J2EEResourceProperty_1535536619827" name="readAheadClosePolicy" type="java.lang.String" value="ALL" description="readAheadClosePolicy" required="false"/>
      <resourceProperties xmi:id="J2EEResourceProperty_1535536619828" name="receiveCCSID" type="int" value="1208" description="receiveCCSID" required="false"/>
      <resourceProperties xmi:id="J2EEResourceProperty_1535536619829" name="receiveConversion" type="java.lang.String" value="CLIENT_MSG" description="receiveConversion" required="false"/>
      <resourceProperties xmi:id="J2EEResourceProperty_1535536619830" name="receiveExit" type="java.lang.String" description="receiveExit" required="false"/>
      <resourceProperties xmi:id="J2EEResourceProperty_1535536619831" name="receiveExitInit" type="java.lang.String" description="receiveExitInit" required="false"/>
      <resourceProperties xmi:id="J2EEResourceProperty_1535536619832" name="rescanInterval" type="int" value="5000" description="rescanInterval" required="false"/>
      <resourceProperties xmi:id="J2EEResourceProperty_1535536619833" name="securityExit" type="java.lang.String" description="securityExit" required="false"/>
      <resourceProperties xmi:id="J2EEResourceProperty_1535536619834" name="securityExitInit" type="java.lang.String" description="securityExitInit" required="false"/>
      <resourceProperties xmi:id="J2EEResourceProperty_1535536619835" name="sendExit" type="java.lang.String" description="sendExit" required="false"/>
      <resourceProperties xmi:id="J2EEResourceProperty_1535536619836" name="sendExitInit" type="java.lang.String" description="sendExitInit" required="false"/>
      <resourceProperties xmi:id="J2EEResourceProperty_1535536619837" name="shareConvAllowed" type="java.lang.String" value="YES" description="shareConvAllowed" required="false"/>
      <resourceProperties xmi:id="J2EEResourceProperty_1535536619838" name="sparseSubscriptions" type="java.lang.String" value="FALSE" description="sparseSubscriptions" required="false"/>
      <resourceProperties xmi:id="J2EEResourceProperty_1535536619839" name="sslCertStores" type="java.lang.String" description="sslCertStores" required="false"/>
      <resourceProperties xmi:id="J2EEResourceProperty_1535536619840" name="sslCipherSuite" type="java.lang.String" description="sslCipherSuite" required="false"/>
      <resourceProperties xmi:id="J2EEResourceProperty_1535536619841" name="sslFipsRequired" type="boolean" value="false" description="sslFipsRequired" required="false"/>
      <resourceProperties xmi:id="J2EEResourceProperty_1535536619842" name="sslPeerName" type="java.lang.String" description="sslPeerName" required="false"/>
      <resourceProperties xmi:id="J2EEResourceProperty_1535536619843" name="sslResetCount" type="int" value="0" description="sslResetCount" required="false"/>
      <resourceProperties xmi:id="J2EEResourceProperty_1535536619844" name="sslSocketFactory" type="java.lang.String" description="sslSocketFactory" required="false"/>
      <resourceProperties xmi:id="J2EEResourceProperty_1535536619845" name="startTimeout" type="int" value="10000" description="startTimeout" required="false"/>
      <resourceProperties xmi:id="J2EEResourceProperty_1535536619846" name="statusRefreshInterval" type="int" value="60000" description="statusRefreshInterval" required="false"/>
      <resourceProperties xmi:id="J2EEResourceProperty_1535536619847" name="subscriptionDurability" type="java.lang.String" value="NonDurable" description="subscriptionDurability" required="false"/>
      <resourceProperties xmi:id="J2EEResourceProperty_1535536619848" name="subscriptionName" type="java.lang.String" description="subscriptionName" required="false"/>
      <resourceProperties xmi:id="J2EEResourceProperty_1535536619849" name="subscriptionStore" type="java.lang.String" value="MIGRATE" description="subscriptionStore" required="false"/>
      <resourceProperties xmi:id="J2EEResourceProperty_1535536619850" name="transportType" type="java.lang.String" value="CLIENT" description="transportType" required="false"/>
      <resourceProperties xmi:id="J2EEResourceProperty_1535536619851" name="useJNDI" type="boolean" value="false" description="useJNDI" required="false"/>
      <resourceProperties xmi:id="J2EEResourceProperty_1535536619852" name="username" type="java.lang.String" description="username" required="false"/>
      <resourceProperties xmi:id="J2EEResourceProperty_1535536619853" name="wildcardFormat" type="java.lang.String" value="TOPIC" description="wildcardFormat" required="false"/>
    </activationSpecTemplateProps>
  </resources.j2c:J2CResourceAdapter>
</xmi:XMI>
