<?xml version="1.0" encoding="UTF-8"?>
<serverindex:ServerIndex xmi:version="2.0" xmlns:xmi="http://www.omg.org/XMI" xmlns:serverindex="http://www.ibm.com/websphere/appserver/schemas/5.0/serverindex.xmi" xmi:id="ServerIndex_1" hostName="websphere85nd" endPointRefs="NamedEndPoint_1535536835607 NamedEndPoint_1535536835608 NamedEndPoint_1535536835609 NamedEndPoint_1535536835610 NamedEndPoint_1535536835611 NamedEndPoint_1535536835612 NamedEndPoint_1535536835613">
  <serverEntries xmi:id="ServerEntry_1183122129640" serverName="server1" serverType="APPLICATION_SERVER">
    <deployedApplications>commsvc.ear/deployments/commsvc</deployedApplications>
    <deployedApplications>ibmasyncrsp.ear/deployments/ibmasyncrsp</deployedApplications>
    <specialEndpoints xmi:id="NamedEndPoint_1183122129640" endPointName="BOOTSTRAP_ADDRESS">
      <endPoint xmi:id="EndPoint_1183122129640" host="websphere85nd" port="9810"/>
    </specialEndpoints>
    <specialEndpoints xmi:id="NamedEndPoint_1183122129641" endPointName="SOAP_CONNECTOR_ADDRESS">
      <endPoint xmi:id="EndPoint_1183122129641" host="websphere85nd" port="8880"/>
    </specialEndpoints>
    <specialEndpoints xmi:id="NamedEndPoint_1183122129642" endPointName="ORB_LISTENER_ADDRESS">
      <endPoint xmi:id="EndPoint_1183122129642" host="websphere85nd" port="9101"/>
    </specialEndpoints>
    <specialEndpoints xmi:id="NamedEndPoint_1183122129643" endPointName="SAS_SSL_SERVERAUTH_LISTENER_ADDRESS">
      <endPoint xmi:id="EndPoint_1183122129643" host="websphere85nd" port="9406"/>
    </specialEndpoints>
    <specialEndpoints xmi:id="NamedEndPoint_1183122129644" endPointName="CSIV2_SSL_SERVERAUTH_LISTENER_ADDRESS">
      <endPoint xmi:id="EndPoint_1183122129644" host="websphere85nd" port="9405"/>
    </specialEndpoints>
    <specialEndpoints xmi:id="NamedEndPoint_1183122129645" endPointName="CSIV2_SSL_MUTUALAUTH_LISTENER_ADDRESS">
      <endPoint xmi:id="EndPoint_1183122129645" host="websphere85nd" port="9404"/>
    </specialEndpoints>
    <specialEndpoints xmi:id="NamedEndPoint_1183122129646" endPointName="WC_adminhost">
      <endPoint xmi:id="EndPoint_1183122129646" host="*" port="9061"/>
    </specialEndpoints>
    <specialEndpoints xmi:id="NamedEndPoint_1183122129647" endPointName="WC_defaulthost">
      <endPoint xmi:id="EndPoint_1183122129647" host="*" port="9080"/>
    </specialEndpoints>
    <specialEndpoints xmi:id="NamedEndPoint_1183122129648" endPointName="DCS_UNICAST_ADDRESS">
      <endPoint xmi:id="EndPoint_1183122129648" host="*" port="9353"/>
    </specialEndpoints>
    <specialEndpoints xmi:id="NamedEndPoint_1183122129649" endPointName="WC_adminhost_secure">
      <endPoint xmi:id="EndPoint_1183122129649" host="*" port="9044"/>
    </specialEndpoints>
    <specialEndpoints xmi:id="NamedEndPoint_1183122129650" endPointName="WC_defaulthost_secure">
      <endPoint xmi:id="EndPoint_1183122129650" host="*" port="9443"/>
    </specialEndpoints>
    <specialEndpoints xmi:id="NamedEndPoint_1183122129651" endPointName="SIP_DEFAULTHOST">
      <endPoint xmi:id="EndPoint_1183122129651" host="*" port="5060"/>
    </specialEndpoints>
    <specialEndpoints xmi:id="NamedEndPoint_1183122129652" endPointName="SIP_DEFAULTHOST_SECURE">
      <endPoint xmi:id="EndPoint_1183122129652" host="*" port="5061"/>
    </specialEndpoints>
    <specialEndpoints xmi:id="NamedEndPoint_1183122129653" endPointName="SIB_ENDPOINT_ADDRESS">
      <endPoint xmi:id="EndPoint_1535536607352" host="*" port="7276"/>
    </specialEndpoints>
    <specialEndpoints xmi:id="NamedEndPoint_1183122129654" endPointName="SIB_ENDPOINT_SECURE_ADDRESS">
      <endPoint xmi:id="EndPoint_1535536607354" host="*" port="7286"/>
    </specialEndpoints>
    <specialEndpoints xmi:id="NamedEndPoint_1183122129655" endPointName="SIB_MQ_ENDPOINT_ADDRESS">
      <endPoint xmi:id="EndPoint_1535536607355" host="*" port="5558"/>
    </specialEndpoints>
    <specialEndpoints xmi:id="NamedEndPoint_1183122129656" endPointName="SIB_MQ_ENDPOINT_SECURE_ADDRESS">
      <endPoint xmi:id="EndPoint_1535536607356" host="*" port="5578"/>
    </specialEndpoints>
    <specialEndpoints xmi:id="NamedEndPoint_1183122129657" endPointName="IPC_CONNECTOR_ADDRESS">
      <endPoint xmi:id="EndPoint_1183122129657" host="${LOCALHOST_NAME}" port="9633"/>
    </specialEndpoints>
    <specialEndpoints xmi:id="NamedEndPoint_1183122129658" endPointName="OVERLAY_UDP_LISTENER_ADDRESS">
      <endPoint xmi:id="EndPoint_1183122129658" host="*" port="11003"/>
    </specialEndpoints>
    <specialEndpoints xmi:id="NamedEndPoint_1183122129659" endPointName="OVERLAY_TCP_LISTENER_ADDRESS">
      <endPoint xmi:id="EndPoint_1183122129659" host="*" port="11004"/>
    </specialEndpoints>
  </serverEntries>
  <serverEntries xmi:id="ServerEntry_1535536835608" serverDisplayName="nodeagent" serverName="nodeagent" serverType="NODE_AGENT">
    <specialEndpoints xmi:id="NamedEndPoint_1535536835614" endPointName="BOOTSTRAP_ADDRESS">
      <endPoint xmi:id="EndPoint_1535536835608" host="websphere85nd" port="16000"/>
    </specialEndpoints>
    <specialEndpoints xmi:id="NamedEndPoint_1535536835607" endPointName="CSIV2_SSL_MUTUALAUTH_LISTENER_ADDRESS">
      <endPoint xmi:id="EndPoint_1535536835609" host="websphere85nd" port="16001"/>
    </specialEndpoints>
    <specialEndpoints xmi:id="NamedEndPoint_1535536835608" endPointName="CSIV2_SSL_SERVERAUTH_LISTENER_ADDRESS">
      <endPoint xmi:id="EndPoint_1535536835610" host="websphere85nd" port="16002"/>
    </specialEndpoints>
    <specialEndpoints xmi:id="NamedEndPoint_1535536835615" endPointName="DCS_UNICAST_ADDRESS">
      <endPoint xmi:id="EndPoint_1535536835611" host="*" port="16003"/>
    </specialEndpoints>
    <specialEndpoints xmi:id="NamedEndPoint_1535536835609" endPointName="NODE_DISCOVERY_ADDRESS">
      <endPoint xmi:id="EndPoint_1535536835612" host="websphere85nd" port="16004"/>
    </specialEndpoints>
    <specialEndpoints xmi:id="NamedEndPoint_1535536835610" endPointName="NODE_IPV6_MULTICAST_DISCOVERY_ADDRESS">
      <endPoint xmi:id="EndPoint_1535536835613" host="ff01::1" port="16005"/>
    </specialEndpoints>
    <specialEndpoints xmi:id="NamedEndPoint_1535536835611" endPointName="NODE_MULTICAST_DISCOVERY_ADDRESS">
      <endPoint xmi:id="EndPoint_1535536835614" host="232.133.104.73" port="16006"/>
    </specialEndpoints>
    <specialEndpoints xmi:id="NamedEndPoint_1535536835612" endPointName="ORB_LISTENER_ADDRESS">
      <endPoint xmi:id="EndPoint_1535536835615" host="websphere85nd" port="16007"/>
    </specialEndpoints>
    <specialEndpoints xmi:id="NamedEndPoint_1535536835613" endPointName="SAS_SSL_SERVERAUTH_LISTENER_ADDRESS">
      <endPoint xmi:id="EndPoint_1535536835616" host="websphere85nd" port="16008"/>
    </specialEndpoints>
    <specialEndpoints xmi:id="NamedEndPoint_1535536835616" endPointName="SOAP_CONNECTOR_ADDRESS">
      <endPoint xmi:id="EndPoint_1535536835617" host="websphere85nd" port="16009"/>
    </specialEndpoints>
    <specialEndpoints xmi:id="NamedEndPoint_1535536835617" endPointName="IPC_CONNECTOR_ADDRESS">
      <endPoint xmi:id="EndPoint_1535536835618" host="localhost" port="16010"/>
    </specialEndpoints>
    <specialEndpoints xmi:id="NamedEndPoint_1535536835618" endPointName="XDAGENT_PORT">
      <endPoint xmi:id="EndPoint_1535536835619" host="websphere85nd" port="16011"/>
    </specialEndpoints>
    <specialEndpoints xmi:id="NamedEndPoint_1535536835619" endPointName="OVERLAY_TCP_LISTENER_ADDRESS">
      <endPoint xmi:id="EndPoint_1535536835620" host="websphere85nd" port="16012"/>
    </specialEndpoints>
    <specialEndpoints xmi:id="NamedEndPoint_1535536835620" endPointName="OVERLAY_UDP_LISTENER_ADDRESS">
      <endPoint xmi:id="EndPoint_1535536835621" host="websphere85nd" port="16013"/>
    </specialEndpoints>
  </serverEntries>
  <serverEntries xmi:id="ServerEntry_1535547127693" serverName="server2" serverType="APPLICATION_SERVER">
    <deployedApplications>commsvc.ear/deployments/commsvc</deployedApplications>
    <deployedApplications>ibmasyncrsp.ear/deployments/ibmasyncrsp</deployedApplications>
    <specialEndpoints xmi:id="NamedEndPoint_1535547127693" endPointName="BOOTSTRAP_ADDRESS">
      <endPoint xmi:id="EndPoint_1535547127693" host="websphere85nd" port="9813"/>
    </specialEndpoints>
    <specialEndpoints xmi:id="NamedEndPoint_1535547127694" endPointName="SOAP_CONNECTOR_ADDRESS">
      <endPoint xmi:id="EndPoint_1535547127694" host="websphere85nd" port="8883"/>
    </specialEndpoints>
    <specialEndpoints xmi:id="NamedEndPoint_1535547127695" endPointName="ORB_LISTENER_ADDRESS">
      <endPoint xmi:id="EndPoint_1535547127695" host="websphere85nd" port="9104"/>
    </specialEndpoints>
    <specialEndpoints xmi:id="NamedEndPoint_1535547127696" endPointName="SAS_SSL_SERVERAUTH_LISTENER_ADDRESS">
      <endPoint xmi:id="EndPoint_1535547127696" host="websphere85nd" port="9412"/>
    </specialEndpoints>
    <specialEndpoints xmi:id="NamedEndPoint_1535547127697" endPointName="CSIV2_SSL_SERVERAUTH_LISTENER_ADDRESS">
      <endPoint xmi:id="EndPoint_1535547127697" host="websphere85nd" port="9413"/>
    </specialEndpoints>
    <specialEndpoints xmi:id="NamedEndPoint_1535547127698" endPointName="CSIV2_SSL_MUTUALAUTH_LISTENER_ADDRESS">
      <endPoint xmi:id="EndPoint_1535547127698" host="websphere85nd" port="9414"/>
    </specialEndpoints>
    <specialEndpoints xmi:id="NamedEndPoint_1535547127699" endPointName="WC_adminhost">
      <endPoint xmi:id="EndPoint_1535547127699" host="*" port="9064"/>
    </specialEndpoints>
    <specialEndpoints xmi:id="NamedEndPoint_1535547127700" endPointName="WC_defaulthost">
      <endPoint xmi:id="EndPoint_1535547127700" host="*" port="9083"/>
    </specialEndpoints>
    <specialEndpoints xmi:id="NamedEndPoint_1535547127701" endPointName="DCS_UNICAST_ADDRESS">
      <endPoint xmi:id="EndPoint_1535547127701" host="*" port="9356"/>
    </specialEndpoints>
    <specialEndpoints xmi:id="NamedEndPoint_1535547127702" endPointName="WC_adminhost_secure">
      <endPoint xmi:id="EndPoint_1535547127702" host="*" port="9047"/>
    </specialEndpoints>
    <specialEndpoints xmi:id="NamedEndPoint_1535547127703" endPointName="WC_defaulthost_secure">
      <endPoint xmi:id="EndPoint_1535547127703" host="*" port="9446"/>
    </specialEndpoints>
    <specialEndpoints xmi:id="NamedEndPoint_1535547127704" endPointName="SIP_DEFAULTHOST">
      <endPoint xmi:id="EndPoint_1535547127704" host="*" port="5064"/>
    </specialEndpoints>
    <specialEndpoints xmi:id="NamedEndPoint_1535547127705" endPointName="SIP_DEFAULTHOST_SECURE">
      <endPoint xmi:id="EndPoint_1535547127705" host="*" port="5065"/>
    </specialEndpoints>
    <specialEndpoints xmi:id="NamedEndPoint_1535547127706" endPointName="OVERLAY_UDP_LISTENER_ADDRESS">
      <endPoint xmi:id="EndPoint_1535547127706" host="*" port="11010"/>
    </specialEndpoints>
    <specialEndpoints xmi:id="NamedEndPoint_1535547127707" endPointName="OVERLAY_TCP_LISTENER_ADDRESS">
      <endPoint xmi:id="EndPoint_1535547127707" host="*" port="11011"/>
    </specialEndpoints>
    <specialEndpoints xmi:id="NamedEndPoint_1535547127708" endPointName="IPC_CONNECTOR_ADDRESS">
      <endPoint xmi:id="EndPoint_1535547127708" host="localhost" port="9636"/>
    </specialEndpoints>
    <specialEndpoints xmi:id="NamedEndPoint_1535547127709" endPointName="SIB_ENDPOINT_ADDRESS">
      <endPoint xmi:id="EndPoint_1535547127709" host="*" port="7279"/>
    </specialEndpoints>
    <specialEndpoints xmi:id="NamedEndPoint_1535547127710" endPointName="SIB_ENDPOINT_SECURE_ADDRESS">
      <endPoint xmi:id="EndPoint_1535547127710" host="*" port="7288"/>
    </specialEndpoints>
    <specialEndpoints xmi:id="NamedEndPoint_1535547127711" endPointName="SIB_MQ_ENDPOINT_ADDRESS">
      <endPoint xmi:id="EndPoint_1535547127711" host="*" port="5560"/>
    </specialEndpoints>
    <specialEndpoints xmi:id="NamedEndPoint_1535547127712" endPointName="SIB_MQ_ENDPOINT_SECURE_ADDRESS">
      <endPoint xmi:id="EndPoint_1535547127712" host="*" port="5580"/>
    </specialEndpoints>
  </serverEntries>
</serverindex:ServerIndex>
