<?xml version="1.0" encoding="UTF-8"?><web-app>
<!--Auto-generated by WebSphere batch compiler @ Wed Jun 11 23:53:53 CDT 2008-->
	<servlet>
		<servlet-name>_ibmjsp._about</servlet-name>
		<servlet-class>_ibmjsp._about</servlet-class>
	</servlet>
	<servlet>
		<servlet-name>_ibmjsp._mytask</servlet-name>
		<servlet-class>_ibmjsp._mytask</servlet-class>
	</servlet>
	<servlet>
		<servlet-name>_ibmjsp._welcome</servlet-name>
		<servlet-class>_ibmjsp._welcome</servlet-class>
	</servlet>
	<servlet>
		<servlet-name>_ibmjsp._consoleIdentity</servlet-name>
		<servlet-class>_ibmjsp._consoleIdentity</servlet-class>
	</servlet>
	<servlet-mapping>
		<servlet-name>_ibmjsp._about</servlet-name>
		<url-pattern>/about.jsp</url-pattern>
	</servlet-mapping>
	<servlet-mapping>
		<servlet-name>_ibmjsp._mytask</servlet-name>
		<url-pattern>/mytask.jsp</url-pattern>
	</servlet-mapping>
	<servlet-mapping>
		<servlet-name>_ibmjsp._welcome</servlet-name>
		<url-pattern>/welcome.jsp</url-pattern>
	</servlet-mapping>
	<servlet-mapping>
		<servlet-name>_ibmjsp._consoleIdentity</servlet-name>
		<url-pattern>/consoleIdentity.jsp</url-pattern>
	</servlet-mapping>
</web-app>