<?xml version="1.0" encoding="UTF-8"?>
<middlewaredescriptors:MiddlewareDescriptor xmi:version="2.0" xmlns:xmi="http://www.omg.org/XMI" xmlns:middlewaredescriptors="http://www.ibm.com/websphere/appserver/schemas/6.1/middlewaredescriptors.xmi" xmi:id="MiddlewareDescriptor_1534519724777" name="apacheWebServerRuntime" discoveryInterval="4" discoveryIntervalUnits="2" discoverySupported="true">
  <versionDescriptors xmi:id="MiddlewareVersionDescriptor_1534519724778" version="default">
    <versionDescriptor xmi:id="DescriptivePropertyGroup_1534519724779" name="versionDescriptor">
      <propertyGroups xmi:id="DescriptivePropertyGroup_1534519724780" name="install.locations">
        <properties xmi:id="DiscoverableDescriptiveProperty_1534519724783" name="win.install.loc" value="C:\\Program Files\\Apache Group\\Apache;C:\\Program Files\\Apache Group\\Apache2;C:\\Program Files\\Apache Software Foundation\\Apache2.2;C:\\Program Files (x86)\\Apache Group\\Apache;C:\\Program Files (x86)\\Apache Group\\Apache2;C:\\Program Files (x86)\\Apache Software Foundation\\Apache2.2" required="true" type="String" range="" inclusive="false">
          <descriptor xmi:id="DisplayDescriptor_1534519724784" displayNameKey="win.install.loc" displayDescriptionKey="win.install.loc.desc" firstClass="true" hoverHelpKey="win.install.loc.help"/>
        </properties>
        <properties xmi:id="DiscoverableDescriptiveProperty_1534519724786" name="unix.install.loc" value="/usr/local/apache:/usr/local/apache2:/www" required="true" type="String" range="" inclusive="false">
          <descriptor xmi:id="DisplayDescriptor_1534519724787" displayNameKey="unix.install.loc" displayDescriptionKey="unix.install.loc.desc" firstClass="true" hoverHelpKey="unix.install.loc.help"/>
        </properties>
        <descriptor xmi:id="DisplayDescriptor_1534519724782" displayNameKey="apacheWebServerRuntime.install.locations" displayDescriptionKey="apacheWebServerRuntime.install.locations.desc" firstClass="true"/>
      </propertyGroups>
      <propertyGroups xmi:id="DescriptivePropertyGroup_1534519724788" name="timeOutGroup">
        <properties xmi:id="DiscoverableDescriptiveProperty_1534519724790" name="startTimeOutValue" value="300000" required="true" type="String" range="" inclusive="false">
          <descriptor xmi:id="DisplayDescriptor_1534519724791" displayNameKey="startTimeOutValue" firstClass="true" hoverHelpKey="startTimeOutValue.desc"/>
        </properties>
        <properties xmi:id="DiscoverableDescriptiveProperty_1534519724792" name="stopTimeOutValue" value="300000" required="true" type="String" range="" inclusive="false">
          <descriptor xmi:id="DisplayDescriptor_1534519724793" displayNameKey="stopTimeOutValue" firstClass="true" hoverHelpKey="stopTimeOutValue.desc"/>
        </properties>
        <descriptor xmi:id="DisplayDescriptor_1534519724789" displayNameKey="timeOutGroup" displayDescriptionKey="timeOutGroup.desc" firstClass="true"/>
      </propertyGroups>
    </versionDescriptor>
  </versionDescriptors>
</middlewaredescriptors:MiddlewareDescriptor>
