<catalog xmlns="urn:oasis:names:tc:entity:xmlns:xml:catalog"> 
       
  <!-- This catalog entry file describes mappings from 'real world' standards related files 
       which can normally be found on the web to local copies which are stored in the WAS
       config for use by the WSN outbound client. -->
       
  <!-- WS-Notification files -->
       
  <system systemId="http://docs.oasis-open.org/wsn/bw-2.wsdl"
       uri="wsdl/bw-2.wsdl" />

  <system systemId="http://docs.oasis-open.org/wsn/brw-2.wsdl"
       uri="wsdl/brw-2.wsdl" />

  <system systemId="http://docs.oasis-open.org/wsn/b-2.xsd"
       uri="wsdl/b-2.xsd" />

  <system systemId="http://docs.oasis-open.org/wsn/br-2.xsd"
       uri="wsdl/br-2.xsd" />

  <system systemId="http://docs.oasis-open.org/wsn/t-1.xsd" 
       uri="wsdl/t-1.xsd" />

  <!-- WS-ResourceFramework -->

  <system systemId="http://docs.oasis-open.org/wsrf/bfw-2.wsdl"
       uri="wsdl/bfw-2.wsdl" />         
                 
  <system systemId="http://docs.oasis-open.org/wsrf/rw-2.wsdl"
       uri="wsdl/rw-2.wsdl" />

  <system systemId="http://docs.oasis-open.org/wsrf/rpw-2.wsdl"
       uri="wsdl/rpw-2.wsdl" />

  <system systemId="http://docs.oasis-open.org/wsrf/rlw-2.wsdl"
       uri="wsdl/rlw-2.wsdl" />

  <system systemId="http://docs.oasis-open.org/wsrf/bf-2.xsd"
       uri="wsdl/bf-2.xsd" />

  <system systemId="http://docs.oasis-open.org/wsrf/r-2.xsd"
       uri="wsdl/r-2.xsd" />

  <system systemId="http://docs.oasis-open.org/wsrf/rp-2.xsd"
       uri="wsdl/rp-2.xsd" />

  <system systemId="http://docs.oasis-open.org/wsrf/rl-2.xsd"
       uri="wsdl/rl-2.xsd" />

  <!-- WS-Addressing -->

  <system systemId="http://www.w3.org/2005/08/addressing/ws-addr.xsd"
       uri="wsdl/ws-addr.xsd" />
              
  <!-- XML -->
              
  <system systemId="http://www.w3.org/2001/xml.xsd"
       uri="wsdl/xml.xsd" />

  <system systemId="http://www.w3.org/2001/XMLSchema.dtd"
       uri="wsdl/XMLSchema.dtd" />
       
  <system systemId="http://www.w3.org/2001/datatypes.dtd"
       uri="wsdl/datatypes.dtd" />
       
</catalog>