<?xml version="1.0" encoding="UTF-8"?>
<namespace-transforms>
   <modify>
    <xmlns-source>http://www.ibm.com/websphere/appserver/schemas/6.0/rolebasedauthz.xmi</xmlns-source>
    <xmlns-result>http://www.ibm.com/websphere/appserver/schemas/5.0/rolebasedauthz.xmi</xmlns-result>  
  </modify>
  <modify>
    <xmlns-source>http://www.ibm.com/websphere/appserver/schemas/6.0/security.xmi</xmlns-source>
    <xmlns-result>http://www.ibm.com/websphere/appserver/schemas/5.0/security.xmi</xmlns-result>  
  </modify>
  <modify>
    <xmlns-source>http://www.ibm.com/websphere/appserver/schemas/6.0/resources.jms.xmi</xmlns-source>
    <xmlns-result>http://www.ibm.com/websphere/appserver/schemas/5.0/resources.jms.xmi</xmlns-result>
  </modify>
  <modify>
    <xmlns-source>http://www.ibm.com/websphere/appserver/schemas/6.0/resources.j2c.xmi</xmlns-source>
    <xmlns-result>http://www.ibm.com/websphere/appserver/schemas/5.0/resources.j2c.xmi</xmlns-result>  
  </modify>
  <modify>
    <xmlns-source>http://www.ibm.com/websphere/appserver/schemas/6.0/resources.mail.xmi</xmlns-source>
    <xmlns-result>http://www.ibm.com/websphere/appserver/schemas/5.0/resources.mail.xmi</xmlns-result>  
  </modify>
  <modify>
    <xmlns-source>http://www.ibm.com/websphere/appserver/schemas/6.0/scheduler.xmi</xmlns-source>
    <xmlns-result>http://www.ibm.com/websphere/appserver/schemas/5.0/scheduler.xmi</xmlns-result>
  </modify>
  <modify>
    <xmlns-source>http://www.ibm.com/websphere/appserver/schemas/6.0/applicationserver.xmi</xmlns-source>
    <xmlns-result>http://www.ibm.com/websphere/appserver/schemas/5.0/applicationserver.xmi</xmlns-result>  
  </modify>
  <modify>
    <xmlns-source>http://www.ibm.com/websphere/appserver/schemas/6.0/applicationserver.ejbcontainer.messagelistener.xmi</xmlns-source>
    <xmlns-result>http://www.ibm.com/websphere/appserver/schemas/5.0/applicationserver.ejbcontainer.messagelistener.xmi</xmlns-result>  
  </modify>
  <modify>
    <xmlns-source>http://www.ibm.com/websphere/appserver/schemas/6.0/applicationserver.ejbcontainer.xmi</xmlns-source>
    <xmlns-result>http://www.ibm.com/websphere/appserver/schemas/5.0/applicationserver.ejbcontainer.xmi</xmlns-result>  
  </modify>
  <modify>
    <xmlns-source>http://www.ibm.com/websphere/appserver/schemas/6.0/pmiservice.xmi</xmlns-source>
    <xmlns-result>http://www.ibm.com/websphere/appserver/schemas/5.0/pmiservice.xmi</xmlns-result>  
  </modify>
  <modify>
    <xmlns-source>http://www.ibm.com/websphere/appserver/schemas/6.0/process.xmi</xmlns-source>
    <xmlns-result>http://www.ibm.com/websphere/appserver/schemas/5.0/process.xmi</xmlns-result>
  </modify>
  <modify>
    <xmlns-source>http://www.ibm.com/websphere/appserver/schemas/6.0/processexec.xmi</xmlns-source>
    <xmlns-result>http://www.ibm.com/websphere/appserver/schemas/5.0/processexec.xmi</xmlns-result>  
  </modify>
  <modify>
    <xmlns-source>http://www.ibm.com/websphere/appserver/schemas/6.0/serverindex.xmi</xmlns-source>
    <xmlns-result>http://www.ibm.com/websphere/appserver/schemas/5.0/serverindex.xmi</xmlns-result>  
  </modify>
  <modify>
    <xmlns-source>http://www.ibm.com/websphere/appserver/schemas/6.0/appdeployment.xmi</xmlns-source>
    <xmlns-result>http://www.ibm.com/websphere/appserver/schemas/5.0/appdeployment.xmi</xmlns-result>  
  </modify>
  <modify>
    <xmlns-source>http://www.ibm.com/websphere/appserver/schemas/6.0/topology.cell.xmi</xmlns-source>
    <xmlns-result>http://www.ibm.com/websphere/appserver/schemas/5.0/topology.cell.xmi</xmlns-result>
  </modify>
  <modify>
    <xmlns-source>http://www.ibm.com/websphere/appserver/schemas/6.0/topology.node.xmi</xmlns-source>
    <xmlns-result>http://www.ibm.com/websphere/appserver/schemas/5.0/topology.node.xmi</xmlns-result>
  </modify>
  <modify>
    <xmlns-source>http://www.ibm.com/websphere/appserver/schemas/6.0/topology.cluster.xmi</xmlns-source>
    <xmlns-result>http://www.ibm.com/websphere/appserver/schemas/5.0/topology.cluster.xmi</xmlns-result>  
  </modify>
</namespace-transforms>
