<?xml version="1.0" encoding="UTF-8"?>
<appdeployment:Deployment xmi:version="2.0" xmlns:xmi="http://www.omg.org/XMI" xmlns:appdeployment="http://www.ibm.com/websphere/appserver/schemas/5.0/appdeployment.xmi" xmi:id="Deployment_1535536873313">
  <deployedObject xmi:type="appdeployment:ApplicationDeployment" xmi:id="ApplicationDeployment_1535536873313" deploymentId="0" startingWeight="1" binariesURL="${WAS_INSTALL_ROOT}/systemApps/${ARS_NAME}" useMetadataFromBinaries="false" enableDistribution="false" createMBeansForResources="true" reloadEnabled="false" appContextIDForSecurity="href:websphere80ndCell01/ibmasyncrsp" zeroEarCopy="true" filePermission=".*\.dll=755#.*\.so=755#.*\.a=755#.*\.sl=755" allowDispatchRemoteInclude="false" allowServiceRemoteInclude="false" asyncRequestDispatchType="DISABLED" standaloneModule="false" enableClientModule="false">
    <targetMappings xmi:id="DeploymentTargetMapping_1535536873313" enable="true" target="ServerTarget_1535536873313"/>
    <targetMappings xmi:id="DeploymentTargetMapping_1535541025008" enable="true" target="ServerTarget_1535541025008"/>
    <targetMappings xmi:id="DeploymentTargetMapping_1535543335249" enable="true" target="ServerTarget_1535543335249"/>
    <targetMappings xmi:id="DeploymentTargetMapping_1535543387143" enable="true" target="ServerTarget_1535543387143"/>
    <classloader xmi:id="Classloader_1535536873313" mode="PARENT_FIRST"/>
    <modules xmi:type="appdeployment:WebModuleDeployment" xmi:id="WebModuleDeployment_1535536873313" deploymentId="1" startingWeight="10000" uri="ibmasyncrsp.war" containsEJBContent="0">
      <targetMappings xmi:id="DeploymentTargetMapping_1535536873314" target="ServerTarget_1535536873313"/>
      <targetMappings xmi:id="DeploymentTargetMapping_1535541025009" target="ServerTarget_1535541025008"/>
      <targetMappings xmi:id="DeploymentTargetMapping_1535543335250" target="ServerTarget_1535543335249"/>
      <targetMappings xmi:id="DeploymentTargetMapping_1535543387144" target="ServerTarget_1535543387143"/>
      <classloader xmi:id="Classloader_1535536873314"/>
    </modules>
    <properties xmi:id="Property_1535536873313" name="metadata.complete" value="true"/>
  </deployedObject>
  <deploymentTargets xmi:type="appdeployment:ServerTarget" xmi:id="ServerTarget_1535536873313" name="server1" nodeName="websphere80ndNode01"/>
  <deploymentTargets xmi:type="appdeployment:ServerTarget" xmi:id="ServerTarget_1535541025008" name="server2" nodeName="websphere80ndNode01"/>
  <deploymentTargets xmi:type="appdeployment:ServerTarget" xmi:id="ServerTarget_1535543335249" name="server1" nodeName="websphere80ndNode02"/>
  <deploymentTargets xmi:type="appdeployment:ServerTarget" xmi:id="ServerTarget_1535543387143" name="server3" nodeName="websphere80ndNode02"/>
</appdeployment:Deployment>
