<?xml version="1.0" encoding="UTF-8"?>
<serverindex:ServerIndex xmi:version="2.0" xmlns:xmi="http://www.omg.org/XMI" xmlns:serverindex="http://www.ibm.com/websphere/appserver/schemas/5.0/serverindex.xmi" xmi:id="ServerIndex_1" hostName="websphere80nd" endPointRefs="NamedEndPoint_1535536867864 NamedEndPoint_1535536867865 NamedEndPoint_1535536867866 NamedEndPoint_1535536867867 NamedEndPoint_1535536867868 NamedEndPoint_1535536867869 NamedEndPoint_1535536867870">
  <serverEntries xmi:id="ServerEntry_1183122129640" serverName="server1" serverType="APPLICATION_SERVER">
    <deployedApplications>commsvc.ear/deployments/commsvc</deployedApplications>
    <deployedApplications>ibmasyncrsp.ear/deployments/ibmasyncrsp</deployedApplications>
    <specialEndpoints xmi:id="NamedEndPoint_1183122129640" endPointName="BOOTSTRAP_ADDRESS">
      <endPoint xmi:id="EndPoint_1183122129640" host="websphere80nd" port="9810"/>
    </specialEndpoints>
    <specialEndpoints xmi:id="NamedEndPoint_1183122129641" endPointName="SOAP_CONNECTOR_ADDRESS">
      <endPoint xmi:id="EndPoint_1183122129641" host="websphere80nd" port="8880"/>
    </specialEndpoints>
    <specialEndpoints xmi:id="NamedEndPoint_1183122129642" endPointName="ORB_LISTENER_ADDRESS">
      <endPoint xmi:id="EndPoint_1183122129642" host="websphere80nd" port="9101"/>
    </specialEndpoints>
    <specialEndpoints xmi:id="NamedEndPoint_1183122129643" endPointName="SAS_SSL_SERVERAUTH_LISTENER_ADDRESS">
      <endPoint xmi:id="EndPoint_1183122129643" host="websphere80nd" port="9406"/>
    </specialEndpoints>
    <specialEndpoints xmi:id="NamedEndPoint_1183122129644" endPointName="CSIV2_SSL_SERVERAUTH_LISTENER_ADDRESS">
      <endPoint xmi:id="EndPoint_1183122129644" host="websphere80nd" port="9405"/>
    </specialEndpoints>
    <specialEndpoints xmi:id="NamedEndPoint_1183122129645" endPointName="CSIV2_SSL_MUTUALAUTH_LISTENER_ADDRESS">
      <endPoint xmi:id="EndPoint_1183122129645" host="websphere80nd" port="9404"/>
    </specialEndpoints>
    <specialEndpoints xmi:id="NamedEndPoint_1183122129646" endPointName="WC_adminhost">
      <endPoint xmi:id="EndPoint_1183122129646" host="*" port="9061"/>
    </specialEndpoints>
    <specialEndpoints xmi:id="NamedEndPoint_1183122129647" endPointName="WC_defaulthost">
      <endPoint xmi:id="EndPoint_1183122129647" host="*" port="9080"/>
    </specialEndpoints>
    <specialEndpoints xmi:id="NamedEndPoint_1183122129648" endPointName="DCS_UNICAST_ADDRESS">
      <endPoint xmi:id="EndPoint_1183122129648" host="*" port="9353"/>
    </specialEndpoints>
    <specialEndpoints xmi:id="NamedEndPoint_1183122129649" endPointName="WC_adminhost_secure">
      <endPoint xmi:id="EndPoint_1183122129649" host="*" port="9044"/>
    </specialEndpoints>
    <specialEndpoints xmi:id="NamedEndPoint_1183122129650" endPointName="WC_defaulthost_secure">
      <endPoint xmi:id="EndPoint_1183122129650" host="*" port="9443"/>
    </specialEndpoints>
    <specialEndpoints xmi:id="NamedEndPoint_1183122129651" endPointName="SIP_DEFAULTHOST">
      <endPoint xmi:id="EndPoint_1183122129651" host="*" port="5060"/>
    </specialEndpoints>
    <specialEndpoints xmi:id="NamedEndPoint_1183122129652" endPointName="SIP_DEFAULTHOST_SECURE">
      <endPoint xmi:id="EndPoint_1183122129652" host="*" port="5061"/>
    </specialEndpoints>
    <specialEndpoints xmi:id="NamedEndPoint_1183122129653" endPointName="SIB_ENDPOINT_ADDRESS">
      <endPoint xmi:id="EndPoint_1535536763524" host="*" port="7276"/>
    </specialEndpoints>
    <specialEndpoints xmi:id="NamedEndPoint_1183122129654" endPointName="SIB_ENDPOINT_SECURE_ADDRESS">
      <endPoint xmi:id="EndPoint_1535536763526" host="*" port="7286"/>
    </specialEndpoints>
    <specialEndpoints xmi:id="NamedEndPoint_1183122129655" endPointName="SIB_MQ_ENDPOINT_ADDRESS">
      <endPoint xmi:id="EndPoint_1535536763527" host="*" port="5558"/>
    </specialEndpoints>
    <specialEndpoints xmi:id="NamedEndPoint_1183122129656" endPointName="SIB_MQ_ENDPOINT_SECURE_ADDRESS">
      <endPoint xmi:id="EndPoint_1535536763529" host="*" port="5578"/>
    </specialEndpoints>
    <specialEndpoints xmi:id="NamedEndPoint_1183122129657" endPointName="IPC_CONNECTOR_ADDRESS">
      <endPoint xmi:id="EndPoint_1183122129657" host="${LOCALHOST_NAME}" port="9633"/>
    </specialEndpoints>
  </serverEntries>
  <serverEntries xmi:id="ServerEntry_1535536867866" serverDisplayName="nodeagent" serverName="nodeagent" serverType="NODE_AGENT">
    <specialEndpoints xmi:id="NamedEndPoint_1535536867871" endPointName="BOOTSTRAP_ADDRESS">
      <endPoint xmi:id="EndPoint_1535536867866" host="websphere80nd" port="16000"/>
    </specialEndpoints>
    <specialEndpoints xmi:id="NamedEndPoint_1535536867864" endPointName="CSIV2_SSL_MUTUALAUTH_LISTENER_ADDRESS">
      <endPoint xmi:id="EndPoint_1535536867867" host="websphere80nd" port="16001"/>
    </specialEndpoints>
    <specialEndpoints xmi:id="NamedEndPoint_1535536867865" endPointName="CSIV2_SSL_SERVERAUTH_LISTENER_ADDRESS">
      <endPoint xmi:id="EndPoint_1535536867868" host="websphere80nd" port="16002"/>
    </specialEndpoints>
    <specialEndpoints xmi:id="NamedEndPoint_1535536867872" endPointName="DCS_UNICAST_ADDRESS">
      <endPoint xmi:id="EndPoint_1535536867869" host="*" port="16003"/>
    </specialEndpoints>
    <specialEndpoints xmi:id="NamedEndPoint_1535536867866" endPointName="NODE_DISCOVERY_ADDRESS">
      <endPoint xmi:id="EndPoint_1535536867870" host="websphere80nd" port="16004"/>
    </specialEndpoints>
    <specialEndpoints xmi:id="NamedEndPoint_1535536867867" endPointName="NODE_IPV6_MULTICAST_DISCOVERY_ADDRESS">
      <endPoint xmi:id="EndPoint_1535536867871" host="ff01::1" port="16005"/>
    </specialEndpoints>
    <specialEndpoints xmi:id="NamedEndPoint_1535536867868" endPointName="NODE_MULTICAST_DISCOVERY_ADDRESS">
      <endPoint xmi:id="EndPoint_1535536867872" host="232.133.104.73" port="16006"/>
    </specialEndpoints>
    <specialEndpoints xmi:id="NamedEndPoint_1535536867869" endPointName="ORB_LISTENER_ADDRESS">
      <endPoint xmi:id="EndPoint_1535536867873" host="websphere80nd" port="16007"/>
    </specialEndpoints>
    <specialEndpoints xmi:id="NamedEndPoint_1535536867870" endPointName="SAS_SSL_SERVERAUTH_LISTENER_ADDRESS">
      <endPoint xmi:id="EndPoint_1535536867874" host="websphere80nd" port="16008"/>
    </specialEndpoints>
    <specialEndpoints xmi:id="NamedEndPoint_1535536867873" endPointName="SOAP_CONNECTOR_ADDRESS">
      <endPoint xmi:id="EndPoint_1535536867875" host="websphere80nd" port="16009"/>
    </specialEndpoints>
    <specialEndpoints xmi:id="NamedEndPoint_1535536867874" endPointName="IPC_CONNECTOR_ADDRESS">
      <endPoint xmi:id="EndPoint_1535536867876" host="localhost" port="16010"/>
    </specialEndpoints>
  </serverEntries>
  <serverEntries xmi:id="ServerEntry_1535541024648" serverName="server2" serverType="APPLICATION_SERVER">
    <deployedApplications>commsvc.ear/deployments/commsvc</deployedApplications>
    <deployedApplications>ibmasyncrsp.ear/deployments/ibmasyncrsp</deployedApplications>
    <specialEndpoints xmi:id="NamedEndPoint_1535541024648" endPointName="BOOTSTRAP_ADDRESS">
      <endPoint xmi:id="EndPoint_1535541024648" host="websphere80nd" port="9811"/>
    </specialEndpoints>
    <specialEndpoints xmi:id="NamedEndPoint_1535541024649" endPointName="SOAP_CONNECTOR_ADDRESS">
      <endPoint xmi:id="EndPoint_1535541024649" host="websphere80nd" port="8881"/>
    </specialEndpoints>
    <specialEndpoints xmi:id="NamedEndPoint_1535541024650" endPointName="ORB_LISTENER_ADDRESS">
      <endPoint xmi:id="EndPoint_1535541024650" host="websphere80nd" port="9102"/>
    </specialEndpoints>
    <specialEndpoints xmi:id="NamedEndPoint_1535541024651" endPointName="SAS_SSL_SERVERAUTH_LISTENER_ADDRESS">
      <endPoint xmi:id="EndPoint_1535541024651" host="websphere80nd" port="9407"/>
    </specialEndpoints>
    <specialEndpoints xmi:id="NamedEndPoint_1535541024652" endPointName="CSIV2_SSL_SERVERAUTH_LISTENER_ADDRESS">
      <endPoint xmi:id="EndPoint_1535541024652" host="websphere80nd" port="9408"/>
    </specialEndpoints>
    <specialEndpoints xmi:id="NamedEndPoint_1535541024653" endPointName="CSIV2_SSL_MUTUALAUTH_LISTENER_ADDRESS">
      <endPoint xmi:id="EndPoint_1535541024653" host="websphere80nd" port="9409"/>
    </specialEndpoints>
    <specialEndpoints xmi:id="NamedEndPoint_1535541024654" endPointName="WC_adminhost">
      <endPoint xmi:id="EndPoint_1535541024654" host="*" port="9062"/>
    </specialEndpoints>
    <specialEndpoints xmi:id="NamedEndPoint_1535541024655" endPointName="WC_defaulthost">
      <endPoint xmi:id="EndPoint_1535541024655" host="*" port="9081"/>
    </specialEndpoints>
    <specialEndpoints xmi:id="NamedEndPoint_1535541024656" endPointName="DCS_UNICAST_ADDRESS">
      <endPoint xmi:id="EndPoint_1535541024656" host="*" port="9354"/>
    </specialEndpoints>
    <specialEndpoints xmi:id="NamedEndPoint_1535541024657" endPointName="WC_adminhost_secure">
      <endPoint xmi:id="EndPoint_1535541024657" host="*" port="9045"/>
    </specialEndpoints>
    <specialEndpoints xmi:id="NamedEndPoint_1535541024658" endPointName="WC_defaulthost_secure">
      <endPoint xmi:id="EndPoint_1535541024658" host="*" port="9444"/>
    </specialEndpoints>
    <specialEndpoints xmi:id="NamedEndPoint_1535541024659" endPointName="SIP_DEFAULTHOST">
      <endPoint xmi:id="EndPoint_1535541024659" host="*" port="5062"/>
    </specialEndpoints>
    <specialEndpoints xmi:id="NamedEndPoint_1535541024660" endPointName="SIP_DEFAULTHOST_SECURE">
      <endPoint xmi:id="EndPoint_1535541024660" host="*" port="5063"/>
    </specialEndpoints>
    <specialEndpoints xmi:id="NamedEndPoint_1535541024661" endPointName="IPC_CONNECTOR_ADDRESS">
      <endPoint xmi:id="EndPoint_1535541024661" host="localhost" port="9634"/>
    </specialEndpoints>
    <specialEndpoints xmi:id="NamedEndPoint_1535541024662" endPointName="SIB_ENDPOINT_ADDRESS">
      <endPoint xmi:id="EndPoint_1535541024662" host="*" port="7278"/>
    </specialEndpoints>
    <specialEndpoints xmi:id="NamedEndPoint_1535541024663" endPointName="SIB_ENDPOINT_SECURE_ADDRESS">
      <endPoint xmi:id="EndPoint_1535541024663" host="*" port="7287"/>
    </specialEndpoints>
    <specialEndpoints xmi:id="NamedEndPoint_1535541024664" endPointName="SIB_MQ_ENDPOINT_ADDRESS">
      <endPoint xmi:id="EndPoint_1535541024664" host="*" port="5559"/>
    </specialEndpoints>
    <specialEndpoints xmi:id="NamedEndPoint_1535541024665" endPointName="SIB_MQ_ENDPOINT_SECURE_ADDRESS">
      <endPoint xmi:id="EndPoint_1535541024665" host="*" port="5579"/>
    </specialEndpoints>
  </serverEntries>
</serverindex:ServerIndex>
