<?xml version="1.0" encoding="UTF-8"?>
<middlewaredescriptors:MiddlewareDescriptor xmi:version="2.0" xmlns:xmi="http://www.omg.org/XMI" xmlns:middlewaredescriptors="http://www.ibm.com/websphere/appserver/schemas/6.1/middlewaredescriptors.xmi" xmi:id="MiddlewareDescriptor_1535536574182" name="phpRuntime" discoveryInterval="4" discoveryIntervalUnits="2" discoverySupported="true">
  <versionDescriptors xmi:id="MiddlewareVersionDescriptor_1535536574184" version="default">
    <versionDescriptor xmi:id="DescriptivePropertyGroup_1535536574184" name="versionDescriptor">
      <propertyGroups xmi:id="DescriptivePropertyGroup_1535536574185" name="install.locations">
        <properties xmi:id="DiscoverableDescriptiveProperty_1535536574191" name="win.install.loc" value="C:\\PHP" required="true" type="String" range="" inclusive="false">
          <descriptor xmi:id="DisplayDescriptor_1535536574192" displayNameKey="win.install.loc" displayDescriptionKey="win.install.loc.desc" firstClass="true" hoverHelpKey="win.install.loc.help"/>
        </properties>
        <properties xmi:id="DiscoverableDescriptiveProperty_1535536574193" name="unix.install.loc" value="/usr/local" required="true" type="String" range="" inclusive="false">
          <descriptor xmi:id="DisplayDescriptor_1535536574194" displayNameKey="unix.install.loc" displayDescriptionKey="unix.install.loc.desc" firstClass="true" hoverHelpKey="unix.install.loc.help"/>
        </properties>
        <descriptor xmi:id="DisplayDescriptor_1535536574190" displayNameKey="phpRuntime.install.locations" displayDescriptionKey="phpRuntime.install.locations.desc" firstClass="true"/>
      </propertyGroups>
      <propertyGroups xmi:id="DescriptivePropertyGroup_1535536574195" name="timeOutGroup">
        <properties xmi:id="DiscoverableDescriptiveProperty_1535536574203" name="startTimeOutValue" value="300000" required="true" type="String" range="" inclusive="false">
          <descriptor xmi:id="DisplayDescriptor_1535536574204" displayNameKey="startTimeOutValue" firstClass="true" hoverHelpKey="startTimeOutValue.desc"/>
        </properties>
        <properties xmi:id="DiscoverableDescriptiveProperty_1535536574205" name="stopTimeOutValue" value="300000" required="true" type="String" range="" inclusive="false">
          <descriptor xmi:id="DisplayDescriptor_1535536574207" displayNameKey="stopTimeOutValue" firstClass="true" hoverHelpKey="stopTimeOutValue.desc"/>
        </properties>
        <descriptor xmi:id="DisplayDescriptor_1535536574200" displayNameKey="timeOutGroup" displayDescriptionKey="timeOutGroup.desc" firstClass="true"/>
      </propertyGroups>
    </versionDescriptor>
  </versionDescriptors>
</middlewaredescriptors:MiddlewareDescriptor>
