<?xml version="1.0" encoding="UTF-8"?>
<appdeployment:Deployment xmi:version="2.0" xmlns:xmi="http://www.omg.org/XMI" xmlns:appdeployment="http://www.ibm.com/websphere/appserver/schemas/5.0/appdeployment.xmi" xmi:id="Deployment_1228749623200">
  <deployedObject xmi:type="appdeployment:ApplicationDeployment" xmi:id="ApplicationDeployment_1228749623200" startingWeight="10" binariesURL="${WAS_INSTALL_ROOT}/systemApps/commsvc.ear" useMetadataFromBinaries="false" enableDistribution="false" warClassLoaderPolicy="SINGLE" createMBeansForResources="true" reloadEnabled="false" appContextIDForSecurity="href:websphere85ndCell01/commsvc" zeroEarCopy="true" filePermission=".*\.dll=755#.*\.so=755#.*\.a=755#.*\.sl=755" allowDispatchRemoteInclude="false" allowServiceRemoteInclude="false" asyncRequestDispatchType="DISABLED" standaloneModule="false" enableClientModule="false">
    <targetMappings xmi:id="DeploymentTargetMapping_1535536840457" enable="false" target="ServerTarget_1535536840457"/>
    <targetMappings xmi:id="DeploymentTargetMapping_1535546876676" enable="false" target="ServerTarget_1535546876676"/>
    <targetMappings xmi:id="DeploymentTargetMapping_1535547128004" enable="false" target="ServerTarget_1535547128004"/>
    <targetMappings xmi:id="DeploymentTargetMapping_1535547151384" enable="false" target="ServerTarget_1535547151384"/>
    <classloader xmi:id="Classloader_1228749623200" mode="PARENT_FIRST"/>
    <modules xmi:type="appdeployment:WebModuleDeployment" xmi:id="WebModuleDeployment_1228749623200" startingWeight="10000" uri="commsvc.rest.war" containsEJBContent="0">
      <targetMappings xmi:id="DeploymentTargetMapping_1535536840458" target="ServerTarget_1535536840457"/>
      <targetMappings xmi:id="DeploymentTargetMapping_1535546876677" target="ServerTarget_1535546876676"/>
      <targetMappings xmi:id="DeploymentTargetMapping_1535547128005" target="ServerTarget_1535547128004"/>
      <targetMappings xmi:id="DeploymentTargetMapping_1535547151385" target="ServerTarget_1535547151384"/>
      <classloader xmi:id="Classloader_1535536840457"/>
    </modules>
    <properties xmi:id="Property_1535536840457" name="metadata.complete" value="true"/>
  </deployedObject>
  <deploymentTargets xmi:type="appdeployment:ServerTarget" xmi:id="ServerTarget_1535536840457" name="server1" nodeName="websphere85ndNode01"/>
  <deploymentTargets xmi:type="appdeployment:ServerTarget" xmi:id="ServerTarget_1535546876676" name="server1" nodeName="websphere85ndNode02"/>
  <deploymentTargets xmi:type="appdeployment:ServerTarget" xmi:id="ServerTarget_1535547128004" name="server2" nodeName="websphere85ndNode01"/>
  <deploymentTargets xmi:type="appdeployment:ServerTarget" xmi:id="ServerTarget_1535547151384" name="server3" nodeName="websphere85ndNode02"/>
</appdeployment:Deployment>
