<?xml version="1.0" encoding="UTF-8"?>
<serverindex:ServerIndex xmi:version="2.0" xmlns:xmi="http://www.omg.org/XMI" xmlns:serverindex="http://www.ibm.com/websphere/appserver/schemas/5.0/serverindex.xmi" xmi:id="ServerIndex_1" hostName="websphere85nd" endPointRefs="NamedEndPoint_1535546875308 NamedEndPoint_1535546875309 NamedEndPoint_1535546875310 NamedEndPoint_1535546875311 NamedEndPoint_1535546875312 NamedEndPoint_1535546875313 NamedEndPoint_1535546875314">
  <serverEntries xmi:id="ServerEntry_1183122129640" serverName="server1" serverType="APPLICATION_SERVER">
    <deployedApplications>commsvc.ear/deployments/commsvc</deployedApplications>
    <deployedApplications>ibmasyncrsp.ear/deployments/ibmasyncrsp</deployedApplications>
    <specialEndpoints xmi:id="NamedEndPoint_1183122129640" endPointName="BOOTSTRAP_ADDRESS">
      <endPoint xmi:id="EndPoint_1183122129640" host="websphere85nd" port="9812"/>
    </specialEndpoints>
    <specialEndpoints xmi:id="NamedEndPoint_1183122129641" endPointName="SOAP_CONNECTOR_ADDRESS">
      <endPoint xmi:id="EndPoint_1183122129641" host="websphere85nd" port="8882"/>
    </specialEndpoints>
    <specialEndpoints xmi:id="NamedEndPoint_1183122129642" endPointName="ORB_LISTENER_ADDRESS">
      <endPoint xmi:id="EndPoint_1183122129642" host="websphere85nd" port="9103"/>
    </specialEndpoints>
    <specialEndpoints xmi:id="NamedEndPoint_1183122129643" endPointName="SAS_SSL_SERVERAUTH_LISTENER_ADDRESS">
      <endPoint xmi:id="EndPoint_1183122129643" host="websphere85nd" port="9411"/>
    </specialEndpoints>
    <specialEndpoints xmi:id="NamedEndPoint_1183122129644" endPointName="CSIV2_SSL_SERVERAUTH_LISTENER_ADDRESS">
      <endPoint xmi:id="EndPoint_1183122129644" host="websphere85nd" port="9410"/>
    </specialEndpoints>
    <specialEndpoints xmi:id="NamedEndPoint_1183122129645" endPointName="CSIV2_SSL_MUTUALAUTH_LISTENER_ADDRESS">
      <endPoint xmi:id="EndPoint_1183122129645" host="websphere85nd" port="9407"/>
    </specialEndpoints>
    <specialEndpoints xmi:id="NamedEndPoint_1183122129646" endPointName="WC_adminhost">
      <endPoint xmi:id="EndPoint_1183122129646" host="*" port="9063"/>
    </specialEndpoints>
    <specialEndpoints xmi:id="NamedEndPoint_1183122129647" endPointName="WC_defaulthost">
      <endPoint xmi:id="EndPoint_1183122129647" host="*" port="9082"/>
    </specialEndpoints>
    <specialEndpoints xmi:id="NamedEndPoint_1183122129648" endPointName="DCS_UNICAST_ADDRESS">
      <endPoint xmi:id="EndPoint_1183122129648" host="*" port="9355"/>
    </specialEndpoints>
    <specialEndpoints xmi:id="NamedEndPoint_1183122129649" endPointName="WC_adminhost_secure">
      <endPoint xmi:id="EndPoint_1183122129649" host="*" port="9046"/>
    </specialEndpoints>
    <specialEndpoints xmi:id="NamedEndPoint_1183122129650" endPointName="WC_defaulthost_secure">
      <endPoint xmi:id="EndPoint_1183122129650" host="*" port="9445"/>
    </specialEndpoints>
    <specialEndpoints xmi:id="NamedEndPoint_1183122129651" endPointName="SIP_DEFAULTHOST">
      <endPoint xmi:id="EndPoint_1183122129651" host="*" port="5063"/>
    </specialEndpoints>
    <specialEndpoints xmi:id="NamedEndPoint_1183122129652" endPointName="SIP_DEFAULTHOST_SECURE">
      <endPoint xmi:id="EndPoint_1183122129652" host="*" port="5062"/>
    </specialEndpoints>
    <specialEndpoints xmi:id="NamedEndPoint_1183122129653" endPointName="SIB_ENDPOINT_ADDRESS">
      <endPoint xmi:id="EndPoint_1535546625108" host="*" port="7278"/>
    </specialEndpoints>
    <specialEndpoints xmi:id="NamedEndPoint_1183122129654" endPointName="SIB_ENDPOINT_SECURE_ADDRESS">
      <endPoint xmi:id="EndPoint_1535546625109" host="*" port="7287"/>
    </specialEndpoints>
    <specialEndpoints xmi:id="NamedEndPoint_1183122129655" endPointName="SIB_MQ_ENDPOINT_ADDRESS">
      <endPoint xmi:id="EndPoint_1535546625111" host="*" port="5559"/>
    </specialEndpoints>
    <specialEndpoints xmi:id="NamedEndPoint_1183122129656" endPointName="SIB_MQ_ENDPOINT_SECURE_ADDRESS">
      <endPoint xmi:id="EndPoint_1535546625112" host="*" port="5579"/>
    </specialEndpoints>
    <specialEndpoints xmi:id="NamedEndPoint_1183122129657" endPointName="IPC_CONNECTOR_ADDRESS">
      <endPoint xmi:id="EndPoint_1183122129657" host="${LOCALHOST_NAME}" port="9635"/>
    </specialEndpoints>
    <specialEndpoints xmi:id="NamedEndPoint_1183122129658" endPointName="OVERLAY_UDP_LISTENER_ADDRESS">
      <endPoint xmi:id="EndPoint_1183122129658" host="*" port="11007"/>
    </specialEndpoints>
    <specialEndpoints xmi:id="NamedEndPoint_1183122129659" endPointName="OVERLAY_TCP_LISTENER_ADDRESS">
      <endPoint xmi:id="EndPoint_1183122129659" host="*" port="11009"/>
    </specialEndpoints>
  </serverEntries>
  <serverEntries xmi:id="ServerEntry_1535546875309" serverDisplayName="nodeagent" serverName="nodeagent" serverType="NODE_AGENT">
    <specialEndpoints xmi:id="NamedEndPoint_1535546875315" endPointName="BOOTSTRAP_ADDRESS">
      <endPoint xmi:id="EndPoint_1535546875310" host="websphere85nd" port="16000"/>
    </specialEndpoints>
    <specialEndpoints xmi:id="NamedEndPoint_1535546875308" endPointName="CSIV2_SSL_MUTUALAUTH_LISTENER_ADDRESS">
      <endPoint xmi:id="EndPoint_1535546875311" host="websphere85nd" port="16001"/>
    </specialEndpoints>
    <specialEndpoints xmi:id="NamedEndPoint_1535546875309" endPointName="CSIV2_SSL_SERVERAUTH_LISTENER_ADDRESS">
      <endPoint xmi:id="EndPoint_1535546875312" host="websphere85nd" port="16002"/>
    </specialEndpoints>
    <specialEndpoints xmi:id="NamedEndPoint_1535546875316" endPointName="DCS_UNICAST_ADDRESS">
      <endPoint xmi:id="EndPoint_1535546875313" host="*" port="16003"/>
    </specialEndpoints>
    <specialEndpoints xmi:id="NamedEndPoint_1535546875310" endPointName="NODE_DISCOVERY_ADDRESS">
      <endPoint xmi:id="EndPoint_1535546875314" host="websphere85nd" port="16004"/>
    </specialEndpoints>
    <specialEndpoints xmi:id="NamedEndPoint_1535546875311" endPointName="NODE_IPV6_MULTICAST_DISCOVERY_ADDRESS">
      <endPoint xmi:id="EndPoint_1535546875315" host="ff01::1" port="16005"/>
    </specialEndpoints>
    <specialEndpoints xmi:id="NamedEndPoint_1535546875312" endPointName="NODE_MULTICAST_DISCOVERY_ADDRESS">
      <endPoint xmi:id="EndPoint_1535546875316" host="232.133.104.73" port="16006"/>
    </specialEndpoints>
    <specialEndpoints xmi:id="NamedEndPoint_1535546875313" endPointName="ORB_LISTENER_ADDRESS">
      <endPoint xmi:id="EndPoint_1535546875317" host="websphere85nd" port="16007"/>
    </specialEndpoints>
    <specialEndpoints xmi:id="NamedEndPoint_1535546875314" endPointName="SAS_SSL_SERVERAUTH_LISTENER_ADDRESS">
      <endPoint xmi:id="EndPoint_1535546875318" host="websphere85nd" port="16008"/>
    </specialEndpoints>
    <specialEndpoints xmi:id="NamedEndPoint_1535546875317" endPointName="SOAP_CONNECTOR_ADDRESS">
      <endPoint xmi:id="EndPoint_1535546875319" host="websphere85nd" port="16009"/>
    </specialEndpoints>
    <specialEndpoints xmi:id="NamedEndPoint_1535546875318" endPointName="IPC_CONNECTOR_ADDRESS">
      <endPoint xmi:id="EndPoint_1535546875320" host="localhost" port="16010"/>
    </specialEndpoints>
    <specialEndpoints xmi:id="NamedEndPoint_1535546875319" endPointName="XDAGENT_PORT">
      <endPoint xmi:id="EndPoint_1535546875321" host="websphere85nd" port="16011"/>
    </specialEndpoints>
    <specialEndpoints xmi:id="NamedEndPoint_1535546875320" endPointName="OVERLAY_TCP_LISTENER_ADDRESS">
      <endPoint xmi:id="EndPoint_1535546875322" host="websphere85nd" port="16012"/>
    </specialEndpoints>
    <specialEndpoints xmi:id="NamedEndPoint_1535546875321" endPointName="OVERLAY_UDP_LISTENER_ADDRESS">
      <endPoint xmi:id="EndPoint_1535546875323" host="websphere85nd" port="16013"/>
    </specialEndpoints>
  </serverEntries>
  <serverEntries xmi:id="ServerEntry_1535547150947" serverName="server3" serverType="APPLICATION_SERVER">
    <deployedApplications>commsvc.ear/deployments/commsvc</deployedApplications>
    <deployedApplications>ibmasyncrsp.ear/deployments/ibmasyncrsp</deployedApplications>
    <specialEndpoints xmi:id="NamedEndPoint_1535547150947" endPointName="BOOTSTRAP_ADDRESS">
      <endPoint xmi:id="EndPoint_1535547150947" host="websphere85nd" port="9814"/>
    </specialEndpoints>
    <specialEndpoints xmi:id="NamedEndPoint_1535547150948" endPointName="SOAP_CONNECTOR_ADDRESS">
      <endPoint xmi:id="EndPoint_1535547150948" host="websphere85nd" port="8884"/>
    </specialEndpoints>
    <specialEndpoints xmi:id="NamedEndPoint_1535547150949" endPointName="ORB_LISTENER_ADDRESS">
      <endPoint xmi:id="EndPoint_1535547150949" host="websphere85nd" port="9105"/>
    </specialEndpoints>
    <specialEndpoints xmi:id="NamedEndPoint_1535547150950" endPointName="SAS_SSL_SERVERAUTH_LISTENER_ADDRESS">
      <endPoint xmi:id="EndPoint_1535547150950" host="websphere85nd" port="9415"/>
    </specialEndpoints>
    <specialEndpoints xmi:id="NamedEndPoint_1535547150951" endPointName="CSIV2_SSL_SERVERAUTH_LISTENER_ADDRESS">
      <endPoint xmi:id="EndPoint_1535547150951" host="websphere85nd" port="9416"/>
    </specialEndpoints>
    <specialEndpoints xmi:id="NamedEndPoint_1535547150952" endPointName="CSIV2_SSL_MUTUALAUTH_LISTENER_ADDRESS">
      <endPoint xmi:id="EndPoint_1535547150952" host="websphere85nd" port="9417"/>
    </specialEndpoints>
    <specialEndpoints xmi:id="NamedEndPoint_1535547150953" endPointName="WC_adminhost">
      <endPoint xmi:id="EndPoint_1535547150953" host="*" port="9065"/>
    </specialEndpoints>
    <specialEndpoints xmi:id="NamedEndPoint_1535547150954" endPointName="WC_defaulthost">
      <endPoint xmi:id="EndPoint_1535547150954" host="*" port="9084"/>
    </specialEndpoints>
    <specialEndpoints xmi:id="NamedEndPoint_1535547150955" endPointName="DCS_UNICAST_ADDRESS">
      <endPoint xmi:id="EndPoint_1535547150955" host="*" port="9357"/>
    </specialEndpoints>
    <specialEndpoints xmi:id="NamedEndPoint_1535547150956" endPointName="WC_adminhost_secure">
      <endPoint xmi:id="EndPoint_1535547150956" host="*" port="9048"/>
    </specialEndpoints>
    <specialEndpoints xmi:id="NamedEndPoint_1535547150957" endPointName="WC_defaulthost_secure">
      <endPoint xmi:id="EndPoint_1535547150957" host="*" port="9447"/>
    </specialEndpoints>
    <specialEndpoints xmi:id="NamedEndPoint_1535547150958" endPointName="SIP_DEFAULTHOST">
      <endPoint xmi:id="EndPoint_1535547150958" host="*" port="5066"/>
    </specialEndpoints>
    <specialEndpoints xmi:id="NamedEndPoint_1535547150959" endPointName="SIP_DEFAULTHOST_SECURE">
      <endPoint xmi:id="EndPoint_1535547150959" host="*" port="5067"/>
    </specialEndpoints>
    <specialEndpoints xmi:id="NamedEndPoint_1535547150960" endPointName="OVERLAY_UDP_LISTENER_ADDRESS">
      <endPoint xmi:id="EndPoint_1535547150960" host="*" port="11012"/>
    </specialEndpoints>
    <specialEndpoints xmi:id="NamedEndPoint_1535547150961" endPointName="OVERLAY_TCP_LISTENER_ADDRESS">
      <endPoint xmi:id="EndPoint_1535547150961" host="*" port="11013"/>
    </specialEndpoints>
    <specialEndpoints xmi:id="NamedEndPoint_1535547150962" endPointName="IPC_CONNECTOR_ADDRESS">
      <endPoint xmi:id="EndPoint_1535547150962" host="localhost" port="9637"/>
    </specialEndpoints>
    <specialEndpoints xmi:id="NamedEndPoint_1535547150963" endPointName="SIB_ENDPOINT_ADDRESS">
      <endPoint xmi:id="EndPoint_1535547150963" host="*" port="7280"/>
    </specialEndpoints>
    <specialEndpoints xmi:id="NamedEndPoint_1535547150964" endPointName="SIB_ENDPOINT_SECURE_ADDRESS">
      <endPoint xmi:id="EndPoint_1535547150964" host="*" port="7289"/>
    </specialEndpoints>
    <specialEndpoints xmi:id="NamedEndPoint_1535547150965" endPointName="SIB_MQ_ENDPOINT_ADDRESS">
      <endPoint xmi:id="EndPoint_1535547150965" host="*" port="5561"/>
    </specialEndpoints>
    <specialEndpoints xmi:id="NamedEndPoint_1535547150966" endPointName="SIB_MQ_ENDPOINT_SECURE_ADDRESS">
      <endPoint xmi:id="EndPoint_1535547150966" host="*" port="5581"/>
    </specialEndpoints>
  </serverEntries>
</serverindex:ServerIndex>
