<?xml version="1.0" encoding="UTF-8"?>
<transformMappings>
  <transformFilter>
    <document>sib-bus.xml</document>
  </transformFilter>
  <transformFilter>
    <document>sib-destinations.xml</document>
  </transformFilter>
  <transformFilter>
    <document>sib-mediations.xml</document>
  </transformFilter>
  <transformFilter>
    <document>sib-authorisations.xml</document>
  </transformFilter>
  <transformFilter>
    <document>sib-service.xml</document>
  </transformFilter>
  <transformFilter>
    <document>sib-engines.xml</document>
  </transformFilter>
  <transformFilter>
    <document>sib-mqservers.xml</document>
  </transformFilter>
  <transformFilter>
    <document>sib-mqserverbusmembers.xml</document>
  </transformFilter>
  <transformFilter>
    <document>sibwsn-resources.xml</document>
  </transformFilter>
  <transformFilter>
    <document>sib-security-audit.xml</document>
  </transformFilter>
  <transformMap>
    <document>resources.xml</document>
    <transform>sib-resources.xsl</transform>
  </transformMap>
</transformMappings>

