<?xml version="1.0" encoding="UTF-8"?>
<middlewaredescriptors:MiddlewareDescriptor xmi:version="2.0" xmlns:xmi="http://www.omg.org/XMI" xmlns:middlewaredescriptors="http://www.ibm.com/websphere/appserver/schemas/6.1/middlewaredescriptors.xmi" xmi:id="MiddlewareDescriptor_1534519727116" name="tomcat_server" discoveryInterval="4" discoveryIntervalUnits="2">
  <versionDescriptors xmi:id="MiddlewareVersionDescriptor_1534519727117" version="default">
    <versionDescriptor xmi:id="DescriptivePropertyGroup_1534519727118" name="versionDescriptor">
      <propertyGroups xmi:id="DescriptivePropertyGroup_1534519727119" name="sessionAffinityDescriptor">
        <properties xmi:id="DiscoverableDescriptiveProperty_1534519727120" name="learnCloneIds" value="false" required="true" type="String" range="" inclusive="false">
          <descriptor xmi:id="DisplayDescriptor_1534519727121" displayNameKey="learnCloneIds" firstClass="true" hoverHelpKey="learnCloneIds.help"/>
        </properties>
        <properties xmi:id="DiscoverableDescriptiveProperty_1534519727123" name="cookieNames" value="WSJSESSIONID,JSESSIONID,SSLJSESSIONID" required="true" type="String" range="" inclusive="false">
          <descriptor xmi:id="DisplayDescriptor_1534519727124" displayNameKey="cookieNames" firstClass="true" hoverHelpKey="cookieNames.help"/>
        </properties>
        <properties xmi:id="DiscoverableDescriptiveProperty_1534519727125" name="urlRewriteNames" value="jsessionid" required="true" type="String" range="" inclusive="false">
          <descriptor xmi:id="DisplayDescriptor_1534519727126" displayNameKey="urlRewriteNames" firstClass="true" hoverHelpKey="urlRewriteNames.help"/>
        </properties>
        <properties xmi:id="DiscoverableDescriptiveProperty_1534519727127" name="cloneIdSeparator" value=":" required="true" type="String" range="" inclusive="false">
          <descriptor xmi:id="DisplayDescriptor_1534519727128" displayNameKey="cloneIdSeparator" firstClass="true" hoverHelpKey="cloneIdSeparator.help"/>
        </properties>
        <properties xmi:id="DiscoverableDescriptiveProperty_1534519727129" name="altCloneIdSeparator" value="" required="false" type="String" range="" inclusive="false">
          <descriptor xmi:id="DisplayDescriptor_1534519727129" displayNameKey="altCloneIdSeparator" firstClass="true" hoverHelpKey="altCloneIdSeparator.help"/>
        </properties>
        <properties xmi:id="DiscoverableDescriptiveProperty_1534519727130" name="affinityMode" value="active-conditional" required="true" type="String" range="" inclusive="false">
          <descriptor xmi:id="DisplayDescriptor_1534519727131" displayNameKey="affinityMode" firstClass="true" hoverHelpKey="affinityMode.help"/>
        </properties>
        <descriptor xmi:id="DisplayDescriptor_1534519727119" displayNameKey="sessionAffinityDescriptor" firstClass="true" hoverHelpKey="sessionAffinityDescriptor.help"/>
      </propertyGroups>
      <propertyGroups xmi:id="DescriptivePropertyGroup_1534519727132" name="timeOutGroup">
        <properties xmi:id="DiscoverableDescriptiveProperty_1534519727134" name="startTimeOutValue" value="300000" required="true" type="String" range="" inclusive="false">
          <descriptor xmi:id="DisplayDescriptor_1534519727134" displayNameKey="startTimeOutValue" firstClass="true" hoverHelpKey="startTimeOutValue.desc"/>
        </properties>
        <properties xmi:id="DiscoverableDescriptiveProperty_1534519727135" name="stopTimeOutValue" value="300000" required="true" type="String" range="" inclusive="false">
          <descriptor xmi:id="DisplayDescriptor_1534519727137" displayNameKey="stopTimeOutValue" firstClass="true" hoverHelpKey="stopTimeOutValue.desc"/>
        </properties>
        <descriptor xmi:id="DisplayDescriptor_1534519727133" displayNameKey="timeOutGroup" displayDescriptionKey="timeOutGroup.desc" firstClass="true"/>
      </propertyGroups>
    </versionDescriptor>
  </versionDescriptors>
</middlewaredescriptors:MiddlewareDescriptor>
