<?xml version="1.0" encoding="UTF-8"?>
<middlewaredescriptors:MiddlewareDescriptor xmi:version="2.0" xmlns:xmi="http://www.omg.org/XMI" xmlns:middlewaredescriptors="http://www.ibm.com/websphere/appserver/schemas/6.1/middlewaredescriptors.xmi" xmi:id="MiddlewareDescriptor_1535536576705" name="application_server" discoveryInterval="4" discoveryIntervalUnits="2">
  <versionDescriptors xmi:id="MiddlewareVersionDescriptor_1535536576706" version="default">
    <versionDescriptor xmi:id="DescriptivePropertyGroup_1535536576707" name="versionDescriptor">
      <propertyGroups xmi:id="DescriptivePropertyGroup_1535536576708" name="sessionAffinityDescriptor">
        <properties xmi:id="DiscoverableDescriptiveProperty_1535536576713" name="learnCloneIds" value="true" required="true" type="String" range="" inclusive="false">
          <descriptor xmi:id="DisplayDescriptor_1535536576714" displayNameKey="learnCloneIds" firstClass="true" hoverHelpKey="learnCloneIds.help"/>
        </properties>
        <properties xmi:id="DiscoverableDescriptiveProperty_1535536576715" name="cookieNames" value="WSJSESSIONID,JSESSIONID,SSLJSESSIONID" required="true" type="String" range="" inclusive="false">
          <descriptor xmi:id="DisplayDescriptor_1535536576716" displayNameKey="cookieNames" firstClass="true" hoverHelpKey="cookieNames.help"/>
        </properties>
        <properties xmi:id="DiscoverableDescriptiveProperty_1535536576717" name="urlRewriteNames" value="jsessionid" required="true" type="String" range="" inclusive="false">
          <descriptor xmi:id="DisplayDescriptor_1535536576717" displayNameKey="urlRewriteNames" firstClass="true" hoverHelpKey="urlRewriteNames.help"/>
        </properties>
        <properties xmi:id="DiscoverableDescriptiveProperty_1535536576718" name="cloneIdSeparator" value=":" required="true" type="String" range="" inclusive="false">
          <descriptor xmi:id="DisplayDescriptor_1535536576719" displayNameKey="cloneIdSeparator" firstClass="true" hoverHelpKey="cloneIdSeparator.help"/>
        </properties>
        <properties xmi:id="DiscoverableDescriptiveProperty_1535536576724" name="altCloneIdSeparator" value="" required="false" type="String" range="" inclusive="false">
          <descriptor xmi:id="DisplayDescriptor_1535536576725" displayNameKey="altCloneIdSeparator" firstClass="true" hoverHelpKey="altCloneIdSeparator.help"/>
        </properties>
        <properties xmi:id="DiscoverableDescriptiveProperty_1535536576726" name="affinityMode" value="active-conditional" required="true" type="String" range="" inclusive="false">
          <descriptor xmi:id="DisplayDescriptor_1535536576727" displayNameKey="affinityMode" firstClass="true" hoverHelpKey="affinityMode.help"/>
        </properties>
        <descriptor xmi:id="DisplayDescriptor_1535536576712" displayNameKey="sessionAffinityDescriptor" firstClass="true" hoverHelpKey="sessionAffinityDescriptor.help"/>
      </propertyGroups>
      <propertyGroups xmi:id="DescriptivePropertyGroup_1535536576728" name="timeOutGroup">
        <properties xmi:id="DiscoverableDescriptiveProperty_1535536576733" name="startTimeOutValue" value="300000" required="true" type="String" range="" inclusive="false">
          <descriptor xmi:id="DisplayDescriptor_1535536576734" displayNameKey="startTimeOutValue" firstClass="true" hoverHelpKey="startTimeOutValue.desc"/>
        </properties>
        <properties xmi:id="DiscoverableDescriptiveProperty_1535536576735" name="stopTimeOutValue" value="300000" required="true" type="String" range="" inclusive="false">
          <descriptor xmi:id="DisplayDescriptor_1535536576740" displayNameKey="stopTimeOutValue" firstClass="true" hoverHelpKey="stopTimeOutValue.desc"/>
        </properties>
        <descriptor xmi:id="DisplayDescriptor_1535536576733" displayNameKey="timeOutGroup" displayDescriptionKey="timeOutGroup.desc" firstClass="true"/>
      </propertyGroups>
    </versionDescriptor>
  </versionDescriptors>
</middlewaredescriptors:MiddlewareDescriptor>
