<?xml version="1.0" encoding="UTF-8"?>
<middlewaredescriptors:MiddlewareDescriptor xmi:version="2.0" xmlns:xmi="http://www.omg.org/XMI" xmlns:middlewaredescriptors="http://www.ibm.com/websphere/appserver/schemas/6.1/middlewaredescriptors.xmi" xmi:id="MiddlewareDescriptor_1534519727079" name="apache_server" discoveryInterval="4" discoveryIntervalUnits="2">
  <versionDescriptors xmi:id="MiddlewareVersionDescriptor_1534519727079" version="default">
    <versionDescriptor xmi:id="DescriptivePropertyGroup_1534519727080" name="versionDescriptor">
      <propertyGroups xmi:id="DescriptivePropertyGroup_1534519727081" name="sessionAffinityDescriptor">
        <properties xmi:id="DiscoverableDescriptiveProperty_1534519727092" name="learnCloneIds" value="true" required="true" type="String" range="" inclusive="false">
          <descriptor xmi:id="DisplayDescriptor_1534519727092" displayNameKey="learnCloneIds" firstClass="true" hoverHelpKey="learnCloneIds.help"/>
        </properties>
        <properties xmi:id="DiscoverableDescriptiveProperty_1534519727093" name="cookieNames" value="WSJSESSIONID,JSESSIONID,SSLJSESSIONID" required="true" type="String" range="" inclusive="false">
          <descriptor xmi:id="DisplayDescriptor_1534519727094" displayNameKey="cookieNames" firstClass="true" hoverHelpKey="cookieNames.help"/>
        </properties>
        <properties xmi:id="DiscoverableDescriptiveProperty_1534519727095" name="urlRewriteNames" value="jsessionid" required="true" type="String" range="" inclusive="false">
          <descriptor xmi:id="DisplayDescriptor_1534519727096" displayNameKey="urlRewriteNames" firstClass="true" hoverHelpKey="urlRewriteNames.help"/>
        </properties>
        <properties xmi:id="DiscoverableDescriptiveProperty_1534519727096" name="cloneIdSeparator" value=":" required="true" type="String" range="" inclusive="false">
          <descriptor xmi:id="DisplayDescriptor_1534519727097" displayNameKey="cloneIdSeparator" firstClass="true" hoverHelpKey="cloneIdSeparator.help"/>
        </properties>
        <properties xmi:id="DiscoverableDescriptiveProperty_1534519727098" name="altCloneIdSeparator" value="+" required="false" type="String" range="" inclusive="false">
          <descriptor xmi:id="DisplayDescriptor_1534519727103" displayNameKey="altCloneIdSeparator" firstClass="true" hoverHelpKey="altCloneIdSeparator.help"/>
        </properties>
        <properties xmi:id="DiscoverableDescriptiveProperty_1534519727105" name="affinityMode" value="passive" required="true" type="String" range="" inclusive="false">
          <descriptor xmi:id="DisplayDescriptor_1534519727107" displayNameKey="affinityMode" firstClass="true" hoverHelpKey="affinityMode.help"/>
        </properties>
        <descriptor xmi:id="DisplayDescriptor_1534519727091" displayNameKey="sessionAffinityDescriptor" firstClass="true" hoverHelpKey="sessionAffinityDescriptor.help"/>
      </propertyGroups>
      <propertyGroups xmi:id="DescriptivePropertyGroup_1534519727108" name="timeOutGroup">
        <properties xmi:id="DiscoverableDescriptiveProperty_1534519727110" name="startTimeOutValue" value="300000" required="true" type="String" range="" inclusive="false">
          <descriptor xmi:id="DisplayDescriptor_1534519727111" displayNameKey="startTimeOutValue" firstClass="true" hoverHelpKey="startTimeOutValue.desc"/>
        </properties>
        <properties xmi:id="DiscoverableDescriptiveProperty_1534519727113" name="stopTimeOutValue" value="300000" required="true" type="String" range="" inclusive="false">
          <descriptor xmi:id="DisplayDescriptor_1534519727114" displayNameKey="stopTimeOutValue" firstClass="true" hoverHelpKey="stopTimeOutValue.desc"/>
        </properties>
        <descriptor xmi:id="DisplayDescriptor_1534519727109" displayNameKey="timeOutGroup" displayDescriptionKey="timeOutGroup.desc" firstClass="true"/>
      </propertyGroups>
    </versionDescriptor>
  </versionDescriptors>
</middlewaredescriptors:MiddlewareDescriptor>
