<?xml version="1.0" encoding="UTF-8"?>
<idmap:mappings xmlns:idmap="http://www.ibm.com/websphere/appserver/schemas/6.0/ibm-portal-idmap.xsd">
  <idmap:module uniqueName="com.ibm.isclite.ISCAdminPortlet">
    <idmap:page name="isclite:hidden:page-SPSVS-com.ibm.isclite.portletpref.layoutElement.A">
      <idmap:window name="com.ibm.isclite.portletpref.window.A" pii="14394319"/>
    </idmap:page>
    <idmap:page name="isclite:hidden:page-SPSVS-com.ibm.isclite.welcomeportlet.layoutElement.A">
      <idmap:window name="com.ibm.isclite.welcomeportlet.window.1" pii="-1809308291"/>
      <idmap:window name="com.ibm.isclite.welcomeportlet.window.2" pii="-1809308290"/>
    </idmap:page>
  </idmap:module>
</idmap:mappings>