<?xml version="1.0" encoding="UTF-8"?>
<middlewaredescriptors:MiddlewareDescriptor xmi:version="2.0" xmlns:xmi="http://www.omg.org/XMI" xmlns:middlewaredescriptors="http://www.ibm.com/websphere/appserver/schemas/6.1/middlewaredescriptors.xmi" xmi:id="MiddlewareDescriptor_1534519724815" name="wasceRuntime" discoveryInterval="4" discoveryIntervalUnits="2" discoverySupported="true">
  <versionDescriptors xmi:id="MiddlewareVersionDescriptor_1534519724816" version="default">
    <versionDescriptor xmi:id="DescriptivePropertyGroup_1534519724816" name="versionDescriptor">
      <propertyGroups xmi:id="DescriptivePropertyGroup_1534519724817" name="install.locations">
        <properties xmi:id="DiscoverableDescriptiveProperty_1534519724819" name="win.install.loc" value="C:\\Program Files\\IBM\\WebSphere\\AppServerCommunityEdition;C:\\Program Files (x86)\\WebSphere\\AppServerCommuntiyEdition" required="true" type="String" range="" inclusive="false">
          <descriptor xmi:id="DisplayDescriptor_1534519724819" displayNameKey="win.install.loc" displayDescriptionKey="win.install.loc.desc" firstClass="true" hoverHelpKey="win.install.loc.help"/>
        </properties>
        <properties xmi:id="DiscoverableDescriptiveProperty_1534519724820" name="unix.install.loc" value="/opt/IBM/WebSphere/AppServerCommunityEdition" required="true" type="String" range="" inclusive="false">
          <descriptor xmi:id="DisplayDescriptor_1534519724821" displayNameKey="unix.install.loc" displayDescriptionKey="unix.install.loc.desc" firstClass="true" hoverHelpKey="unix.install.loc.help"/>
        </properties>
        <properties xmi:id="DiscoverableDescriptiveProperty_1534519724822" name="foreign.discovery.class" value="com.ibm.ws.xd.agent.discovery.wasce.WASCEDiscoveryPlugin" required="true" type="String" range="" inclusive="false">
          <descriptor xmi:id="DisplayDescriptor_1534519724823" displayNameKey="foreign.discovery.class" displayDescriptionKey="foreign.discovery.class.desc" firstClass="true" hidden="true" hoverHelpKey="foreign.discovery.class.hoverhelp"/>
        </properties>
        <descriptor xmi:id="DisplayDescriptor_1534519724818" displayNameKey="wasce.install.locations" displayDescriptionKey="wasce.install.locations.desc" firstClass="true"/>
      </propertyGroups>
      <propertyGroups xmi:id="DescriptivePropertyGroup_1534519724824" name="timeOutGroup">
        <properties xmi:id="DiscoverableDescriptiveProperty_1534519724826" name="startTimeOutValue" value="300000" required="true" type="String" range="" inclusive="false">
          <descriptor xmi:id="DisplayDescriptor_1534519724827" displayNameKey="startTimeOutValue" firstClass="true" hoverHelpKey="startTimeOutValue.desc"/>
        </properties>
        <properties xmi:id="DiscoverableDescriptiveProperty_1534519724828" name="stopTimeOutValue" value="300000" required="true" type="String" range="" inclusive="false">
          <descriptor xmi:id="DisplayDescriptor_1534519724828" displayNameKey="stopTimeOutValue" firstClass="true" hoverHelpKey="stopTimeOutValue.desc"/>
        </properties>
        <descriptor xmi:id="DisplayDescriptor_1534519724825" displayNameKey="timeOutGroup" displayDescriptionKey="timeOutGroup.desc" firstClass="true"/>
      </propertyGroups>
    </versionDescriptor>
  </versionDescriptors>
</middlewaredescriptors:MiddlewareDescriptor>
