<?xml version="1.0" encoding="UTF-8"?>
<xmi:XMI xmi:version="2.0" xmlns:xmi="http://www.omg.org/XMI" xmlns:resources.j2c="http://www.ibm.com/websphere/appserver/schemas/5.0/resources.j2c.xmi" xmlns:resources.jdbc="http://www.ibm.com/websphere/appserver/schemas/5.0/resources.jdbc.xmi" xmlns:resources.jms="http://www.ibm.com/websphere/appserver/schemas/5.0/resources.jms.xmi" xmlns:resources.mail="http://www.ibm.com/websphere/appserver/schemas/5.0/resources.mail.xmi" xmlns:resources.url="http://www.ibm.com/websphere/appserver/schemas/5.0/resources.url.xmi">
  <resources.jdbc:JDBCProvider xmi:id="builtin_jdbcprovider" name="Derby JDBC Provider (XA)" description="Built-in Derby JDBC Provider (XA)" providerType="Derby JDBC Provider (XA)" implementationClassName="org.apache.derby.jdbc.EmbeddedXADataSource" xa="true">
    <classpath>${DERBY_JDBC_DRIVER_PATH}/derby.jar</classpath>
    <factories xmi:type="resources.jdbc:DataSource" xmi:id="DataSource_1000001" name="DefaultEJBTimerDataSource" jndiName="jdbc/DefaultEJBTimerDataSource" description="Default data source for WebSphere EJB Timer Service" category="default" authMechanismPreference="BASIC_PASSWORD" relationalResourceAdapter="builtin_rra" statementCacheSize="10" datasourceHelperClassname="com.ibm.websphere.rsadapter.DerbyDataStoreHelper">
      <propertySet xmi:id="J2EEResourcePropertySet_2">
        <resourceProperties xmi:id="J2EEResourceProperty_DB2j_5_1" name="databaseName" type="java.lang.String" value="${USER_INSTALL_ROOT}/databases/EJBTimers/${SERVER}/EJBTimerDB" description="Location of Derby default database for the EJB Timer Service." required="true"/>
        <resourceProperties xmi:id="J2EEResourceProperty_DB2j_5_2" name="shutdownDatabase" type="java.lang.String" value=""/>
        <resourceProperties xmi:id="J2EEResourceProperty_DB2j_5_3" name="dataSourceName" type="java.lang.String" value=""/>
        <resourceProperties xmi:id="J2EEResourceProperty_DB2j_5_4" name="description" type="java.lang.String" value=""/>
        <resourceProperties xmi:id="J2EEResourceProperty_DB2j_5_5" name="connectionAttributes" type="java.lang.String" value="upgrade=true" description="Allows the Derby database to be upgraded."/>
        <resourceProperties xmi:id="J2EEResourceProperty_DB2j_5_6" name="createDatabase" type="java.lang.String" value=""/>
        <resourceProperties xmi:id="J2EEResourceProperty_DB2j_5_7" name="enableMultithreadedAccessDetection" type="java.lang.Boolean" value="false"/>
        <resourceProperties xmi:id="J2EEResourceProperty_DB2j_5_8" name="preTestSQLString" type="java.lang.String" value=""/>
      </propertySet>
      <connectionPool xmi:id="ConnectionPool_2" connectionTimeout="1800" maxConnections="30" minConnections="1" reapTime="180" unusedTimeout="1800" agedTimeout="0" purgePolicy="EntirePool"/>
    </factories>
  </resources.jdbc:JDBCProvider>
  <resources.jms:JMSProvider xmi:id="builtin_mqprovider" name="WebSphere MQ JMS Provider" description="WebSphere MQ Messaging Provider" externalInitialContextFactory="" externalProviderURL=""/>
  <resources.j2c:J2CResourceAdapter xmi:id="builtin_rra" name="WebSphere Relational Resource Adapter" description="Built-in Relational Resource Adapter for WebSphere Persistence" archivePath="${WAS_LIBS_DIR}/rsadapter.rar">
    <classpath>${WAS_LIBS_DIR}/rsadapter.rar</classpath>
    <propertySet xmi:id="J2EEResourcePropertySet_8"/>
    <deploymentDescriptor xmi:id="Connector_1054132487569" displayName="WS_RdbResourceAdapter" vendorName="IBM" specVersion="1.5" eisType="RRA" version="6.0">
      <icons xmi:id="IconType_1054132487569" smallIcon="rdb_small_icon.jpg" largeIcon="rdb_large_icon.jpg"/>
      <displayNames xmi:id="DisplayName_1054132487569" value="WS_RdbResourceAdapter"/>
      <descriptions xmi:id="Description_1054132487569" value="IBM Relational ResourceAdapter"/>
      <license xmi:id="License_1054132487569" required="false">
        <descriptions xmi:id="Description_1054132487570" value="IBM Relational ResourceAdapter"/>
      </license>
      <resourceAdapter xmi:id="ResourceAdapter_1054132487569" transactionSupport="NoTransaction" reauthenticationSupport="false" resourceAdapterClass="com.ibm.ws.rsadapter.spi.WSResourceAdapterImpl">
        <outboundResourceAdapter xmi:id="OutboundResourceAdapter_1054132487569" reauthenticationSupport="false" transactionSupport="XATransaction">
          <connectionDefinitions xmi:id="ConnectionDefinition_1054132487569" managedConnectionFactoryClass="com.ibm.ws.rsadapter.spi.WSManagedConnectionFactoryImpl" connectionFactoryInterface="javax.resource.cci.ConnectionFactory" connectionFactoryImplClass="com.ibm.ws.rsadapter.cci.WSRdbConnectionFactoryImpl" connectionInterface="javax.resource.cci.Connection" connectionImplClass="com.ibm.ws.rsadapter.cci.WSRdbConnectionImpl">
            <configProperties xmi:id="ConfigProperty_1054132487569" name="ConnectionFactoryType" type="java.lang.Integer" value="2">
              <descriptions xmi:id="Description_1054132487571" value="A constant indicating the type of connection factory: WSJdbcDataSource (1) or WSRdbConnectionFactory (2)"/>
            </configProperties>
          </connectionDefinitions>
          <authenticationMechanisms xmi:id="AuthenticationMechanism_1054132487589" authenticationMechanismType="BasicPassword" credentialInterface="javax.resource.spi.security.PasswordCredential">
            <descriptions xmi:id="Description_1054132487590" value="BasicPassword authentication"/>
          </authenticationMechanisms>
          <authenticationMechanisms xmi:id="AuthenticationMechanism_1054132487590" authenticationMechanismType="Kerbv5" credentialInterface="javax.resource.spi.security.GenericCredential">
            <descriptions xmi:id="Description_1054132487591" value="Kerbv5 Authentication"/>
          </authenticationMechanisms>
        </outboundResourceAdapter>
      </resourceAdapter>
    </deploymentDescriptor>
    <connectionDefTemplateProps xmi:id="ConnectionDefTemplateProps_1054132487589" ConnectionDefinition="ConnectionDefinition_1054132487569"/>
  </resources.j2c:J2CResourceAdapter>
  <resources.mail:MailProvider xmi:id="builtin_mailprovider" name="Built-in Mail Provider" description="The built-in mail provider">
    <protocolProviders xmi:id="builtin_smtp" protocol="smtp" classname="com.sun.mail.smtp.SMTPTransport" type="TRANSPORT"/>
    <protocolProviders xmi:id="builtin_pop3" protocol="pop3" classname="com.sun.mail.pop3.POP3Store" type="STORE"/>
    <protocolProviders xmi:id="builtin_imap" protocol="imap" classname="com.sun.mail.imap.IMAPStore" type="STORE"/>
    <protocolProviders xmi:id="builtin_smtps" protocol="smtps" classname="com.sun.mail.smtp.SMTPSSLTransport" type="TRANSPORT"/>
    <protocolProviders xmi:id="builtin_pop3s" protocol="pop3s" classname="com.sun.mail.pop3.POP3SSLStore" type="STORE"/>
    <protocolProviders xmi:id="builtin_imaps" protocol="imaps" classname="com.sun.mail.imap.IMAPSSLStore" type="STORE"/>
  </resources.mail:MailProvider>
  <resources.url:URLProvider xmi:id="URLProvider_1" name="Default URL Provider" streamHandlerClassName="unused" protocol="unused"/>
  <resources.j2c:J2CResourceAdapter xmi:id="J2CResourceAdapter_1535536537430" name="SIB JMS Resource Adapter" description="Default messaging provider" archivePath="${WAS_INSTALL_ROOT}/installedConnectors/sib.api.jmsra.rar" threadPoolAlias="SIBJMSRAThreadPool">
    <classpath>${WAS_INSTALL_ROOT}/installedConnectors/sib.api.jmsra.rar</classpath>
    <propertySet xmi:id="J2EEResourcePropertySet_1535536537430"/>
    <deploymentDescriptor xmi:id="Connector_1535536537430" displayName="WebSphere Default Messaging Provider" vendorName="IBM" specVersion="1.5" eisType="JMS Provider" version="0.3">
      <displayNames xmi:id="DisplayName_1535536537430" value="WebSphere Default Messaging Provider"/>
      <displayNames xmi:id="DisplayName_1535536537431" value="WebSphere Default Messaging Provider"/>
      <resourceAdapter xmi:id="ResourceAdapter_1535536537430" transactionSupport="NoTransaction" reauthenticationSupport="false" resourceAdapterClass="com.ibm.ws.sib.api.jmsra.impl.JmsJcaResourceAdapterImpl">
        <outboundResourceAdapter xmi:id="OutboundResourceAdapter_1535536537430" reauthenticationSupport="false" transactionSupport="XATransaction">
          <connectionDefinitions xmi:id="ConnectionDefinition_1535536537430" managedConnectionFactoryClass="com.ibm.ws.sib.api.jmsra.impl.JmsJcaManagedQueueConnectionFactoryImpl" connectionFactoryInterface="javax.jms.QueueConnectionFactory" connectionFactoryImplClass="com.ibm.ws.sib.api.jms.impl.JmsQueueConnFactoryImpl" connectionInterface="javax.jms.QueueConnection" connectionImplClass="com.ibm.ws.sib.api.jms.impl.JmsQueueConnectionImpl">
            <configProperties xmi:id="ConfigProperty_1535536537430" name="BusName" type="java.lang.String"/>
            <configProperties xmi:id="ConfigProperty_1535536537431" name="ClientID" type="java.lang.String"/>
            <configProperties xmi:id="ConfigProperty_1535536537432" name="UserName" type="java.lang.String"/>
            <configProperties xmi:id="ConfigProperty_1535536537433" name="Password" type="java.lang.String"/>
            <configProperties xmi:id="ConfigProperty_1535536537434" name="NonPersistentMapping" type="java.lang.String" value="ExpressNonPersistent"/>
            <configProperties xmi:id="ConfigProperty_1535536537435" name="PersistentMapping" type="java.lang.String" value="ReliablePersistent"/>
            <configProperties xmi:id="ConfigProperty_1535536537436" name="ReadAhead" type="java.lang.String" value="Default"/>
            <configProperties xmi:id="ConfigProperty_1535536537437" name="Target" type="java.lang.String"/>
            <configProperties xmi:id="ConfigProperty_1535536537438" name="TargetType" type="java.lang.String" value="BusMember"/>
            <configProperties xmi:id="ConfigProperty_1535536537439" name="TargetSignificance" type="java.lang.String" value="Preferred"/>
            <configProperties xmi:id="ConfigProperty_1535536537440" name="RemoteProtocol" type="java.lang.String"/>
            <configProperties xmi:id="ConfigProperty_1535536537441" name="TargetTransportChain" type="java.lang.String"/>
            <configProperties xmi:id="ConfigProperty_1535536537442" name="ProviderEndpoints" type="java.lang.String"/>
            <configProperties xmi:id="ConfigProperty_1535536537443" name="ConnectionProximity" type="java.lang.String" value="Bus"/>
            <configProperties xmi:id="ConfigProperty_1535536537444" name="TemporaryQueueNamePrefix" type="java.lang.String"/>
            <configProperties xmi:id="ConfigProperty_1535536537445" name="ShareDataSourceWithCMP" type="java.lang.Boolean" value="false"/>
            <configProperties xmi:id="ConfigProperty_1535536537446" name="ProducerDoesNotModifyPayloadAfterSet" type="java.lang.String" value="false"/>
            <configProperties xmi:id="ConfigProperty_1535536537447" name="ConsumerDoesNotModifyPayloadAfterGet" type="java.lang.String" value="false"/>
          </connectionDefinitions>
          <connectionDefinitions xmi:id="ConnectionDefinition_1535536537431" managedConnectionFactoryClass="com.ibm.ws.sib.api.jmsra.impl.JmsJcaManagedTopicConnectionFactoryImpl" connectionFactoryInterface="javax.jms.TopicConnectionFactory" connectionFactoryImplClass="com.ibm.ws.sib.api.jms.impl.JmsTopicConnFactoryImpl" connectionInterface="javax.jms.TopicConnection" connectionImplClass="com.ibm.ws.sib.api.jms.impl.JmsTopicConnectionImpl">
            <configProperties xmi:id="ConfigProperty_1535536537448" name="BusName" type="java.lang.String"/>
            <configProperties xmi:id="ConfigProperty_1535536537449" name="ClientID" type="java.lang.String"/>
            <configProperties xmi:id="ConfigProperty_1535536537450" name="UserName" type="java.lang.String"/>
            <configProperties xmi:id="ConfigProperty_1535536537451" name="Password" type="java.lang.String"/>
            <configProperties xmi:id="ConfigProperty_1535536537452" name="NonPersistentMapping" type="java.lang.String" value="ExpressNonPersistent"/>
            <configProperties xmi:id="ConfigProperty_1535536537453" name="PersistentMapping" type="java.lang.String" value="ReliablePersistent"/>
            <configProperties xmi:id="ConfigProperty_1535536537454" name="DurableSubscriptionHome" type="java.lang.String"/>
            <configProperties xmi:id="ConfigProperty_1535536537455" name="ReadAhead" type="java.lang.String" value="Default"/>
            <configProperties xmi:id="ConfigProperty_1535536537456" name="Target" type="java.lang.String"/>
            <configProperties xmi:id="ConfigProperty_1535536537457" name="TargetType" type="java.lang.String" value="BusMember"/>
            <configProperties xmi:id="ConfigProperty_1535536537458" name="TargetSignificance" type="java.lang.String" value="Preferred"/>
            <configProperties xmi:id="ConfigProperty_1535536537459" name="RemoteProtocol" type="java.lang.String"/>
            <configProperties xmi:id="ConfigProperty_1535536537460" name="TargetTransportChain" type="java.lang.String"/>
            <configProperties xmi:id="ConfigProperty_1535536537461" name="ProviderEndpoints" type="java.lang.String"/>
            <configProperties xmi:id="ConfigProperty_1535536537462" name="ConnectionProximity" type="java.lang.String" value="Bus"/>
            <configProperties xmi:id="ConfigProperty_1535536537463" name="TemporaryTopicNamePrefix" type="java.lang.String"/>
            <configProperties xmi:id="ConfigProperty_1535536537464" name="ShareDataSourceWithCMP" type="java.lang.Boolean" value="false"/>
            <configProperties xmi:id="ConfigProperty_1535536537465" name="ShareDurableSubscriptions" type="java.lang.String" value="InCluster"/>
            <configProperties xmi:id="ConfigProperty_1535536537466" name="ProducerDoesNotModifyPayloadAfterSet" type="java.lang.String" value="false"/>
            <configProperties xmi:id="ConfigProperty_1535536537467" name="ConsumerDoesNotModifyPayloadAfterGet" type="java.lang.String" value="false"/>
          </connectionDefinitions>
          <connectionDefinitions xmi:id="ConnectionDefinition_1535536537432" managedConnectionFactoryClass="com.ibm.ws.sib.api.jmsra.impl.JmsJcaManagedConnectionFactoryImpl" connectionFactoryInterface="javax.jms.ConnectionFactory" connectionFactoryImplClass="com.ibm.ws.sib.api.jms.impl.JmsConnFactoryImpl" connectionInterface="javax.jms.Connection" connectionImplClass="com.ibm.ws.sib.api.jms.impl.JmsConnectionImpl">
            <configProperties xmi:id="ConfigProperty_1535536537468" name="BusName" type="java.lang.String"/>
            <configProperties xmi:id="ConfigProperty_1535536537469" name="ClientID" type="java.lang.String"/>
            <configProperties xmi:id="ConfigProperty_1535536537470" name="UserName" type="java.lang.String"/>
            <configProperties xmi:id="ConfigProperty_1535536537471" name="Password" type="java.lang.String"/>
            <configProperties xmi:id="ConfigProperty_1535536537472" name="NonPersistentMapping" type="java.lang.String" value="ExpressNonPersistent"/>
            <configProperties xmi:id="ConfigProperty_1535536537473" name="PersistentMapping" type="java.lang.String" value="ReliablePersistent"/>
            <configProperties xmi:id="ConfigProperty_1535536537474" name="DurableSubscriptionHome" type="java.lang.String"/>
            <configProperties xmi:id="ConfigProperty_1535536537475" name="ReadAhead" type="java.lang.String" value="Default"/>
            <configProperties xmi:id="ConfigProperty_1535536537476" name="Target" type="java.lang.String"/>
            <configProperties xmi:id="ConfigProperty_1535536537477" name="TargetType" type="java.lang.String" value="BusMember"/>
            <configProperties xmi:id="ConfigProperty_1535536537478" name="TargetSignificance" type="java.lang.String" value="Preferred"/>
            <configProperties xmi:id="ConfigProperty_1535536537479" name="RemoteProtocol" type="java.lang.String"/>
            <configProperties xmi:id="ConfigProperty_1535536537480" name="TargetTransportChain" type="java.lang.String"/>
            <configProperties xmi:id="ConfigProperty_1535536537481" name="ProviderEndpoints" type="java.lang.String"/>
            <configProperties xmi:id="ConfigProperty_1535536537482" name="ConnectionProximity" type="java.lang.String" value="Bus"/>
            <configProperties xmi:id="ConfigProperty_1535536537483" name="TemporaryQueueNamePrefix" type="java.lang.String"/>
            <configProperties xmi:id="ConfigProperty_1535536537484" name="TemporaryTopicNamePrefix" type="java.lang.String"/>
            <configProperties xmi:id="ConfigProperty_1535536537485" name="ShareDataSourceWithCMP" type="java.lang.Boolean" value="false"/>
            <configProperties xmi:id="ConfigProperty_1535536537486" name="ShareDurableSubscriptions" type="java.lang.String" value="InCluster"/>
            <configProperties xmi:id="ConfigProperty_1535536537487" name="ProducerDoesNotModifyPayloadAfterSet" type="java.lang.String" value="false"/>
            <configProperties xmi:id="ConfigProperty_1535536537488" name="ConsumerDoesNotModifyPayloadAfterGet" type="java.lang.String" value="false"/>
          </connectionDefinitions>
          <authenticationMechanisms xmi:id="AuthenticationMechanism_1535536537431" authenticationMechanismType="BasicPassword" credentialInterface="javax.resource.spi.security.PasswordCredential"/>
        </outboundResourceAdapter>
        <inboundResourceAdapter xmi:id="InboundResourceAdapter_1535536537431">
          <messageAdapter xmi:id="MessageAdapter_1535536537431">
            <messageListeners xmi:id="MessageListener_1535536537431" messageListenerType="javax.jms.MessageListener">
              <activationSpec xmi:id="ActivationSpec_1535536537431" activationSpecClass="com.ibm.ws.sib.api.jmsra.impl.JmsJcaActivationSpecImpl">
                <requiredConfigProperties xmi:id="RequiredConfigPropertyType_1535536537431" name="destination"/>
                <requiredConfigProperties xmi:id="RequiredConfigPropertyType_1535536537432" name="destinationType"/>
                <requiredConfigProperties xmi:id="RequiredConfigPropertyType_1535536537433" name="busName"/>
              </activationSpec>
            </messageListeners>
          </messageAdapter>
        </inboundResourceAdapter>
        <adminObjects xmi:id="AdminObject_1535536537431" adminObjectInterface="javax.jms.Queue" adminObjectClass="com.ibm.ws.sib.api.jms.impl.JmsQueueImpl">
          <configProperties xmi:id="ConfigProperty_1535536537489" name="QueueName" type="java.lang.String"/>
          <configProperties xmi:id="ConfigProperty_1535536537490" name="DeliveryMode" type="java.lang.String" value="Application"/>
          <configProperties xmi:id="ConfigProperty_1535536537491" name="TimeToLive" type="java.lang.Long"/>
          <configProperties xmi:id="ConfigProperty_1535536537492" name="Priority" type="java.lang.Integer"/>
          <configProperties xmi:id="ConfigProperty_1535536537493" name="ReadAhead" type="java.lang.String" value="AsConnection"/>
          <configProperties xmi:id="ConfigProperty_1535536537494" name="BusName" type="java.lang.String"/>
        </adminObjects>
        <adminObjects xmi:id="AdminObject_1535536537432" adminObjectInterface="javax.jms.Topic" adminObjectClass="com.ibm.ws.sib.api.jms.impl.JmsTopicImpl">
          <configProperties xmi:id="ConfigProperty_1535536537495" name="TopicSpace" type="java.lang.String" value="Default.Topic.Space"/>
          <configProperties xmi:id="ConfigProperty_1535536537496" name="TopicName" type="java.lang.String"/>
          <configProperties xmi:id="ConfigProperty_1535536537497" name="DeliveryMode" type="java.lang.String" value="Application"/>
          <configProperties xmi:id="ConfigProperty_1535536537498" name="TimeToLive" type="java.lang.Long"/>
          <configProperties xmi:id="ConfigProperty_1535536537499" name="Priority" type="java.lang.Integer"/>
          <configProperties xmi:id="ConfigProperty_1535536537500" name="ReadAhead" type="java.lang.String" value="AsConnection"/>
          <configProperties xmi:id="ConfigProperty_1535536537501" name="BusName" type="java.lang.String"/>
        </adminObjects>
      </resourceAdapter>
    </deploymentDescriptor>
    <connectionDefTemplateProps xmi:id="ConnectionDefTemplateProps_1535536537431" ConnectionDefinition="ConnectionDefinition_1535536537430">
      <resourceProperties xmi:id="J2EEResourceProperty_1535536537431" name="BusName" type="java.lang.String" required="false"/>
      <resourceProperties xmi:id="J2EEResourceProperty_1535536537432" name="ClientID" type="java.lang.String" required="false"/>
      <resourceProperties xmi:id="J2EEResourceProperty_1535536537433" name="ConnectionProximity" type="java.lang.String" value="Bus" required="false"/>
      <resourceProperties xmi:id="J2EEResourceProperty_1535536537434" name="durableSubscriptionHome" type="java.lang.String" required="false"/>
      <resourceProperties xmi:id="J2EEResourceProperty_1535536537435" name="NonPersistentMapping" type="java.lang.String" value="ExpressNonPersistent" required="false"/>
      <resourceProperties xmi:id="J2EEResourceProperty_1535536537436" name="Password" type="java.lang.String" required="false"/>
      <resourceProperties xmi:id="J2EEResourceProperty_1535536537437" name="PersistentMapping" type="java.lang.String" value="ReliablePersistent" required="false"/>
      <resourceProperties xmi:id="J2EEResourceProperty_1535536537438" name="ProviderEndpoints" type="java.lang.String" required="false"/>
      <resourceProperties xmi:id="J2EEResourceProperty_1535536537439" name="ReadAhead" type="java.lang.String" value="Default" required="false"/>
      <resourceProperties xmi:id="J2EEResourceProperty_1535536537440" name="RemoteProtocol" type="java.lang.String" required="false"/>
      <resourceProperties xmi:id="J2EEResourceProperty_1535536537441" name="TargetTransportChain" type="java.lang.String" required="false"/>
      <resourceProperties xmi:id="J2EEResourceProperty_1535536537442" name="ShareDataSourceWithCMP" type="java.lang.Boolean" value="false" required="false"/>
      <resourceProperties xmi:id="J2EEResourceProperty_1535536537443" name="shareDurableSubscriptions" type="java.lang.String" value="AsCluster" required="false"/>
      <resourceProperties xmi:id="J2EEResourceProperty_1535536537444" name="Target" type="java.lang.String" required="false"/>
      <resourceProperties xmi:id="J2EEResourceProperty_1535536537445" name="TargetSignificance" type="java.lang.String" value="Preferred" required="false"/>
      <resourceProperties xmi:id="J2EEResourceProperty_1535536537446" name="TargetType" type="java.lang.String" value="BusMember" required="false"/>
      <resourceProperties xmi:id="J2EEResourceProperty_1535536537447" name="TemporaryQueueNamePrefix" type="java.lang.String" required="false"/>
      <resourceProperties xmi:id="J2EEResourceProperty_1535536537448" name="temporaryTopicNamePrefix" type="java.lang.String" required="false"/>
      <resourceProperties xmi:id="J2EEResourceProperty_1535536537449" name="UserName" type="java.lang.String" required="false"/>
      <resourceProperties xmi:id="J2EEResourceProperty_1535536537450" name="ProducerDoesNotModifyPayloadAfterSet" type="java.lang.String" required="false"/>
      <resourceProperties xmi:id="J2EEResourceProperty_1535536537451" name="ConsumerDoesNotModifyPayloadAfterGet" type="java.lang.String" required="false"/>
    </connectionDefTemplateProps>
    <connectionDefTemplateProps xmi:id="ConnectionDefTemplateProps_1535536537432" ConnectionDefinition="ConnectionDefinition_1535536537431">
      <resourceProperties xmi:id="J2EEResourceProperty_1535536537452" name="BusName" type="java.lang.String" required="false"/>
      <resourceProperties xmi:id="J2EEResourceProperty_1535536537453" name="ClientID" type="java.lang.String" required="false"/>
      <resourceProperties xmi:id="J2EEResourceProperty_1535536537454" name="ConnectionProximity" type="java.lang.String" value="Bus" required="false"/>
      <resourceProperties xmi:id="J2EEResourceProperty_1535536537455" name="DurableSubscriptionHome" type="java.lang.String" required="false"/>
      <resourceProperties xmi:id="J2EEResourceProperty_1535536537456" name="NonPersistentMapping" type="java.lang.String" value="ExpressNonPersistent" required="false"/>
      <resourceProperties xmi:id="J2EEResourceProperty_1535536537457" name="Password" type="java.lang.String" required="false"/>
      <resourceProperties xmi:id="J2EEResourceProperty_1535536537458" name="PersistentMapping" type="java.lang.String" value="ReliablePersistent" required="false"/>
      <resourceProperties xmi:id="J2EEResourceProperty_1535536537459" name="ProviderEndpoints" type="java.lang.String" required="false"/>
      <resourceProperties xmi:id="J2EEResourceProperty_1535536537460" name="ReadAhead" type="java.lang.String" value="Default" required="false"/>
      <resourceProperties xmi:id="J2EEResourceProperty_1535536537461" name="RemoteProtocol" type="java.lang.String" required="false"/>
      <resourceProperties xmi:id="J2EEResourceProperty_1535536537462" name="TargetTransportChain" type="java.lang.String" required="false"/>
      <resourceProperties xmi:id="J2EEResourceProperty_1535536537463" name="ShareDataSourceWithCMP" type="java.lang.Boolean" value="false" required="false"/>
      <resourceProperties xmi:id="J2EEResourceProperty_1535536537464" name="ShareDurableSubscriptions" type="java.lang.String" value="InCluster" required="false"/>
      <resourceProperties xmi:id="J2EEResourceProperty_1535536537465" name="Target" type="java.lang.String" required="false"/>
      <resourceProperties xmi:id="J2EEResourceProperty_1535536537466" name="TargetSignificance" type="java.lang.String" value="Preferred" required="false"/>
      <resourceProperties xmi:id="J2EEResourceProperty_1535536537467" name="TargetType" type="java.lang.String" value="BusMember" required="false"/>
      <resourceProperties xmi:id="J2EEResourceProperty_1535536537468" name="temporaryQueueNamePrefix" type="java.lang.String" required="false"/>
      <resourceProperties xmi:id="J2EEResourceProperty_1535536537469" name="TemporaryTopicNamePrefix" type="java.lang.String" required="false"/>
      <resourceProperties xmi:id="J2EEResourceProperty_1535536537470" name="UserName" type="java.lang.String" required="false"/>
      <resourceProperties xmi:id="J2EEResourceProperty_1535536537471" name="ProducerDoesNotModifyPayloadAfterSet" type="java.lang.String" required="false"/>
      <resourceProperties xmi:id="J2EEResourceProperty_1535536537472" name="ConsumerDoesNotModifyPayloadAfterGet" type="java.lang.String" required="false"/>
    </connectionDefTemplateProps>
    <connectionDefTemplateProps xmi:id="ConnectionDefTemplateProps_1535536537433" ConnectionDefinition="ConnectionDefinition_1535536537432">
      <resourceProperties xmi:id="J2EEResourceProperty_1535536537473" name="BusName" type="java.lang.String" required="false"/>
      <resourceProperties xmi:id="J2EEResourceProperty_1535536537474" name="ClientID" type="java.lang.String" required="false"/>
      <resourceProperties xmi:id="J2EEResourceProperty_1535536537475" name="ConnectionProximity" type="java.lang.String" value="Bus" required="false"/>
      <resourceProperties xmi:id="J2EEResourceProperty_1535536537476" name="DurableSubscriptionHome" type="java.lang.String" required="false"/>
      <resourceProperties xmi:id="J2EEResourceProperty_1535536537477" name="NonPersistentMapping" type="java.lang.String" value="ExpressNonPersistent" required="false"/>
      <resourceProperties xmi:id="J2EEResourceProperty_1535536537478" name="Password" type="java.lang.String" required="false"/>
      <resourceProperties xmi:id="J2EEResourceProperty_1535536537479" name="PersistentMapping" type="java.lang.String" value="ReliablePersistent" required="false"/>
      <resourceProperties xmi:id="J2EEResourceProperty_1535536537480" name="ProviderEndpoints" type="java.lang.String" required="false"/>
      <resourceProperties xmi:id="J2EEResourceProperty_1535536537481" name="ReadAhead" type="java.lang.String" value="Default" required="false"/>
      <resourceProperties xmi:id="J2EEResourceProperty_1535536537482" name="RemoteProtocol" type="java.lang.String" required="false"/>
      <resourceProperties xmi:id="J2EEResourceProperty_1535536537483" name="TargetTransportChain" type="java.lang.String" required="false"/>
      <resourceProperties xmi:id="J2EEResourceProperty_1535536537484" name="ShareDataSourceWithCMP" type="java.lang.Boolean" value="false" required="false"/>
      <resourceProperties xmi:id="J2EEResourceProperty_1535536537485" name="ShareDurableSubscriptions" type="java.lang.String" value="InCluster" required="false"/>
      <resourceProperties xmi:id="J2EEResourceProperty_1535536537486" name="Target" type="java.lang.String" required="false"/>
      <resourceProperties xmi:id="J2EEResourceProperty_1535536537487" name="TargetSignificance" type="java.lang.String" value="Preferred" required="false"/>
      <resourceProperties xmi:id="J2EEResourceProperty_1535536537488" name="TargetType" type="java.lang.String" value="BusMember" required="false"/>
      <resourceProperties xmi:id="J2EEResourceProperty_1535536537489" name="TemporaryQueueNamePrefix" type="java.lang.String" required="false"/>
      <resourceProperties xmi:id="J2EEResourceProperty_1535536537490" name="TemporaryTopicNamePrefix" type="java.lang.String" required="false"/>
      <resourceProperties xmi:id="J2EEResourceProperty_1535536537491" name="UserName" type="java.lang.String" required="false"/>
      <resourceProperties xmi:id="J2EEResourceProperty_1535536537492" name="ProducerDoesNotModifyPayloadAfterSet" type="java.lang.String" required="false"/>
      <resourceProperties xmi:id="J2EEResourceProperty_1535536537493" name="ConsumerDoesNotModifyPayloadAfterGet" type="java.lang.String" required="false"/>
    </connectionDefTemplateProps>
    <activationSpecTemplateProps xmi:id="ActivationSpecTemplateProps_1535536537435" activationSpec="ActivationSpec_1535536537431">
      <resourceProperties xmi:id="J2EEResourceProperty_1535536537494" name="acknowledgeMode" type="java.lang.String" value="Auto-acknowledge" required="false"/>
      <resourceProperties xmi:id="J2EEResourceProperty_1535536537495" name="alwaysActivateAllMDBs" type="java.lang.Boolean" value="false" required="false"/>
      <resourceProperties xmi:id="J2EEResourceProperty_1535536537496" name="AutoStopSequentialMessageFailure" type="java.lang.Integer" value="0" required="false"/>
      <resourceProperties xmi:id="J2EEResourceProperty_1535536537497" name="busName" type="java.lang.String" required="false"/>
      <resourceProperties xmi:id="J2EEResourceProperty_1535536537498" name="clientId" type="java.lang.String" required="false"/>
      <resourceProperties xmi:id="J2EEResourceProperty_1535536537499" name="destination" type="javax.jms.Destination" required="false"/>
      <resourceProperties xmi:id="J2EEResourceProperty_1535536537500" name="destinationType" type="java.lang.String" required="true"/>
      <resourceProperties xmi:id="J2EEResourceProperty_1535536537501" name="durableSubscriptionHome" type="java.lang.String" required="false"/>
      <resourceProperties xmi:id="J2EEResourceProperty_1535536537502" name="failingMessageDelay" type="java.lang.Long" value="0" required="false"/>
      <resourceProperties xmi:id="J2EEResourceProperty_1535536537503" name="maxBatchSize" type="java.lang.Integer" value="1" required="false"/>
      <resourceProperties xmi:id="J2EEResourceProperty_1535536537504" name="maxConcurrency" type="java.lang.Integer" value="10" required="false"/>
      <resourceProperties xmi:id="J2EEResourceProperty_1535536537505" name="maxSequentialMessageFailure" type="java.lang.Integer" value="-1" required="false"/>
      <resourceProperties xmi:id="J2EEResourceProperty_1535536537506" name="messageSelector" type="java.lang.String" required="false"/>
      <resourceProperties xmi:id="J2EEResourceProperty_1535536537507" name="password" type="java.lang.String" required="false"/>
      <resourceProperties xmi:id="J2EEResourceProperty_1535536537508" name="providerEndpoints" type="java.lang.String" required="false"/>
      <resourceProperties xmi:id="J2EEResourceProperty_1535536537509" name="readAhead" type="java.lang.String" value="Default" required="false"/>
      <resourceProperties xmi:id="J2EEResourceProperty_1535536537510" name="retryInterval" type="java.lang.Integer" value="30" required="false"/>
      <resourceProperties xmi:id="J2EEResourceProperty_1535536537511" name="shareDataSourceWithCMP" type="java.lang.Boolean" value="false" required="false"/>
      <resourceProperties xmi:id="J2EEResourceProperty_1535536537512" name="shareDurableSubscriptions" type="java.lang.String" value="InCluster" required="false"/>
      <resourceProperties xmi:id="J2EEResourceProperty_1535536537513" name="subscriptionDurability" type="java.lang.String" value="NonDurable" required="false"/>
      <resourceProperties xmi:id="J2EEResourceProperty_1535536537514" name="subscriptionName" type="java.lang.String" required="false"/>
      <resourceProperties xmi:id="J2EEResourceProperty_1535536537515" name="target" type="java.lang.String" required="false"/>
      <resourceProperties xmi:id="J2EEResourceProperty_1535536537516" name="targetSignificance" type="java.lang.String" required="false"/>
      <resourceProperties xmi:id="J2EEResourceProperty_1535536537517" name="targetTransportChain" type="java.lang.String" required="false"/>
      <resourceProperties xmi:id="J2EEResourceProperty_1535536537518" name="targetType" type="java.lang.String" required="false"/>
      <resourceProperties xmi:id="J2EEResourceProperty_1535536537519" name="userName" type="java.lang.String" required="false"/>
      <resourceProperties xmi:id="J2EEResourceProperty_1535536537520" name="ConsumerDoesNotModifyPayloadAfterGet" type="java.lang.String" required="false"/>
      <resourceProperties xmi:id="J2EEResourceProperty_1535536537521" name="ForwarderDoesNotModifyPayloadAfterSet" type="java.lang.String" required="false"/>
      <resourceProperties xmi:id="J2EEResourceProperty_1535536537522" name="useServerSubject" type="java.lang.Boolean" required="false"/>
      <complexPropertySet xmi:id="J2EEResourcePropertySet_1535536537436">
        <resourceProperties xmi:id="J2EEResourceProperty_1535536537523" name="destination" type="javax.jms.Destination" required="false"/>
      </complexPropertySet>
    </activationSpecTemplateProps>
    <adminObjectTemplateProps xmi:id="AdminObjectTemplateProps_1535536537436" adminObject="AdminObject_1535536537431">
      <properties xmi:id="J2EEResourceProperty_1535536537524" name="BusName" type="java.lang.String" required="false"/>
      <properties xmi:id="J2EEResourceProperty_1535536537525" name="DeliveryMode" type="java.lang.String" value="Application" required="false"/>
      <properties xmi:id="J2EEResourceProperty_1535536537526" name="forwardRoutingPath" type="[Ljava.lang.String;" required="false"/>
      <properties xmi:id="J2EEResourceProperty_1535536537527" name="Priority" type="java.lang.Integer" required="false"/>
      <properties xmi:id="J2EEResourceProperty_1535536537528" name="QueueName" type="java.lang.String" required="false"/>
      <properties xmi:id="J2EEResourceProperty_1535536537529" name="ReadAhead" type="java.lang.String" value="AsConnection" required="false"/>
      <properties xmi:id="J2EEResourceProperty_1535536537530" name="reverseRoutingPath" type="[Ljava.lang.String;" required="false"/>
      <properties xmi:id="J2EEResourceProperty_1535536537531" name="TimeToLive" type="java.lang.Long" required="false"/>
    </adminObjectTemplateProps>
    <adminObjectTemplateProps xmi:id="AdminObjectTemplateProps_1535536537440" adminObject="AdminObject_1535536537432">
      <properties xmi:id="J2EEResourceProperty_1535536537532" name="BusName" type="java.lang.String" required="false"/>
      <properties xmi:id="J2EEResourceProperty_1535536537533" name="DeliveryMode" type="java.lang.String" value="Application" required="false"/>
      <properties xmi:id="J2EEResourceProperty_1535536537534" name="forwardRoutingPath" type="[Ljava.lang.String;" required="false"/>
      <properties xmi:id="J2EEResourceProperty_1535536537535" name="Priority" type="java.lang.Integer" required="false"/>
      <properties xmi:id="J2EEResourceProperty_1535536537536" name="ReadAhead" type="java.lang.String" value="AsConnection" required="false"/>
      <properties xmi:id="J2EEResourceProperty_1535536537537" name="reverseRoutingPath" type="[Ljava.lang.String;" required="false"/>
      <properties xmi:id="J2EEResourceProperty_1535536537538" name="TimeToLive" type="java.lang.Long" required="false"/>
      <properties xmi:id="J2EEResourceProperty_1535536537539" name="TopicName" type="java.lang.String" required="false"/>
      <properties xmi:id="J2EEResourceProperty_1535536537540" name="TopicSpace" type="java.lang.String" value="Default.Topic.Space" required="false"/>
    </adminObjectTemplateProps>
  </resources.j2c:J2CResourceAdapter>
  <resources.j2c:J2CResourceAdapter xmi:id="J2CResourceAdapter_1535536537500" name="WebSphere MQ Resource Adapter" description="WAS Built In WebSphere MQ Resource Adapter" isolatedClassLoader="false" archivePath="${WAS_INSTALL_ROOT}/installedConnectors/wmq.jmsra.rar" threadPoolAlias="WMQJCAResourceAdapter" singleton="false" hACapability="RA_NO_HA" isEnableHASupport="false">
    <classpath>${WAS_INSTALL_ROOT}/installedConnectors/wmq.jmsra.rar</classpath>
    <propertySet xmi:id="J2EEResourcePropertySet_1535536537502">
      <resourceProperties xmi:id="J2EEResourceProperty_1535536537541" name="connectionConcurrency" type="int" value="1" description="connectionConcurrency" required="false"/>
      <resourceProperties xmi:id="J2EEResourceProperty_1535536537542" name="maxConnections" type="int" value="50" description="maxConnections" required="false"/>
      <resourceProperties xmi:id="J2EEResourceProperty_1535536537543" name="logWriterEnabled" type="boolean" value="true" description="logWriterEnabled" required="false"/>
      <resourceProperties xmi:id="J2EEResourceProperty_1535536537544" name="reconnectionRetryCount" type="int" value="5" description="reconnectionRetryCount" required="false"/>
      <resourceProperties xmi:id="J2EEResourceProperty_1535536537545" name="reconnectionRetryInterval" type="int" value="300000" description="reconnectionRetryInterval" required="false"/>
      <resourceProperties xmi:id="J2EEResourceProperty_1535536537546" name="startupRetryCount" type="int" value="0" description="startupRetryCount" required="false"/>
      <resourceProperties xmi:id="J2EEResourceProperty_1535536537547" name="startupRetryInterval" type="int" value="30000" description="startupRetryInterval" required="false"/>
      <resourceProperties xmi:id="J2EEResourceProperty_1535536537548" name="traceEnabled" type="boolean" value="false" description="traceEnabled" required="false"/>
      <resourceProperties xmi:id="J2EEResourceProperty_1535536537549" name="traceLevel" type="int" value="3" description="traceLevel" required="false"/>
    </propertySet>
    <deploymentDescriptor xmi:id="Connector_1535536537502" displayName="WebSphere MQ Resource Adapter" vendorName="International Business Machines Corporation (&quot;IBM&quot;)." specVersion="1.5" eisType="Java Message Service" version="7.1.0.7-k710-007-151026">
      <displayNames xmi:id="DisplayName_1535536537502" value="WebSphere MQ Resource Adapter"/>
      <license xmi:id="License_1535536537502" required="true">
        <descriptions xmi:id="Description_1535536537502" value="&#xA;&#x9;&#x9;&#x9;This software is licenced under the IBM International&#xA;&#x9;&#x9;&#x9;Program License Agreement (&quot;IPLA&quot;). For licence information,&#xA;&#x9;&#x9;&#x9;see the WebSphere MQ Licence Information (&quot;LI&quot;) available at&#xA;&#x9;&#x9;&#x9;http://www.ibm.com/software/sla/. The LI may also be found&#xA;&#x9;&#x9;&#x9;in a file in the WebSphere MQ installation directory.&#xA;&#x9;&#x9;"/>
      </license>
      <resourceAdapter xmi:id="ResourceAdapter_1535536537502" transactionSupport="XATransaction" reauthenticationSupport="false" resourceAdapterClass="com.ibm.mq.connector.ResourceAdapterImpl">
        <securityPermissions xmi:id="SecurityPermission_1535536537502" description="Security Permissions for the JMS client" specification="&#xA;&#x9;&#x9;&#x9;&#x9;grant { &#xA;&#x9;&#x9;&#x9;&#x9;&#x9;permission java.security.AllPermission; &#xA;&#x9;&#x9;&#x9;&#x9;};&#xA;&#x9;&#x9;&#x9;"/>
        <configProperties xmi:id="ConfigProperty_1535536537502" description="connectionConcurrency" name="connectionConcurrency" type="java.lang.String"/>
        <configProperties xmi:id="ConfigProperty_1535536537503" description="maxConnections" name="maxConnections" type="java.lang.String"/>
        <configProperties xmi:id="ConfigProperty_1535536537504" description="logWriterEnabled" name="logWriterEnabled" type="java.lang.String"/>
        <configProperties xmi:id="ConfigProperty_1535536537505" description="reconnectionRetryCount" name="reconnectionRetryCount" type="java.lang.String"/>
        <configProperties xmi:id="ConfigProperty_1535536537506" description="reconnectionRetryInterval" name="reconnectionRetryInterval" type="java.lang.String"/>
        <configProperties xmi:id="ConfigProperty_1535536537507" description="startupRetryCount" name="startupRetryCount" type="java.lang.String"/>
        <configProperties xmi:id="ConfigProperty_1535536537508" description="startupRetryInterval" name="startupRetryInterval" type="java.lang.String"/>
        <configProperties xmi:id="ConfigProperty_1535536537509" description="traceEnabled" name="traceEnabled" type="java.lang.String"/>
        <configProperties xmi:id="ConfigProperty_1535536537510" description="traceLevel" name="traceLevel" type="java.lang.String"/>
        <inboundResourceAdapter xmi:id="InboundResourceAdapter_1535536537502">
          <messageAdapter xmi:id="MessageAdapter_1535536537502">
            <messageListeners xmi:id="MessageListener_1535536537502" messageListenerType="javax.jms.MessageListener">
              <activationSpec xmi:id="ActivationSpec_1535536537502" activationSpecClass="com.ibm.mq.connector.inbound.ActivationSpecImpl">
                <requiredConfigProperties xmi:id="RequiredConfigPropertyType_1535536537502" name="destination"/>
                <requiredConfigProperties xmi:id="RequiredConfigPropertyType_1535536537503" name="destinationType"/>
              </activationSpec>
            </messageListeners>
          </messageAdapter>
        </inboundResourceAdapter>
      </resourceAdapter>
    </deploymentDescriptor>
    <activationSpecTemplateProps xmi:id="ActivationSpecTemplateProps_1535536537502" activationSpec="ActivationSpec_1535536537502">
      <resourceProperties xmi:id="J2EEResourceProperty_1535536537550" name="CCSID" type="int" value="819" description="CCSID" required="false"/>
      <resourceProperties xmi:id="J2EEResourceProperty_1535536537551" name="acknowledgeMode" type="int" value="1" description="acknowledgeMode" required="false"/>
      <resourceProperties xmi:id="J2EEResourceProperty_1535536537552" name="arbitraryProperties" type="java.lang.String" description="arbitraryProperties" required="false"/>
      <resourceProperties xmi:id="J2EEResourceProperty_1535536537553" name="brokerCCDurSubQueue" type="java.lang.String" value="SYSTEM.JMS.D.CC.SUBSCRIBER.QUEUE" description="brokerCCDurSubQueue" required="false"/>
      <resourceProperties xmi:id="J2EEResourceProperty_1535536537554" name="brokerCCSubQueue" type="java.lang.String" value="SYSTEM.JMS.ND.CC.SUBSCRIBER.QUEUE" description="brokerCCSubQueue" required="false"/>
      <resourceProperties xmi:id="J2EEResourceProperty_1535536537555" name="brokerControlQueue" type="java.lang.String" value="SYSTEM.BROKER.CONTROL.QUEUE" description="brokerControlQueue" required="false"/>
      <resourceProperties xmi:id="J2EEResourceProperty_1535536537556" name="brokerPubQueue" type="java.lang.String" value="SYSTEM.BROKER.DEFAULT.STREAM" description="brokerPubQueue" required="false"/>
      <resourceProperties xmi:id="J2EEResourceProperty_1535536537557" name="brokerQueueManager" type="java.lang.String" description="brokerQueueManager" required="false"/>
      <resourceProperties xmi:id="J2EEResourceProperty_1535536537558" name="brokerSubQueue" type="java.lang.String" value="SYSTEM.JMS.ND.SUBSCRIBER.QUEUE" description="brokerSubQueue" required="false"/>
      <resourceProperties xmi:id="J2EEResourceProperty_1535536537559" name="brokerVersion" type="java.lang.String" value="1" description="brokerVersion" required="false"/>
      <resourceProperties xmi:id="J2EEResourceProperty_1535536537560" name="ccdtURL" type="java.lang.String" description="ccdtURL" required="false"/>
      <resourceProperties xmi:id="J2EEResourceProperty_1535536537561" name="channel" type="java.lang.String" value="SYSTEM.DEF.SVRCONN" description="channel" required="false"/>
      <resourceProperties xmi:id="J2EEResourceProperty_1535536537562" name="cleanupInterval" type="long" value="3600000" description="cleanupInterval" required="false"/>
      <resourceProperties xmi:id="J2EEResourceProperty_1535536537563" name="cleanupLevel" type="java.lang.String" value="SAFE" description="cleanupLevel" required="false"/>
      <resourceProperties xmi:id="J2EEResourceProperty_1535536537564" name="clientID" type="java.lang.String" description="clientID" required="false"/>
      <resourceProperties xmi:id="J2EEResourceProperty_1535536537565" name="clientId" type="java.lang.String" description="clientId" required="false"/>
      <resourceProperties xmi:id="J2EEResourceProperty_1535536537566" name="cloneSupport" type="java.lang.String" value="DISABLED" description="cloneSupport" required="false"/>
      <resourceProperties xmi:id="J2EEResourceProperty_1535536537567" name="connectionNameList" type="java.lang.String" value="localhost(1414)" description="connectionNameList" required="false"/>
      <resourceProperties xmi:id="J2EEResourceProperty_1535536537568" name="destination" type="java.lang.String" value="SYSTEM.DEFAULT.LOCAL.QUEUE" description="destination" required="true"/>
      <resourceProperties xmi:id="J2EEResourceProperty_1535536537569" name="destinationType" type="java.lang.String" value="javax.jms.Queue" description="destinationType" required="true"/>
      <resourceProperties xmi:id="J2EEResourceProperty_1535536537570" name="failIfQuiesce" type="boolean" value="true" description="failIfQuiesce" required="false"/>
      <resourceProperties xmi:id="J2EEResourceProperty_1535536537571" name="headerCompression" type="java.lang.String" value="NONE" description="headerCompression" required="false"/>
      <resourceProperties xmi:id="J2EEResourceProperty_1535536537572" name="hostName" type="java.lang.String" value="localhost" description="hostName" required="false"/>
      <resourceProperties xmi:id="J2EEResourceProperty_1535536537573" name="localAddress" type="java.lang.String" description="localAddress" required="false"/>
      <resourceProperties xmi:id="J2EEResourceProperty_1535536537574" name="maxMessages" type="int" value="1" description="maxMessages" required="false"/>
      <resourceProperties xmi:id="J2EEResourceProperty_1535536537575" name="maxPoolDepth" type="int" value="10" description="maxPoolDepth" required="false"/>
      <resourceProperties xmi:id="J2EEResourceProperty_1535536537576" name="messageBatchSize" type="int" value="10" description="messageBatchSize" required="false"/>
      <resourceProperties xmi:id="J2EEResourceProperty_1535536537577" name="messageCompression" type="java.lang.String" value="NONE" description="messageCompression" required="false"/>
      <resourceProperties xmi:id="J2EEResourceProperty_1535536537578" name="messageRetention" type="java.lang.String" value="YES" description="messageRetention" required="false"/>
      <resourceProperties xmi:id="J2EEResourceProperty_1535536537579" name="messageSelection" type="java.lang.String" value="CLIENT" description="messageSelection" required="false"/>
      <resourceProperties xmi:id="J2EEResourceProperty_1535536537580" name="messageSelector" type="java.lang.String" description="messageSelector" required="false"/>
      <resourceProperties xmi:id="J2EEResourceProperty_1535536537581" name="nonASFRollbackEnabled" type="boolean" value="false" description="nonASFRollbackEnabled" required="false"/>
      <resourceProperties xmi:id="J2EEResourceProperty_1535536537582" name="nonASFTimeout" type="int" value="0" description="nonASFTimeout" required="false"/>
      <resourceProperties xmi:id="J2EEResourceProperty_1535536537583" name="password" type="java.lang.String" description="password" required="false"/>
      <resourceProperties xmi:id="J2EEResourceProperty_1535536537584" name="pollingInterval" type="int" value="5000" description="pollingInterval" required="false"/>
      <resourceProperties xmi:id="J2EEResourceProperty_1535536537585" name="poolTimeout" type="int" value="300000" description="poolTimeout" required="false"/>
      <resourceProperties xmi:id="J2EEResourceProperty_1535536537586" name="port" type="int" value="1414" description="port" required="false"/>
      <resourceProperties xmi:id="J2EEResourceProperty_1535536537587" name="providerVersion" type="java.lang.String" value="UNSPECIFIED" description="providerVersion" required="false"/>
      <resourceProperties xmi:id="J2EEResourceProperty_1535536537588" name="queueManager" type="java.lang.String" description="queueManager" required="false"/>
      <resourceProperties xmi:id="J2EEResourceProperty_1535536537589" name="readAheadAllowed" type="java.lang.String" value="DESTINATION" description="readAheadAllowed" required="false"/>
      <resourceProperties xmi:id="J2EEResourceProperty_1535536537590" name="readAheadClosePolicy" type="java.lang.String" value="ALL" description="readAheadClosePolicy" required="false"/>
      <resourceProperties xmi:id="J2EEResourceProperty_1535536537591" name="receiveCCSID" type="int" value="1208" description="receiveCCSID" required="false"/>
      <resourceProperties xmi:id="J2EEResourceProperty_1535536537592" name="receiveConversion" type="java.lang.String" value="CLIENT_MSG" description="receiveConversion" required="false"/>
      <resourceProperties xmi:id="J2EEResourceProperty_1535536537593" name="receiveExit" type="java.lang.String" description="receiveExit" required="false"/>
      <resourceProperties xmi:id="J2EEResourceProperty_1535536537594" name="receiveExitInit" type="java.lang.String" description="receiveExitInit" required="false"/>
      <resourceProperties xmi:id="J2EEResourceProperty_1535536537595" name="rescanInterval" type="int" value="5000" description="rescanInterval" required="false"/>
      <resourceProperties xmi:id="J2EEResourceProperty_1535536537596" name="securityExit" type="java.lang.String" description="securityExit" required="false"/>
      <resourceProperties xmi:id="J2EEResourceProperty_1535536537597" name="securityExitInit" type="java.lang.String" description="securityExitInit" required="false"/>
      <resourceProperties xmi:id="J2EEResourceProperty_1535536537598" name="sendExit" type="java.lang.String" description="sendExit" required="false"/>
      <resourceProperties xmi:id="J2EEResourceProperty_1535536537599" name="sendExitInit" type="java.lang.String" description="sendExitInit" required="false"/>
      <resourceProperties xmi:id="J2EEResourceProperty_1535536537600" name="shareConvAllowed" type="java.lang.String" value="YES" description="shareConvAllowed" required="false"/>
      <resourceProperties xmi:id="J2EEResourceProperty_1535536537601" name="sparseSubscriptions" type="java.lang.String" value="FALSE" description="sparseSubscriptions" required="false"/>
      <resourceProperties xmi:id="J2EEResourceProperty_1535536537602" name="sslCertStores" type="java.lang.String" description="sslCertStores" required="false"/>
      <resourceProperties xmi:id="J2EEResourceProperty_1535536537603" name="sslCipherSuite" type="java.lang.String" description="sslCipherSuite" required="false"/>
      <resourceProperties xmi:id="J2EEResourceProperty_1535536537604" name="sslFipsRequired" type="boolean" value="false" description="sslFipsRequired" required="false"/>
      <resourceProperties xmi:id="J2EEResourceProperty_1535536537605" name="sslPeerName" type="java.lang.String" description="sslPeerName" required="false"/>
      <resourceProperties xmi:id="J2EEResourceProperty_1535536537606" name="sslResetCount" type="int" value="0" description="sslResetCount" required="false"/>
      <resourceProperties xmi:id="J2EEResourceProperty_1535536537607" name="sslSocketFactory" type="java.lang.String" description="sslSocketFactory" required="false"/>
      <resourceProperties xmi:id="J2EEResourceProperty_1535536537608" name="startTimeout" type="int" value="10000" description="startTimeout" required="false"/>
      <resourceProperties xmi:id="J2EEResourceProperty_1535536537609" name="statusRefreshInterval" type="int" value="60000" description="statusRefreshInterval" required="false"/>
      <resourceProperties xmi:id="J2EEResourceProperty_1535536537610" name="subscriptionDurability" type="java.lang.String" value="NonDurable" description="subscriptionDurability" required="false"/>
      <resourceProperties xmi:id="J2EEResourceProperty_1535536537611" name="subscriptionName" type="java.lang.String" description="subscriptionName" required="false"/>
      <resourceProperties xmi:id="J2EEResourceProperty_1535536537612" name="subscriptionStore" type="java.lang.String" value="MIGRATE" description="subscriptionStore" required="false"/>
      <resourceProperties xmi:id="J2EEResourceProperty_1535536537613" name="transportType" type="java.lang.String" value="CLIENT" description="transportType" required="false"/>
      <resourceProperties xmi:id="J2EEResourceProperty_1535536537614" name="useJNDI" type="boolean" value="false" description="useJNDI" required="false"/>
      <resourceProperties xmi:id="J2EEResourceProperty_1535536537615" name="username" type="java.lang.String" description="username" required="false"/>
      <resourceProperties xmi:id="J2EEResourceProperty_1535536537616" name="wildcardFormat" type="java.lang.String" value="TOPIC" description="wildcardFormat" required="false"/>
    </activationSpecTemplateProps>
  </resources.j2c:J2CResourceAdapter>
</xmi:XMI>
