<?xml version="1.0" encoding="UTF-8"?>
<serverindex:ServerIndex xmi:version="2.0" xmlns:xmi="http://www.omg.org/XMI" xmlns:serverindex="http://www.ibm.com/websphere/appserver/schemas/5.0/serverindex.xmi" xmi:id="ServerIndex_1" hostName="websphere90nd" endPointRefs="NamedEndPoint_1534520053873 NamedEndPoint_1534520053874 NamedEndPoint_1534520053875 NamedEndPoint_1534520053876 NamedEndPoint_1534520053877 NamedEndPoint_1534520053878 NamedEndPoint_1534520053879">
  <serverEntries xmi:id="ServerEntry_1183122129640" serverName="server1" serverType="APPLICATION_SERVER">
    <deployedApplications>ibmasyncrsp.ear/deployments/ibmasyncrsp</deployedApplications>
    <specialEndpoints xmi:id="NamedEndPoint_1183122129640" endPointName="BOOTSTRAP_ADDRESS">
      <endPoint xmi:id="EndPoint_1183122129640" host="websphere90nd" port="9810"/>
    </specialEndpoints>
    <specialEndpoints xmi:id="NamedEndPoint_1183122129641" endPointName="SOAP_CONNECTOR_ADDRESS">
      <endPoint xmi:id="EndPoint_1183122129641" host="websphere90nd" port="8880"/>
    </specialEndpoints>
    <specialEndpoints xmi:id="NamedEndPoint_1183122129642" endPointName="ORB_LISTENER_ADDRESS">
      <endPoint xmi:id="EndPoint_1183122129642" host="websphere90nd" port="9101"/>
    </specialEndpoints>
    <specialEndpoints xmi:id="NamedEndPoint_1183122129643" endPointName="SAS_SSL_SERVERAUTH_LISTENER_ADDRESS">
      <endPoint xmi:id="EndPoint_1183122129643" host="websphere90nd" port="9406"/>
    </specialEndpoints>
    <specialEndpoints xmi:id="NamedEndPoint_1183122129644" endPointName="CSIV2_SSL_SERVERAUTH_LISTENER_ADDRESS">
      <endPoint xmi:id="EndPoint_1183122129644" host="websphere90nd" port="9405"/>
    </specialEndpoints>
    <specialEndpoints xmi:id="NamedEndPoint_1183122129645" endPointName="CSIV2_SSL_MUTUALAUTH_LISTENER_ADDRESS">
      <endPoint xmi:id="EndPoint_1183122129645" host="websphere90nd" port="9404"/>
    </specialEndpoints>
    <specialEndpoints xmi:id="NamedEndPoint_1183122129646" endPointName="WC_adminhost">
      <endPoint xmi:id="EndPoint_1183122129646" host="*" port="9061"/>
    </specialEndpoints>
    <specialEndpoints xmi:id="NamedEndPoint_1183122129647" endPointName="WC_defaulthost">
      <endPoint xmi:id="EndPoint_1183122129647" host="*" port="9080"/>
    </specialEndpoints>
    <specialEndpoints xmi:id="NamedEndPoint_1183122129648" endPointName="DCS_UNICAST_ADDRESS">
      <endPoint xmi:id="EndPoint_1183122129648" host="*" port="9353"/>
    </specialEndpoints>
    <specialEndpoints xmi:id="NamedEndPoint_1183122129649" endPointName="WC_adminhost_secure">
      <endPoint xmi:id="EndPoint_1183122129649" host="*" port="9044"/>
    </specialEndpoints>
    <specialEndpoints xmi:id="NamedEndPoint_1183122129650" endPointName="WC_defaulthost_secure">
      <endPoint xmi:id="EndPoint_1183122129650" host="*" port="9443"/>
    </specialEndpoints>
    <specialEndpoints xmi:id="NamedEndPoint_1183122129651" endPointName="SIP_DEFAULTHOST">
      <endPoint xmi:id="EndPoint_1183122129651" host="*" port="5060"/>
    </specialEndpoints>
    <specialEndpoints xmi:id="NamedEndPoint_1183122129652" endPointName="SIP_DEFAULTHOST_SECURE">
      <endPoint xmi:id="EndPoint_1183122129652" host="*" port="5061"/>
    </specialEndpoints>
    <specialEndpoints xmi:id="NamedEndPoint_1183122129653" endPointName="SIB_ENDPOINT_ADDRESS">
      <endPoint xmi:id="EndPoint_1534519756555" host="*" port="7276"/>
    </specialEndpoints>
    <specialEndpoints xmi:id="NamedEndPoint_1183122129654" endPointName="SIB_ENDPOINT_SECURE_ADDRESS">
      <endPoint xmi:id="EndPoint_1534519756557" host="*" port="7286"/>
    </specialEndpoints>
    <specialEndpoints xmi:id="NamedEndPoint_1183122129655" endPointName="SIB_MQ_ENDPOINT_ADDRESS">
      <endPoint xmi:id="EndPoint_1534519756558" host="*" port="5558"/>
    </specialEndpoints>
    <specialEndpoints xmi:id="NamedEndPoint_1183122129656" endPointName="SIB_MQ_ENDPOINT_SECURE_ADDRESS">
      <endPoint xmi:id="EndPoint_1534519756560" host="*" port="5578"/>
    </specialEndpoints>
    <specialEndpoints xmi:id="NamedEndPoint_1183122129657" endPointName="IPC_CONNECTOR_ADDRESS">
      <endPoint xmi:id="EndPoint_1183122129657" host="${LOCALHOST_NAME}" port="9633"/>
    </specialEndpoints>
    <specialEndpoints xmi:id="NamedEndPoint_1183122129658" endPointName="OVERLAY_UDP_LISTENER_ADDRESS">
      <endPoint xmi:id="EndPoint_1183122129658" host="*" port="11003"/>
    </specialEndpoints>
    <specialEndpoints xmi:id="NamedEndPoint_1183122129659" endPointName="OVERLAY_TCP_LISTENER_ADDRESS">
      <endPoint xmi:id="EndPoint_1183122129659" host="*" port="11004"/>
    </specialEndpoints>
  </serverEntries>
  <serverEntries xmi:id="ServerEntry_1534520053874" serverDisplayName="nodeagent" serverName="nodeagent" serverType="NODE_AGENT">
    <specialEndpoints xmi:id="NamedEndPoint_1534520053880" endPointName="BOOTSTRAP_ADDRESS">
      <endPoint xmi:id="EndPoint_1534520053875" host="websphere90nd" port="16000"/>
    </specialEndpoints>
    <specialEndpoints xmi:id="NamedEndPoint_1534520053873" endPointName="CSIV2_SSL_MUTUALAUTH_LISTENER_ADDRESS">
      <endPoint xmi:id="EndPoint_1534520053876" host="websphere90nd" port="16001"/>
    </specialEndpoints>
    <specialEndpoints xmi:id="NamedEndPoint_1534520053874" endPointName="CSIV2_SSL_SERVERAUTH_LISTENER_ADDRESS">
      <endPoint xmi:id="EndPoint_1534520053877" host="websphere90nd" port="16002"/>
    </specialEndpoints>
    <specialEndpoints xmi:id="NamedEndPoint_1534520053881" endPointName="DCS_UNICAST_ADDRESS">
      <endPoint xmi:id="EndPoint_1534520053878" host="*" port="16003"/>
    </specialEndpoints>
    <specialEndpoints xmi:id="NamedEndPoint_1534520053875" endPointName="NODE_DISCOVERY_ADDRESS">
      <endPoint xmi:id="EndPoint_1534520053879" host="websphere90nd" port="16004"/>
    </specialEndpoints>
    <specialEndpoints xmi:id="NamedEndPoint_1534520053876" endPointName="NODE_IPV6_MULTICAST_DISCOVERY_ADDRESS">
      <endPoint xmi:id="EndPoint_1534520053880" host="ff01::1" port="16005"/>
    </specialEndpoints>
    <specialEndpoints xmi:id="NamedEndPoint_1534520053877" endPointName="NODE_MULTICAST_DISCOVERY_ADDRESS">
      <endPoint xmi:id="EndPoint_1534520053881" host="232.133.104.73" port="16006"/>
    </specialEndpoints>
    <specialEndpoints xmi:id="NamedEndPoint_1534520053878" endPointName="ORB_LISTENER_ADDRESS">
      <endPoint xmi:id="EndPoint_1534520053882" host="websphere90nd" port="16007"/>
    </specialEndpoints>
    <specialEndpoints xmi:id="NamedEndPoint_1534520053879" endPointName="SAS_SSL_SERVERAUTH_LISTENER_ADDRESS">
      <endPoint xmi:id="EndPoint_1534520053883" host="websphere90nd" port="16008"/>
    </specialEndpoints>
    <specialEndpoints xmi:id="NamedEndPoint_1534520053882" endPointName="SOAP_CONNECTOR_ADDRESS">
      <endPoint xmi:id="EndPoint_1534520053884" host="websphere90nd" port="16009"/>
    </specialEndpoints>
    <specialEndpoints xmi:id="NamedEndPoint_1534520053883" endPointName="IPC_CONNECTOR_ADDRESS">
      <endPoint xmi:id="EndPoint_1534520053885" host="localhost" port="16010"/>
    </specialEndpoints>
    <specialEndpoints xmi:id="NamedEndPoint_1534520053884" endPointName="XDAGENT_PORT">
      <endPoint xmi:id="EndPoint_1534520053886" host="websphere90nd" port="16011"/>
    </specialEndpoints>
    <specialEndpoints xmi:id="NamedEndPoint_1534520053885" endPointName="OVERLAY_TCP_LISTENER_ADDRESS">
      <endPoint xmi:id="EndPoint_1534520053887" host="websphere90nd" port="16012"/>
    </specialEndpoints>
    <specialEndpoints xmi:id="NamedEndPoint_1534520053886" endPointName="OVERLAY_UDP_LISTENER_ADDRESS">
      <endPoint xmi:id="EndPoint_1534520053888" host="websphere90nd" port="16013"/>
    </specialEndpoints>
  </serverEntries>
  <serverEntries xmi:id="ServerEntry_1534523479355" serverName="server2" serverType="APPLICATION_SERVER">
    <deployedApplications>ibmasyncrsp.ear/deployments/ibmasyncrsp</deployedApplications>
    <specialEndpoints xmi:id="NamedEndPoint_1534523479355" endPointName="BOOTSTRAP_ADDRESS">
      <endPoint xmi:id="EndPoint_1534523479355" host="websphere90nd" port="9812"/>
    </specialEndpoints>
    <specialEndpoints xmi:id="NamedEndPoint_1534523479356" endPointName="SOAP_CONNECTOR_ADDRESS">
      <endPoint xmi:id="EndPoint_1534523479356" host="websphere90nd" port="8882"/>
    </specialEndpoints>
    <specialEndpoints xmi:id="NamedEndPoint_1534523479357" endPointName="ORB_LISTENER_ADDRESS">
      <endPoint xmi:id="EndPoint_1534523479357" host="websphere90nd" port="9103"/>
    </specialEndpoints>
    <specialEndpoints xmi:id="NamedEndPoint_1534523479358" endPointName="SAS_SSL_SERVERAUTH_LISTENER_ADDRESS">
      <endPoint xmi:id="EndPoint_1534523479358" host="websphere90nd" port="9410"/>
    </specialEndpoints>
    <specialEndpoints xmi:id="NamedEndPoint_1534523479359" endPointName="CSIV2_SSL_SERVERAUTH_LISTENER_ADDRESS">
      <endPoint xmi:id="EndPoint_1534523479359" host="websphere90nd" port="9411"/>
    </specialEndpoints>
    <specialEndpoints xmi:id="NamedEndPoint_1534523479360" endPointName="CSIV2_SSL_MUTUALAUTH_LISTENER_ADDRESS">
      <endPoint xmi:id="EndPoint_1534523479360" host="websphere90nd" port="9412"/>
    </specialEndpoints>
    <specialEndpoints xmi:id="NamedEndPoint_1534523479361" endPointName="WC_adminhost">
      <endPoint xmi:id="EndPoint_1534523479361" host="*" port="9063"/>
    </specialEndpoints>
    <specialEndpoints xmi:id="NamedEndPoint_1534523479362" endPointName="WC_defaulthost">
      <endPoint xmi:id="EndPoint_1534523479362" host="*" port="9082"/>
    </specialEndpoints>
    <specialEndpoints xmi:id="NamedEndPoint_1534523479363" endPointName="DCS_UNICAST_ADDRESS">
      <endPoint xmi:id="EndPoint_1534523479363" host="*" port="9355"/>
    </specialEndpoints>
    <specialEndpoints xmi:id="NamedEndPoint_1534523479364" endPointName="WC_adminhost_secure">
      <endPoint xmi:id="EndPoint_1534523479364" host="*" port="9046"/>
    </specialEndpoints>
    <specialEndpoints xmi:id="NamedEndPoint_1534523479365" endPointName="WC_defaulthost_secure">
      <endPoint xmi:id="EndPoint_1534523479365" host="*" port="9445"/>
    </specialEndpoints>
    <specialEndpoints xmi:id="NamedEndPoint_1534523479366" endPointName="SIP_DEFAULTHOST">
      <endPoint xmi:id="EndPoint_1534523479366" host="*" port="5064"/>
    </specialEndpoints>
    <specialEndpoints xmi:id="NamedEndPoint_1534523479367" endPointName="SIP_DEFAULTHOST_SECURE">
      <endPoint xmi:id="EndPoint_1534523479367" host="*" port="5065"/>
    </specialEndpoints>
    <specialEndpoints xmi:id="NamedEndPoint_1534523479368" endPointName="OVERLAY_UDP_LISTENER_ADDRESS">
      <endPoint xmi:id="EndPoint_1534523479368" host="*" port="11009"/>
    </specialEndpoints>
    <specialEndpoints xmi:id="NamedEndPoint_1534523479369" endPointName="OVERLAY_TCP_LISTENER_ADDRESS">
      <endPoint xmi:id="EndPoint_1534523479369" host="*" port="11010"/>
    </specialEndpoints>
    <specialEndpoints xmi:id="NamedEndPoint_1534523479370" endPointName="IPC_CONNECTOR_ADDRESS">
      <endPoint xmi:id="EndPoint_1534523479370" host="localhost" port="9635"/>
    </specialEndpoints>
    <specialEndpoints xmi:id="NamedEndPoint_1534523479371" endPointName="SIB_ENDPOINT_ADDRESS">
      <endPoint xmi:id="EndPoint_1534523479371" host="*" port="7279"/>
    </specialEndpoints>
    <specialEndpoints xmi:id="NamedEndPoint_1534523479372" endPointName="SIB_ENDPOINT_SECURE_ADDRESS">
      <endPoint xmi:id="EndPoint_1534523479372" host="*" port="7288"/>
    </specialEndpoints>
    <specialEndpoints xmi:id="NamedEndPoint_1534523479373" endPointName="SIB_MQ_ENDPOINT_ADDRESS">
      <endPoint xmi:id="EndPoint_1534523479373" host="*" port="5560"/>
    </specialEndpoints>
    <specialEndpoints xmi:id="NamedEndPoint_1534523479374" endPointName="SIB_MQ_ENDPOINT_SECURE_ADDRESS">
      <endPoint xmi:id="EndPoint_1534523479374" host="*" port="5580"/>
    </specialEndpoints>
  </serverEntries>
</serverindex:ServerIndex>
