<?xml version="1.0" encoding="UTF-8"?>
<middlewaredescriptors:MiddlewareDescriptor xmi:version="2.0" xmlns:xmi="http://www.omg.org/XMI" xmlns:middlewaredescriptors="http://www.ibm.com/websphere/appserver/schemas/6.1/middlewaredescriptors.xmi" xmi:id="MiddlewareDescriptor_1535536574160" name="apacheWebServerRuntime" discoveryInterval="4" discoveryIntervalUnits="2" discoverySupported="true">
  <versionDescriptors xmi:id="MiddlewareVersionDescriptor_1535536574162" version="default">
    <versionDescriptor xmi:id="DescriptivePropertyGroup_1535536574162" name="versionDescriptor">
      <propertyGroups xmi:id="DescriptivePropertyGroup_1535536574163" name="install.locations">
        <properties xmi:id="DiscoverableDescriptiveProperty_1535536574166" name="win.install.loc" value="C:\\Program Files\\Apache Group\\Apache;C:\\Program Files\\Apache Group\\Apache2;C:\\Program Files\\Apache Software Foundation\\Apache2.2;C:\\Program Files (x86)\\Apache Group\\Apache;C:\\Program Files (x86)\\Apache Group\\Apache2;C:\\Program Files (x86)\\Apache Software Foundation\\Apache2.2" required="true" type="String" range="" inclusive="false">
          <descriptor xmi:id="DisplayDescriptor_1535536574167" displayNameKey="win.install.loc" displayDescriptionKey="win.install.loc.desc" firstClass="true" hoverHelpKey="win.install.loc.help"/>
        </properties>
        <properties xmi:id="DiscoverableDescriptiveProperty_1535536574168" name="unix.install.loc" value="/usr/local/apache:/usr/local/apache2:/www" required="true" type="String" range="" inclusive="false">
          <descriptor xmi:id="DisplayDescriptor_1535536574169" displayNameKey="unix.install.loc" displayDescriptionKey="unix.install.loc.desc" firstClass="true" hoverHelpKey="unix.install.loc.help"/>
        </properties>
        <descriptor xmi:id="DisplayDescriptor_1535536574164" displayNameKey="apacheWebServerRuntime.install.locations" displayDescriptionKey="apacheWebServerRuntime.install.locations.desc" firstClass="true"/>
      </propertyGroups>
      <propertyGroups xmi:id="DescriptivePropertyGroup_1535536574170" name="timeOutGroup">
        <properties xmi:id="DiscoverableDescriptiveProperty_1535536574177" name="startTimeOutValue" value="300000" required="true" type="String" range="" inclusive="false">
          <descriptor xmi:id="DisplayDescriptor_1535536574178" displayNameKey="startTimeOutValue" firstClass="true" hoverHelpKey="startTimeOutValue.desc"/>
        </properties>
        <properties xmi:id="DiscoverableDescriptiveProperty_1535536574179" name="stopTimeOutValue" value="300000" required="true" type="String" range="" inclusive="false">
          <descriptor xmi:id="DisplayDescriptor_1535536574180" displayNameKey="stopTimeOutValue" firstClass="true" hoverHelpKey="stopTimeOutValue.desc"/>
        </properties>
        <descriptor xmi:id="DisplayDescriptor_1535536574176" displayNameKey="timeOutGroup" displayDescriptionKey="timeOutGroup.desc" firstClass="true"/>
      </propertyGroups>
    </versionDescriptor>
  </versionDescriptors>
</middlewaredescriptors:MiddlewareDescriptor>
