<?xml version="1.0" encoding="UTF-8"?>
<sdo:datagraph xmlns:xsi="http://www.w3.org/2001/XMLSchema-instance"
    xmlns:sdo="commonj.sdo" xmlns:wim="http://www.ibm.com/websphere/wim">
  <wim:Root>
    <wim:entities xsi:type="wim:PersonAccount">
      <wim:identifier externalId="089472eb-de5a-400a-b5f5-37cbd276dbec" externalName="uid=wsadmin,o=defaultWIMFileBasedRealm"
          uniqueId="089472eb-de5a-400a-b5f5-37cbd276dbec" uniqueName="uid=wsadmin,o=defaultWIMFileBasedRealm"/>
      <wim:parent>
        <wim:identifier uniqueName="o=defaultWIMFileBasedRealm"/>
      </wim:parent>
      <wim:createTimestamp>2018-08-17T15:28:08.220+00:00</wim:createTimestamp>
      <wim:password>U0hBLTE6aGlnazJoaTlqYzR2Okg5eUFSRGNRTmNkT25GZTViZjVyOUlQTHNsaz0K</wim:password>
      <wim:uid>wsadmin</wim:uid>
      <wim:cn>wsadmin</wim:cn>
      <wim:sn>wsadmin</wim:sn>
    </wim:entities>
  </wim:Root>
</sdo:datagraph>
