<?xml version="1.0" encoding="ISO-8859-1"?><!--HTTP server plugin config file for the cell websphere85ndCell01 generated on 2018.08.29 at 12:47:58 PM UTC-->
<Config ASDisableNagle="false" AcceptAllContent="true" AppServerPortPreference="HostHeader" ChunkedResponse="false" FIPSEnable="false" FailoverToNext="false" HTTPMaxHeaders="300" IISDisableFlushFlag="false" IISDisableNagle="false" IISPluginPriority="High" IgnoreDNSFailures="false" KillWebServerStartUpOnParseErr="false" MarkBusyDown="false" OS400ConvertQueryStringToJobCCSID="false" RefreshInterval="60" ResponseChunkSize="64" SSLConsolidate="true" StrictSecurity="false" TrustedProxyEnable="false" VHostMatchingCompat="false">
   <Log LogLevel="Error" Name="/opt/IBM/WebSphere/Plugins/logs/http_plugin.log"/>
   <Property Name="ESIEnable" Value="true"/>
   <Property Name="ESIMaxCacheSize" Value="1024"/>
   <Property Name="ESIInvalidationMonitor" Value="false"/>
   <Property Name="ESIEnableToPassCookies" Value="false"/>
   <Property Name="ESICacheidFull" Value="false"/>
   <Property Name="PostSizeLimit" Value="-1"/>
   <Property Name="PostBufferSize" Value="0"/>
   <Property Name="PluginInstallRoot" Value="/opt/IBM/WebSphere/Plugins/"/>
   <Property Name="Keyfile" Value="/opt/IBM/WebSphere/Plugins/etc/plugin-key.kdb"/>
   <Property Name="Stashfile" Value="/opt/IBM/WebSphere/Plugins/etc/plugin-key.sth"/>
   <VirtualHostGroup Name="default_host">
      <VirtualHost Name="*:9080"/>
      <VirtualHost Name="*:80"/>
      <VirtualHost Name="*:9443"/>
      <VirtualHost Name="*:5060"/>
      <VirtualHost Name="*:5061"/>
      <VirtualHost Name="*:443"/>
   </VirtualHostGroup>
   <ServerCluster CloneSeparatorChange="false" GetDWLMTable="false" IgnoreAffinityRequests="false" LoadBalance="Round Robin" Name="server1_websphere85ndNode02_Cluster" PostBufferSize="0" PostSizeLimit="-1" RemoveSpecialHeaders="true" RetryInterval="60" ServerIOTimeoutRetry="-1">
      <Server ConnectTimeout="0" ExtendedHandshake="false" MaxConnections="-1" Name="websphere85ndNode02_server1" ServerIOTimeout="900" WaitForContinue="false">
         <Transport ConnectionTTL="28" Hostname="websphere85nd" Port="9082" Protocol="http"/>
         <Transport ConnectionTTL="28" Hostname="websphere85nd" Port="9445" Protocol="https">
            <Property Name="keyring" Value="/opt/IBM/WebSphere/Plugins/etc/plugin-key.kdb"/>
            <Property Name="stashfile" Value="/opt/IBM/WebSphere/Plugins/etc/plugin-key.sth"/>
         </Transport>
      </Server>
      <PrimaryServers>
         <Server Name="websphere85ndNode02_server1"/>
      </PrimaryServers>
   </ServerCluster>
   <ServerCluster CloneSeparatorChange="false" GetDWLMTable="false" IgnoreAffinityRequests="false" LoadBalance="Round Robin" Name="dmgr_websphere85ndCellManager01_Cluster" PostBufferSize="0" PostSizeLimit="-1" RemoveSpecialHeaders="true" RetryInterval="60" ServerIOTimeoutRetry="-1">
      <Server ConnectTimeout="0" ExtendedHandshake="false" MaxConnections="-1" Name="websphere85ndCellManager01_dmgr" ServerIOTimeout="900" WaitForContinue="false"/>
      <PrimaryServers>
         <Server Name="websphere85ndCellManager01_dmgr"/>
      </PrimaryServers>
   </ServerCluster>
   <ServerCluster CloneSeparatorChange="false" GetDWLMTable="false" IgnoreAffinityRequests="false" LoadBalance="Round Robin" Name="server1_websphere85ndNode01_Cluster" PostBufferSize="0" PostSizeLimit="-1" RemoveSpecialHeaders="true" RetryInterval="60" ServerIOTimeoutRetry="-1">
      <Server ConnectTimeout="0" ExtendedHandshake="false" MaxConnections="-1" Name="websphere85ndNode01_server1" ServerIOTimeout="900" WaitForContinue="false">
         <Transport ConnectionTTL="28" Hostname="websphere85nd" Port="9080" Protocol="http"/>
         <Transport ConnectionTTL="28" Hostname="websphere85nd" Port="9443" Protocol="https">
            <Property Name="keyring" Value="/opt/IBM/WebSphere/Plugins/etc/plugin-key.kdb"/>
            <Property Name="stashfile" Value="/opt/IBM/WebSphere/Plugins/etc/plugin-key.sth"/>
         </Transport>
      </Server>
      <PrimaryServers>
         <Server Name="websphere85ndNode01_server1"/>
      </PrimaryServers>
   </ServerCluster>
   <UriGroup Name="default_host_server1_websphere85ndNode02_Cluster_URIs">
      <Uri AffinityCookie="JSESSIONID" AffinityURLIdentifier="jsessionid" Name="/commsvc.rest/*"/>
      <Uri AffinityCookie="JSESSIONID" AffinityURLIdentifier="jsessionid" Name="/IBM_WS_SYS_RESPONSESERVLET/*"/>
      <Uri AffinityCookie="JSESSIONID" AffinityURLIdentifier="jsessionid" Name="/IBM_WS_SYS_RESPONSESERVLET/*.jsp"/>
      <Uri AffinityCookie="JSESSIONID" AffinityURLIdentifier="jsessionid" Name="/IBM_WS_SYS_RESPONSESERVLET/*.jsv"/>
      <Uri AffinityCookie="JSESSIONID" AffinityURLIdentifier="jsessionid" Name="/IBM_WS_SYS_RESPONSESERVLET/*.jsw"/>
      <Uri AffinityCookie="JSESSIONID" AffinityURLIdentifier="jsessionid" Name="/IBM_WS_SYS_RESPONSESERVLET/j_security_check"/>
      <Uri AffinityCookie="JSESSIONID" AffinityURLIdentifier="jsessionid" Name="/IBM_WS_SYS_RESPONSESERVLET/ibm_security_logout"/>
   </UriGroup>
   <Route ServerCluster="server1_websphere85ndNode02_Cluster" UriGroup="default_host_server1_websphere85ndNode02_Cluster_URIs" VirtualHostGroup="default_host"/>
   <UriGroup Name="default_host_server1_websphere85ndNode01_Cluster_URIs">
      <Uri AffinityCookie="JSESSIONID" AffinityURLIdentifier="jsessionid" Name="/commsvc.rest/*"/>
      <Uri AffinityCookie="JSESSIONID" AffinityURLIdentifier="jsessionid" Name="/IBM_WS_SYS_RESPONSESERVLET/*"/>
      <Uri AffinityCookie="JSESSIONID" AffinityURLIdentifier="jsessionid" Name="/IBM_WS_SYS_RESPONSESERVLET/*.jsp"/>
      <Uri AffinityCookie="JSESSIONID" AffinityURLIdentifier="jsessionid" Name="/IBM_WS_SYS_RESPONSESERVLET/*.jsv"/>
      <Uri AffinityCookie="JSESSIONID" AffinityURLIdentifier="jsessionid" Name="/IBM_WS_SYS_RESPONSESERVLET/*.jsw"/>
      <Uri AffinityCookie="JSESSIONID" AffinityURLIdentifier="jsessionid" Name="/IBM_WS_SYS_RESPONSESERVLET/j_security_check"/>
      <Uri AffinityCookie="JSESSIONID" AffinityURLIdentifier="jsessionid" Name="/IBM_WS_SYS_RESPONSESERVLET/ibm_security_logout"/>
   </UriGroup>
   <Route ServerCluster="server1_websphere85ndNode01_Cluster" UriGroup="default_host_server1_websphere85ndNode01_Cluster_URIs" VirtualHostGroup="default_host"/>
   <RequestMetrics armEnabled="false" loggingEnabled="false" rmEnabled="false" traceLevel="HOPS">
      <filters enable="false" type="URI">
         <filterValues enable="false" value="/snoop"/>
         <filterValues enable="false" value="/hitcount"/>
      </filters>
      <filters enable="false" type="SOURCE_IP">
         <filterValues enable="false" value="255.255.255.255"/>
         <filterValues enable="false" value="254.254.254.254"/>
      </filters>
      <filters enable="false" type="JMS">
         <filterValues enable="false" value="destination=aaa"/>
      </filters>
      <filters enable="false" type="WEB_SERVICES">
         <filterValues enable="false" value="wsdlPort=aaa:op=bbb:nameSpace=ccc"/>
      </filters>
   </RequestMetrics>
</Config>