<?xml version="1.0" encoding="UTF-8"?>
<appdeployment:Deployment xmi:version="2.0" xmlns:xmi="http://www.omg.org/XMI" xmlns:appdeployment="http://www.ibm.com/websphere/appserver/schemas/5.0/appdeployment.xmi" xmi:id="Deployment_1535536841958">
  <deployedObject xmi:type="appdeployment:ApplicationDeployment" xmi:id="ApplicationDeployment_1535536841958" deploymentId="0" startingWeight="1" binariesURL="${WAS_INSTALL_ROOT}/systemApps/${ARS_NAME}" useMetadataFromBinaries="false" enableDistribution="false" createMBeansForResources="true" reloadEnabled="false" appContextIDForSecurity="href:websphere85ndCell01/ibmasyncrsp" zeroEarCopy="true" filePermission=".*\.dll=755#.*\.so=755#.*\.a=755#.*\.sl=755" allowDispatchRemoteInclude="false" allowServiceRemoteInclude="false" asyncRequestDispatchType="DISABLED" standaloneModule="false" enableClientModule="false">
    <targetMappings xmi:id="DeploymentTargetMapping_1535536841958" enable="true" target="ServerTarget_1535536841958"/>
    <targetMappings xmi:id="DeploymentTargetMapping_1535546876854" enable="true" target="ServerTarget_1535546876854"/>
    <targetMappings xmi:id="DeploymentTargetMapping_1535547128178" enable="true" target="ServerTarget_1535547128178"/>
    <targetMappings xmi:id="DeploymentTargetMapping_1535547151531" enable="true" target="ServerTarget_1535547151531"/>
    <classloader xmi:id="Classloader_1535536841959" mode="PARENT_FIRST"/>
    <modules xmi:type="appdeployment:WebModuleDeployment" xmi:id="WebModuleDeployment_1535536841959" deploymentId="1" startingWeight="10000" uri="ibmasyncrsp.war" containsEJBContent="0">
      <targetMappings xmi:id="DeploymentTargetMapping_1535536841959" target="ServerTarget_1535536841958"/>
      <targetMappings xmi:id="DeploymentTargetMapping_1535546876855" target="ServerTarget_1535546876854"/>
      <targetMappings xmi:id="DeploymentTargetMapping_1535547128179" target="ServerTarget_1535547128178"/>
      <targetMappings xmi:id="DeploymentTargetMapping_1535547151532" target="ServerTarget_1535547151531"/>
      <classloader xmi:id="Classloader_1535536841960"/>
    </modules>
    <properties xmi:id="Property_1535536841959" name="metadata.complete" value="true"/>
  </deployedObject>
  <deploymentTargets xmi:type="appdeployment:ServerTarget" xmi:id="ServerTarget_1535536841958" name="server1" nodeName="websphere85ndNode01"/>
  <deploymentTargets xmi:type="appdeployment:ServerTarget" xmi:id="ServerTarget_1535546876854" name="server1" nodeName="websphere85ndNode02"/>
  <deploymentTargets xmi:type="appdeployment:ServerTarget" xmi:id="ServerTarget_1535547128178" name="server2" nodeName="websphere85ndNode01"/>
  <deploymentTargets xmi:type="appdeployment:ServerTarget" xmi:id="ServerTarget_1535547151531" name="server3" nodeName="websphere85ndNode02"/>
</appdeployment:Deployment>
