<?xml version="1.0" encoding="UTF-8"?>
<sdo:datagraph xmlns:xsi="http://www.w3.org/2001/XMLSchema-instance"
    xmlns:sdo="commonj.sdo" xmlns:wim="http://www.ibm.com/websphere/wim">
  <wim:Root>
    <wim:entities xsi:type="wim:PersonAccount">
      <wim:identifier externalId="e02bebf3-5c4a-4bc0-8a26-3227dbc02e9e" externalName="uid=wsadmin,o=defaultWIMFileBasedRealm"
          uniqueId="e02bebf3-5c4a-4bc0-8a26-3227dbc02e9e" uniqueName="uid=wsadmin,o=defaultWIMFileBasedRealm"/>
      <wim:parent>
        <wim:identifier uniqueName="o=defaultWIMFileBasedRealm"/>
      </wim:parent>
      <wim:createTimestamp>2018-08-29T09:57:46.856+00:00</wim:createTimestamp>
      <wim:password>U0hBLTE6dG9nbzJhZzRzamw0OndQZEN0NzRJYll5a0JOQnM2ZGxoN3BDQmdoUT0K</wim:password>
      <wim:uid>wsadmin</wim:uid>
      <wim:cn>wsadmin</wim:cn>
      <wim:sn>wsadmin</wim:sn>
    </wim:entities>
  </wim:Root>
</sdo:datagraph>
