<?xml version="1.0" encoding="UTF-8"?>
<transformMappings>
  <transformMap>
    <document>sib-authorisations.xml</document>
    <transform>sib-authorisations.xsl</transform>
  </transformMap>
  <transformMap>
    <document>sib-bus.xml</document>
    <transform>sib-bus.xsl</transform>
  </transformMap>
  <transformMap>
    <document>sib-destinations.xml</document>
    <transform>sib-destinations.xsl</transform>
  </transformMap>
  <transformMap>
    <document>sib-engines.xml</document>
    <transform>sib-engines.xsl</transform>
  </transformMap>
  <transformMap>
    <document>sib-service.xml</document>
    <transform>sib-service.xsl</transform>
  </transformMap>
  <transformMap>
    <document>resources.xml</document>
    <transform>sib-resources.xsl</transform>
  </transformMap>
  <transformMap>
    <document>sibws-webservices.xml</document>
    <transform>sibws-webservices.xsl</transform>
  </transformMap>
  <transformFilter>
    <document>sib-mqservers.xml</document>
  </transformFilter>
  <transformFilter>
    <document>sib-mqserverbusmembers.xml</document>
  </transformFilter>
  <transformFilter>
    <document>sibwsn-resources.xml</document>
  </transformFilter>
  <transformFilter>
    <document>sib-security-audit.xml</document>
  </transformFilter>
</transformMappings>

