<?xml version="1.0" encoding="UTF-8"?>
<portlet-app xmlns="http://java.sun.com/xml/ns/portlet/portlet-app_1_0.xsd" 
             version="1.0" id="com.ibm.websphere.product"
             xmlns:xsi="http://www.w3.org/2001/XMLSchema-instance" 
             xsi:schemaLocation="http://java.sun.com/xml/ns/portlet/portlet-app_1_0.xsd http://java.sun.com/xml/ns/portlet/portlet-app_1_0.xsd">

    <portlet>
        <portlet-name>WASAboutPortlet</portlet-name>
        <display-name>WebSphere Application Server About Page</display-name>
        <portlet-class>com.ibm.ws.wasproduct.WelcomePortlet</portlet-class>
        <expiration-cache>0</expiration-cache>
        <supports>
            <mime-type>text/html</mime-type>
            <portlet-mode>VIEW</portlet-mode>
        </supports>
        <supported-locale>en</supported-locale>
        <portlet-info>
            <title>WebSphere Application Server About Page</title>
        </portlet-info>
   </portlet>

</portlet-app>
