<?xml version="1.0" encoding="UTF-8"?>
<serverindex:ServerIndex xmi:version="2.0" xmlns:xmi="http://www.omg.org/XMI" xmlns:serverindex="http://www.ibm.com/websphere/appserver/schemas/5.0/serverindex.xmi" xmi:id="ServerIndex_1" hostName="websphere80nd" endPointRefs="NamedEndPoint_1535543334184 NamedEndPoint_1535543334185 NamedEndPoint_1535543334186 NamedEndPoint_1535543334187 NamedEndPoint_1535543334188 NamedEndPoint_1535543334189 NamedEndPoint_1535543334190">
  <serverEntries xmi:id="ServerEntry_1183122129640" serverName="server1" serverType="APPLICATION_SERVER">
    <deployedApplications>commsvc.ear/deployments/commsvc</deployedApplications>
    <deployedApplications>ibmasyncrsp.ear/deployments/ibmasyncrsp</deployedApplications>
    <specialEndpoints xmi:id="NamedEndPoint_1183122129640" endPointName="BOOTSTRAP_ADDRESS">
      <endPoint xmi:id="EndPoint_1183122129640" host="websphere80nd" port="9812"/>
    </specialEndpoints>
    <specialEndpoints xmi:id="NamedEndPoint_1183122129641" endPointName="SOAP_CONNECTOR_ADDRESS">
      <endPoint xmi:id="EndPoint_1183122129641" host="websphere80nd" port="8882"/>
    </specialEndpoints>
    <specialEndpoints xmi:id="NamedEndPoint_1183122129642" endPointName="ORB_LISTENER_ADDRESS">
      <endPoint xmi:id="EndPoint_1183122129642" host="websphere80nd" port="9103"/>
    </specialEndpoints>
    <specialEndpoints xmi:id="NamedEndPoint_1183122129643" endPointName="SAS_SSL_SERVERAUTH_LISTENER_ADDRESS">
      <endPoint xmi:id="EndPoint_1183122129643" host="websphere80nd" port="9412"/>
    </specialEndpoints>
    <specialEndpoints xmi:id="NamedEndPoint_1183122129644" endPointName="CSIV2_SSL_SERVERAUTH_LISTENER_ADDRESS">
      <endPoint xmi:id="EndPoint_1183122129644" host="websphere80nd" port="9411"/>
    </specialEndpoints>
    <specialEndpoints xmi:id="NamedEndPoint_1183122129645" endPointName="CSIV2_SSL_MUTUALAUTH_LISTENER_ADDRESS">
      <endPoint xmi:id="EndPoint_1183122129645" host="websphere80nd" port="9410"/>
    </specialEndpoints>
    <specialEndpoints xmi:id="NamedEndPoint_1183122129646" endPointName="WC_adminhost">
      <endPoint xmi:id="EndPoint_1183122129646" host="*" port="9063"/>
    </specialEndpoints>
    <specialEndpoints xmi:id="NamedEndPoint_1183122129647" endPointName="WC_defaulthost">
      <endPoint xmi:id="EndPoint_1183122129647" host="*" port="9082"/>
    </specialEndpoints>
    <specialEndpoints xmi:id="NamedEndPoint_1183122129648" endPointName="DCS_UNICAST_ADDRESS">
      <endPoint xmi:id="EndPoint_1183122129648" host="*" port="9355"/>
    </specialEndpoints>
    <specialEndpoints xmi:id="NamedEndPoint_1183122129649" endPointName="WC_adminhost_secure">
      <endPoint xmi:id="EndPoint_1183122129649" host="*" port="9046"/>
    </specialEndpoints>
    <specialEndpoints xmi:id="NamedEndPoint_1183122129650" endPointName="WC_defaulthost_secure">
      <endPoint xmi:id="EndPoint_1183122129650" host="*" port="9445"/>
    </specialEndpoints>
    <specialEndpoints xmi:id="NamedEndPoint_1183122129651" endPointName="SIP_DEFAULTHOST">
      <endPoint xmi:id="EndPoint_1183122129651" host="*" port="5065"/>
    </specialEndpoints>
    <specialEndpoints xmi:id="NamedEndPoint_1183122129652" endPointName="SIP_DEFAULTHOST_SECURE">
      <endPoint xmi:id="EndPoint_1183122129652" host="*" port="5064"/>
    </specialEndpoints>
    <specialEndpoints xmi:id="NamedEndPoint_1183122129653" endPointName="SIB_ENDPOINT_ADDRESS">
      <endPoint xmi:id="EndPoint_1535542438637" host="*" port="7279"/>
    </specialEndpoints>
    <specialEndpoints xmi:id="NamedEndPoint_1183122129654" endPointName="SIB_ENDPOINT_SECURE_ADDRESS">
      <endPoint xmi:id="EndPoint_1535542438638" host="*" port="7288"/>
    </specialEndpoints>
    <specialEndpoints xmi:id="NamedEndPoint_1183122129655" endPointName="SIB_MQ_ENDPOINT_ADDRESS">
      <endPoint xmi:id="EndPoint_1535542438640" host="*" port="5560"/>
    </specialEndpoints>
    <specialEndpoints xmi:id="NamedEndPoint_1183122129656" endPointName="SIB_MQ_ENDPOINT_SECURE_ADDRESS">
      <endPoint xmi:id="EndPoint_1535542438641" host="*" port="5580"/>
    </specialEndpoints>
    <specialEndpoints xmi:id="NamedEndPoint_1183122129657" endPointName="IPC_CONNECTOR_ADDRESS">
      <endPoint xmi:id="EndPoint_1183122129657" host="${LOCALHOST_NAME}" port="9635"/>
    </specialEndpoints>
  </serverEntries>
  <serverEntries xmi:id="ServerEntry_1535543334185" serverDisplayName="nodeagent" serverName="nodeagent" serverType="NODE_AGENT">
    <specialEndpoints xmi:id="NamedEndPoint_1535543334191" endPointName="BOOTSTRAP_ADDRESS">
      <endPoint xmi:id="EndPoint_1535543334185" host="websphere80nd" port="16000"/>
    </specialEndpoints>
    <specialEndpoints xmi:id="NamedEndPoint_1535543334184" endPointName="CSIV2_SSL_MUTUALAUTH_LISTENER_ADDRESS">
      <endPoint xmi:id="EndPoint_1535543334186" host="websphere80nd" port="16001"/>
    </specialEndpoints>
    <specialEndpoints xmi:id="NamedEndPoint_1535543334185" endPointName="CSIV2_SSL_SERVERAUTH_LISTENER_ADDRESS">
      <endPoint xmi:id="EndPoint_1535543334187" host="websphere80nd" port="16002"/>
    </specialEndpoints>
    <specialEndpoints xmi:id="NamedEndPoint_1535543334192" endPointName="DCS_UNICAST_ADDRESS">
      <endPoint xmi:id="EndPoint_1535543334188" host="*" port="16003"/>
    </specialEndpoints>
    <specialEndpoints xmi:id="NamedEndPoint_1535543334186" endPointName="NODE_DISCOVERY_ADDRESS">
      <endPoint xmi:id="EndPoint_1535543334189" host="websphere80nd" port="16004"/>
    </specialEndpoints>
    <specialEndpoints xmi:id="NamedEndPoint_1535543334187" endPointName="NODE_IPV6_MULTICAST_DISCOVERY_ADDRESS">
      <endPoint xmi:id="EndPoint_1535543334190" host="ff01::1" port="16005"/>
    </specialEndpoints>
    <specialEndpoints xmi:id="NamedEndPoint_1535543334188" endPointName="NODE_MULTICAST_DISCOVERY_ADDRESS">
      <endPoint xmi:id="EndPoint_1535543334191" host="232.133.104.73" port="16006"/>
    </specialEndpoints>
    <specialEndpoints xmi:id="NamedEndPoint_1535543334189" endPointName="ORB_LISTENER_ADDRESS">
      <endPoint xmi:id="EndPoint_1535543334192" host="websphere80nd" port="16007"/>
    </specialEndpoints>
    <specialEndpoints xmi:id="NamedEndPoint_1535543334190" endPointName="SAS_SSL_SERVERAUTH_LISTENER_ADDRESS">
      <endPoint xmi:id="EndPoint_1535543334193" host="websphere80nd" port="16008"/>
    </specialEndpoints>
    <specialEndpoints xmi:id="NamedEndPoint_1535543334193" endPointName="SOAP_CONNECTOR_ADDRESS">
      <endPoint xmi:id="EndPoint_1535543334194" host="websphere80nd" port="16009"/>
    </specialEndpoints>
    <specialEndpoints xmi:id="NamedEndPoint_1535543334194" endPointName="IPC_CONNECTOR_ADDRESS">
      <endPoint xmi:id="EndPoint_1535543334195" host="localhost" port="16010"/>
    </specialEndpoints>
  </serverEntries>
  <serverEntries xmi:id="ServerEntry_1535543386744" serverName="server3" serverType="APPLICATION_SERVER">
    <deployedApplications>commsvc.ear/deployments/commsvc</deployedApplications>
    <deployedApplications>ibmasyncrsp.ear/deployments/ibmasyncrsp</deployedApplications>
    <specialEndpoints xmi:id="NamedEndPoint_1535543386744" endPointName="BOOTSTRAP_ADDRESS">
      <endPoint xmi:id="EndPoint_1535543386744" host="websphere80nd" port="9813"/>
    </specialEndpoints>
    <specialEndpoints xmi:id="NamedEndPoint_1535543386745" endPointName="SOAP_CONNECTOR_ADDRESS">
      <endPoint xmi:id="EndPoint_1535543386745" host="websphere80nd" port="8883"/>
    </specialEndpoints>
    <specialEndpoints xmi:id="NamedEndPoint_1535543386746" endPointName="ORB_LISTENER_ADDRESS">
      <endPoint xmi:id="EndPoint_1535543386746" host="websphere80nd" port="9104"/>
    </specialEndpoints>
    <specialEndpoints xmi:id="NamedEndPoint_1535543386747" endPointName="SAS_SSL_SERVERAUTH_LISTENER_ADDRESS">
      <endPoint xmi:id="EndPoint_1535543386747" host="websphere80nd" port="9413"/>
    </specialEndpoints>
    <specialEndpoints xmi:id="NamedEndPoint_1535543386748" endPointName="CSIV2_SSL_SERVERAUTH_LISTENER_ADDRESS">
      <endPoint xmi:id="EndPoint_1535543386748" host="websphere80nd" port="9414"/>
    </specialEndpoints>
    <specialEndpoints xmi:id="NamedEndPoint_1535543386749" endPointName="CSIV2_SSL_MUTUALAUTH_LISTENER_ADDRESS">
      <endPoint xmi:id="EndPoint_1535543386749" host="websphere80nd" port="9415"/>
    </specialEndpoints>
    <specialEndpoints xmi:id="NamedEndPoint_1535543386750" endPointName="WC_adminhost">
      <endPoint xmi:id="EndPoint_1535543386750" host="*" port="9064"/>
    </specialEndpoints>
    <specialEndpoints xmi:id="NamedEndPoint_1535543386751" endPointName="WC_defaulthost">
      <endPoint xmi:id="EndPoint_1535543386751" host="*" port="9083"/>
    </specialEndpoints>
    <specialEndpoints xmi:id="NamedEndPoint_1535543386752" endPointName="DCS_UNICAST_ADDRESS">
      <endPoint xmi:id="EndPoint_1535543386752" host="*" port="9356"/>
    </specialEndpoints>
    <specialEndpoints xmi:id="NamedEndPoint_1535543386753" endPointName="WC_adminhost_secure">
      <endPoint xmi:id="EndPoint_1535543386753" host="*" port="9047"/>
    </specialEndpoints>
    <specialEndpoints xmi:id="NamedEndPoint_1535543386754" endPointName="WC_defaulthost_secure">
      <endPoint xmi:id="EndPoint_1535543386754" host="*" port="9446"/>
    </specialEndpoints>
    <specialEndpoints xmi:id="NamedEndPoint_1535543386755" endPointName="SIP_DEFAULTHOST">
      <endPoint xmi:id="EndPoint_1535543386755" host="*" port="5066"/>
    </specialEndpoints>
    <specialEndpoints xmi:id="NamedEndPoint_1535543386756" endPointName="SIP_DEFAULTHOST_SECURE">
      <endPoint xmi:id="EndPoint_1535543386756" host="*" port="5067"/>
    </specialEndpoints>
    <specialEndpoints xmi:id="NamedEndPoint_1535543386757" endPointName="IPC_CONNECTOR_ADDRESS">
      <endPoint xmi:id="EndPoint_1535543386757" host="localhost" port="9636"/>
    </specialEndpoints>
    <specialEndpoints xmi:id="NamedEndPoint_1535543386758" endPointName="SIB_ENDPOINT_ADDRESS">
      <endPoint xmi:id="EndPoint_1535543386758" host="*" port="7280"/>
    </specialEndpoints>
    <specialEndpoints xmi:id="NamedEndPoint_1535543386759" endPointName="SIB_ENDPOINT_SECURE_ADDRESS">
      <endPoint xmi:id="EndPoint_1535543386759" host="*" port="7289"/>
    </specialEndpoints>
    <specialEndpoints xmi:id="NamedEndPoint_1535543386760" endPointName="SIB_MQ_ENDPOINT_ADDRESS">
      <endPoint xmi:id="EndPoint_1535543386760" host="*" port="5561"/>
    </specialEndpoints>
    <specialEndpoints xmi:id="NamedEndPoint_1535543386761" endPointName="SIB_MQ_ENDPOINT_SECURE_ADDRESS">
      <endPoint xmi:id="EndPoint_1535543386761" host="*" port="5581"/>
    </specialEndpoints>
  </serverEntries>
</serverindex:ServerIndex>
