<?xml version="1.0" encoding="UTF-8"?>
<transformMappings>
  <transformMap>
    <document>cluster.xml</document>
    <transform>cluster.xsl</transform>
    <scope>clusters</scope>
  </transformMap>
  <transformMap>
    <document>cell.xml</document>
    <transform>cell.xsl</transform>
  </transformMap>
  <transformMap>
    <document>ws-security.xml</document>
    <transform>security.xsl</transform>
  </transformMap>
<!-- LIDB3816-38 -->
  <transformMap>
    <document>resources.xml</document>
    <transform>cloudscape.xsl</transform>
  </transformMap>
  <transformMap>
     <document>resources.xml</document>
     <transform>resources.xsl</transform>
  </transformMap>
  <transformMap>
    <document>security.xml</document>
    <transform>security.xsl</transform>
    <scope>cells</scope>
  </transformMap>
  <transformMap>
    <document>serverindex.xml</document>
    <transform>serverindex.xsl</transform>
    <scope>nodes</scope>
  </transformMap> 
  <transformMap>
    <document>admin-authz.xml</document>
    <transform>admin-authz.xsl</transform>
    <scope>cells</scope>
  </transformMap>
  <transformMap>
    <document>namebindings.xml</document>
    <transform>naming.xsl</transform>
  </transformMap>
  <transformMap>
  <document>deployment.xml</document> 
  <transform>application.xsl</transform> 
  <transform>resources.xsl</transform>
  <scope>deployments</scope> 
  </transformMap>
<!-- D341280/LIDB3795-56 -->
  <transformMap>
    <document>ibm-ejb-jar-ext.xmi</document>
    <transform>application.xsl</transform>
  </transformMap>
  <transformMap>
    <document>coregroup.xml</document>
    <transform>coregroup.xsl</transform>
  </transformMap>
  <transformMap>
    <document>pmirm.xml</document>
    <transform>pmirm.xsl</transform>
    <scope>cells</scope>
  </transformMap>
  <transformMap>
    <document>resources-pme502.xml</document>
    <transform>resources-pme502.xsl</transform>
  </transformMap>
<!-- start 459754/LIDB4500 -->     
  <transformMap>
    <document>resources-cei.xml</document>
    <transform>resources.xsl</transform>
  </transformMap>
  <transformMap>
    <document>resources-pme.xml</document>
    <transform>resources.xsl</transform>
  </transformMap>
  <transformMap>
    <document>resources-pme502.xml</document>
    <transform>resources.xsl</transform>
  </transformMap> 
<!-- end 459754/LIDB4500 -->   
  <!-- DONE Defect 462821 - 0 -->
  <transformMap>
    <document>resources-cei.xml</document>
    <transform>resources-cei.xsl</transform>
    <scope>cells</scope>
  </transformMap>
  <!-- DONE Defect 462821 - 1 -->   
   <transformMap>
  	<document>deployment.xml</document> 
  	<transform>application.xsl</transform> 
  	<scope>deployments</scope> 
  </transformMap> 
  <transformMap>
    <document>coregroupbridge.xml</document>
    <transform>coregroupbridge.xsl</transform>
  </transformMap> 
  <transformMap>
    <document>libraries.xml</document>
    <transform>libraries.xsl</transform>
  </transformMap>
  <transformMap>
    <document>wimconfig.xml</document>
    <transform>wimconfig.xsl</transform>
  </transformMap>
  <transformFilter>
    <document>notifications.xml</document>
  </transformFilter>
  <transformFilter>
    <document>managednode.xml</document>
  </transformFilter>
  <transformFilter>
    <document>policy.xml</document>
  </transformFilter> 
  <transformFilter>
    <document>domain-security-map.xml</document>
  </transformFilter> 
  <transformFilter>
    <document>domain-security.xml</document>
  </transformFilter> 
  <transformFilter>
    <document>audit-authz.xml</document>
  </transformFilter> 
  <transformFilter>
    <document>audit.xml</document>
  </transformFilter> 
  <transformFilter>
    <document>app-audit.xml</document>
  </transformFilter> 
  <transformFilter>
    <document>policySet.xml</document>
    <scope>PolicySets</scope>
  </transformFilter>
  <transformFilter>
    <document>policy.xml</document>
    <scope>PolicyTypes</scope>
  </transformFilter>
  <transformFilter>
    <document>bindings.xml</document>
    <scope>PolicyTypes</scope>
  </transformFilter>
  <transformFilter>
    <document>bindingDefinition.xml</document>
  </transformFilter>
  <transformFilter>
    <document>defaultBindings.xml</document>
  </transformFilter>
  <transformFilter>
    <document>policyAttachments.xml</document>
  </transformFilter>
  <transformFilter>
    <document>clientPolicyAttachments.xml</document>
  </transformFilter>
  <transformFilter>
    <document>stsplugins.xml</document>
  </transformFilter>
  <transformFilter>
    <document>ststargets.xml</document>
  </transformFilter>
  <transformFilter>
    <document>stsconfig.xml</document>
  </transformFilter>
  <transformFilter>
    <document>WSSCCache.xml</document>
  </transformFilter> 
  <transformFilter>
    <document>SAMLIssuerConfig.properties</document>
  </transformFilter> 
</transformMappings>
