<?xml version="1.0" encoding="UTF-8"?>
<securityBindings xmlns="http://www.ibm.com/xmlns/prod/websphere/200710/ws-securitybinding">
<securityBinding name="application">

  <securityOutboundBindingConfig>
    
    <signingInfo order="1" name="asymmetric-signingInfoResponse">
      <signingPartReference>
        <transform  algorithm="http://www.w3.org/2001/10/xml-exc-c14n#" />
      </signingPartReference>
      <signingKeyInfo reference="gen_signkeyinfo" />
    </signingInfo>
    <keyInfo type="STRREF" name="gen_signkeyinfo" classname="com.ibm.ws.wssecurity.wssapi.CommonContentGenerator">
      <tokenReference reference="gen_signx509token" />
    </keyInfo>
    <!-- Default Binding for X509Token -->
    <tokenGenerator name="gen_signx509token" classname="com.ibm.ws.wssecurity.wssapi.token.impl.CommonTokenGenerator">
      <valueType localName="http://docs.oasis-open.org/wss/2004/01/oasis-200401-wss-x509-token-profile-1.0#X509v3" uri="" />
      <callbackHandler classname="com.ibm.websphere.wssecurity.callbackhandler.X509GenerateCallbackHandler">
          <key alias="soapprovider" keypass="{xor}LDotKTot" name="CN=SOAPProvider, OU=TRL, O=IBM, ST=Kanagawa, C=JP"/>
          <keyStore storepass="{xor}LDotKTot" path="${USER_INSTALL_ROOT}/etc/ws-security/samples/dsig-receiver.ks" type="JKS"/>
      </callbackHandler>
      <jAASConfig configName="system.wss.generate.x509"/>
    </tokenGenerator>
    
    <!-- WS-SecureConversation Token-->
    <tokenGenerator name="gen_scttoken" classname="com.ibm.ws.wssecurity.wssapi.token.impl.CommonTokenGenerator">
      <valueType localName="http://docs.oasis-open.org/ws-sx/ws-secureconversation/200512/sct" uri="" />
      <callbackHandler classname="com.ibm.ws.wssecurity.impl.auth.callback.WSTrustCallbackHandler"/>
      <jAASConfig configName="system.wss.generate.sct"/>
    </tokenGenerator>

    <signingInfo order="2" name="symmetric-signingInfoResponse">
      <signingPartReference>
        <transform  algorithm="http://www.w3.org/2001/10/xml-exc-c14n#" />
      </signingPartReference>
      <signingKeyInfo reference="gen_respSCTsignkeyinfo" />
    </signingInfo>
    <keyInfo type="STRREF" name="gen_respSCTsignkeyinfo" classname="com.ibm.ws.wssecurity.wssapi.CommonContentGenerator">
      <tokenReference reference="gen_scttoken" />
      <derivedKeyInfo>
          <requireDerivedKeys/>
          <requireExplicitDerivedKeys/>
      </derivedKeyInfo>
    </keyInfo>

    <encryptionInfo order="4" name="asymmetric-encryptionInfoResponse">
      <keyEncryptionKeyInfo reference="gen_enckeyinfo" />
      <encryptionPartReference/>
    </encryptionInfo>
    <keyInfo type="KEYID" name="gen_enckeyinfo" classname="com.ibm.ws.wssecurity.wssapi.CommonContentGenerator">
      <tokenReference reference="gen_encx509token" />
    </keyInfo>
    <tokenGenerator name="gen_encx509token" classname="com.ibm.ws.wssecurity.wssapi.token.impl.CommonTokenGenerator">
       <valueType localName="http://docs.oasis-open.org/wss/2004/01/oasis-200401-wss-x509-token-profile-1.0#X509v3" uri="" />
       <callbackHandler classname="com.ibm.websphere.wssecurity.callbackhandler.X509GenerateCallbackHandler">
        <key alias="alice" keypass="{xor}" name="CN=Alice, O=IBM, C=US"/>
        <keyStore storepass="{xor}LCswLTovPiws" path="${USER_INSTALL_ROOT}/etc/ws-security/samples/enc-receiver.jceks" type="JCEKS"/>
      </callbackHandler>
      <jAASConfig configName="system.wss.generate.x509"/>
    </tokenGenerator>

    <encryptionInfo order="5" name="symmetric-encryptionInfoResponse">
    <encryptionPartReference>
      <dataEncryptionKeyInfo reference="gen_respSCTenckeyinfo" />
    </encryptionPartReference>     
    </encryptionInfo>
    <keyInfo type="STRREF" name="gen_respSCTenckeyinfo" classname="com.ibm.ws.wssecurity.wssapi.CommonContentGenerator">
      <tokenReference reference="gen_scttoken" />
      <derivedKeyInfo>
          <requireDerivedKeys/>
          <requireExplicitDerivedKeys/>
      </derivedKeyInfo>
    </keyInfo>

     <!-- Kerberos V5 Token-->
      <tokenGenerator name="gen_krb5token" classname="com.ibm.ws.wssecurity.wssapi.token.impl.CommonTokenGenerator">
        <valueType localName="http://docs.oasis-open.org/wss/oasis-wss-kerberos-token-profile-1.1#GSS_Kerberosv5_AP_REQ" uri="" />
        <callbackHandler classname="com.ibm.websphere.wssecurity.callbackhandler.KRBTokenGenerateCallbackHandler" >
        </callbackHandler>
        <jAASConfig configName="system.wss.generate.KRB5BST"/>
      </tokenGenerator>

      <signingInfo order="3" name="symmetric-KrbsignInfoResponse">
        <signingPartReference>
          <transform algorithm="http://www.w3.org/2001/10/xml-exc-c14n#" />
        </signingPartReference>
        <signingKeyInfo reference="gen_respKRBsignkeyinfo" />
      </signingInfo>      
      <encryptionInfo order="6" name="symmetric-KrbencInfoResponse">
          <encryptionPartReference>  
              <dataEncryptionKeyInfo reference="gen_respKRBenckeyInfo"/>   
          </encryptionPartReference>
      </encryptionInfo>

      <keyInfo type="STRREF" name="gen_respKRBsignkeyinfo" classname="com.ibm.ws.wssecurity.wssapi.CommonContentGenerator">
         <tokenReference reference="gen_krb5token"/> 
          <derivedKeyInfo>
              <requireDerivedKeys/>
              <requireExplicitDerivedKeys/>
          </derivedKeyInfo>
      </keyInfo>
      
      <keyInfo type="STRREF" name="gen_respKRBenckeyInfo" classname="com.ibm.ws.wssecurity.wssapi.CommonContentGenerator">
         <tokenReference reference="gen_krb5token"/>  
          <derivedKeyInfo>
              <requireDerivedKeys/>
              <requireExplicitDerivedKeys/>
          </derivedKeyInfo>
      </keyInfo>

  </securityOutboundBindingConfig>

  <securityInboundBindingConfig> 
    
    <encryptionInfo name="asymmetric-encryptionInfoRequest">
      <keyEncryptionKeyInfo reference="dec_keyinfo" />
      <encryptionPartReference/>
    </encryptionInfo>
    <keyInfo name="dec_keyinfo" classname="com.ibm.ws.wssecurity.wssapi.CommonContentConsumer">
      <tokenReference reference="con_encx509token" />
    </keyInfo>
    <tokenConsumer classname="com.ibm.ws.wssecurity.wssapi.token.impl.CommonTokenConsumer" name="con_encx509token">
      <valueType localName="http://docs.oasis-open.org/wss/2004/01/oasis-200401-wss-x509-token-profile-1.0#X509v3" uri="" />
      <callbackHandler classname="com.ibm.websphere.wssecurity.callbackhandler.X509ConsumeCallbackHandler">
        <key alias="bob" keypass="{xor}NDomLz4sLA==" name="CN=Bob, O=IBM, C=US"/>
        <keyStore storepass="{xor}LCswLTovPiws" path="${USER_INSTALL_ROOT}//etc/ws-security/samples/enc-receiver.jceks" type="JCEKS"/>
        <certPathSettings>
          <trustAnyCertificate/>
        </certPathSettings>
      </callbackHandler>
      <jAASConfig configName="system.wss.consume.x509"/>
    </tokenConsumer>
    
        
    <!-- Default Binding for WS-SecureConversation Token -->
    <tokenConsumer classname="com.ibm.ws.wssecurity.wssapi.token.impl.CommonTokenConsumer" name="con_scttoken">
      <valueType localName="http://docs.oasis-open.org/ws-sx/ws-secureconversation/200512/sct" uri="" />
      <callbackHandler classname="com.ibm.ws.wssecurity.impl.auth.callback.SCTConsumeCallbackHandler">
      </callbackHandler>
     <jAASConfig configName="system.wss.consume.sct"/>
    </tokenConsumer>
    
    <encryptionInfo name="symmetric-encryptionInfoRequest">
    <encryptionPartReference>
      <dataEncryptionKeyInfo reference="con_reqSCTenckeyinfo" />
    </encryptionPartReference>     
    </encryptionInfo>
    <keyInfo name="con_reqSCTenckeyinfo" classname="com.ibm.ws.wssecurity.wssapi.CommonContentConsumer">
      <tokenReference reference="con_scttoken" /> 
      <derivedKeyInfo>
          <requireDerivedKeys/>
          <requireExplicitDerivedKeys/>
      </derivedKeyInfo>
    </keyInfo>
    
    
    <signingInfo name="asymmetric-signingInfoRequest">
      <signingPartReference>
        <transform  algorithm="http://www.w3.org/2001/10/xml-exc-c14n#" />
      </signingPartReference>
      <signingKeyInfo reference="con_signkeyinfo" />
    </signingInfo>
    <keyInfo name="con_signkeyinfo" classname="com.ibm.ws.wssecurity.wssapi.CommonContentConsumer">
      <tokenReference reference="con_signx509token" />
    </keyInfo>
    <tokenConsumer classname="com.ibm.ws.wssecurity.wssapi.token.impl.CommonTokenConsumer" name="con_signx509token">
       <valueType localName="http://docs.oasis-open.org/wss/2004/01/oasis-200401-wss-x509-token-profile-1.0#X509v3" uri="" />
        <callbackHandler classname="com.ibm.websphere.wssecurity.callbackhandler.X509ConsumeCallbackHandler">
          <certPathSettings>
            <trustAnchorRef reference="DigSigTrustAnchor"/>
            <certStoreRef reference="DigSigCertStore"/>
          </certPathSettings>
        </callbackHandler>
        <jAASConfig configName="system.wss.consume.x509"/>
    </tokenConsumer>
    <trustAnchor name="DigSigTrustAnchor">
       <keyStore storepass="{xor}LDotKTot" path="${USER_INSTALL_ROOT}/etc/ws-security/samples/dsig-receiver.ks" type="JKS"/>
    </trustAnchor>
    <certStoreList>
        <collectionCertStores provider="IBMCertPath" name="DigSigCertStore">
          <x509Certificates path="${USER_INSTALL_ROOT}/etc/ws-security/samples/intca2.cer"/>
        </collectionCertStores>
    </certStoreList>

    <signingInfo name="symmetric-signingInfoRequest">
      <signingPartReference>
        <transform  algorithm="http://www.w3.org/2001/10/xml-exc-c14n#" />
      </signingPartReference>
      <signingKeyInfo reference="con_reqSCTsignkeyinfo" />
    </signingInfo>
    <keyInfo name="con_reqSCTsignkeyinfo" classname="com.ibm.ws.wssecurity.wssapi.CommonContentConsumer">
      <tokenReference reference="con_scttoken" />
      <derivedKeyInfo>
          <requireDerivedKeys/>
          <requireExplicitDerivedKeys/>
      </derivedKeyInfo>
    </keyInfo>

    <!-- Default Binding for Kerberos v5 Token -->
    <tokenConsumer name="con_krb5token" classname="com.ibm.ws.wssecurity.wssapi.token.impl.CommonTokenConsumer">
      <valueType localName="http://docs.oasis-open.org/wss/oasis-wss-kerberos-token-profile-1.1#GSS_Kerberosv5_AP_REQ" uri="" />
      <callbackHandler classname="com.ibm.websphere.wssecurity.callbackhandler.KRBTokenConsumeCallbackHandler"/>
      <jAASConfig configName="system.wss.consume.KRB5BST"/>
    </tokenConsumer>
    
      <signingInfo name="symmetric-KrbSignInfoRequest">
        <signingPartReference>
          <transform algorithm="http://www.w3.org/2001/10/xml-exc-c14n#" />
        </signingPartReference>
        <signingKeyInfo reference="con_reqKRBsignkeyinfo" />
      </signingInfo>
      <encryptionInfo name="symmetric-KrbEncInfoRequest">
          <encryptionPartReference>
              <dataEncryptionKeyInfo reference="con_reqKRBenckeyinfo"/>
          </encryptionPartReference>
      </encryptionInfo>

      <keyInfo name="con_reqKRBsignkeyinfo" classname="com.ibm.ws.wssecurity.wssapi.CommonContentConsumer">
        <tokenReference reference="con_krb5token" />  
          <derivedKeyInfo>
              <requireDerivedKeys/>
              <requireExplicitDerivedKeys/>
          </derivedKeyInfo> 
      </keyInfo>

      <keyInfo name="con_reqKRBenckeyinfo" classname="com.ibm.ws.wssecurity.wssapi.CommonContentConsumer">
        <tokenReference reference="con_krb5token" />          
          <derivedKeyInfo>
              <requireDerivedKeys/>
              <requireExplicitDerivedKeys/>
          </derivedKeyInfo> 
      </keyInfo>
      
    <!-- Default Binding for UsernameToken -->
    <tokenConsumer name="con_unametoken" classname="com.ibm.ws.wssecurity.wssapi.token.impl.CommonTokenConsumer">
      <valueType localName="http://docs.oasis-open.org/wss/2004/01/oasis-200401-wss-username-token-profile-1.0#UsernameToken" uri="" />
      <callbackHandler classname="com.ibm.websphere.wssecurity.callbackhandler.UNTConsumeCallbackHandler">
      <properties name="com.ibm.wsspi.wssecurity.token.username.verifyTimestamp" value="true"/>
      <properties name="com.ibm.wsspi.wssecurity.token.username.verifyNonce" value="true"/>
      </callbackHandler>
      <jAASConfig configName="system.wss.consume.unt"/>
    </tokenConsumer>

   <!-- Default Binding for LTPAToken -->
    <tokenConsumer name="con_ltpatoken" classname="com.ibm.ws.wssecurity.wssapi.token.impl.CommonTokenConsumer">
      <valueType localName="LTPAv2" uri="http://www.ibm.com/websphere/appserver/tokentype" />
      <callbackHandler classname="com.ibm.websphere.wssecurity.callbackhandler.LTPAConsumeCallbackHandler"/>
      <jAASConfig configName="system.wss.consume.ltpa"/>
    </tokenConsumer>

   <!-- Default Binding for LTPA_PropagationToken -->
    <tokenConsumer name="con_ltpaproptoken" classname="com.ibm.ws.wssecurity.wssapi.token.impl.CommonTokenConsumer">
      <valueType localName="LTPA_PROPAGATION" uri="http://www.ibm.com/websphere/appserver/tokentype" />
      <callbackHandler classname="com.ibm.websphere.wssecurity.callbackhandler.LTPAConsumeCallbackHandler"/>
      <jAASConfig configName="system.wss.consume.ltpaProp"/>
    </tokenConsumer>


    
  </securityInboundBindingConfig>

 </securityBinding>
</securityBindings>
