<?xml version="1.0" encoding="UTF-8"?>
<appdeployment:Deployment xmi:version="2.0" xmlns:xmi="http://www.omg.org/XMI" xmlns:appdeployment="http://www.ibm.com/websphere/appserver/schemas/5.0/appdeployment.xmi" xmi:id="Deployment_1534520055831">
  <deployedObject xmi:type="appdeployment:ApplicationDeployment" xmi:id="ApplicationDeployment_1534520055831" deploymentId="0" startingWeight="1" binariesURL="${WAS_INSTALL_ROOT}/systemApps/${ARS_NAME}" useMetadataFromBinaries="false" enableDistribution="false" createMBeansForResources="true" reloadEnabled="false" appContextIDForSecurity="href:websphere90ndCell01/ibmasyncrsp" zeroEarCopy="true" filePermission=".*\.dll=755#.*\.so=755#.*\.a=755#.*\.sl=755" allowDispatchRemoteInclude="false" allowServiceRemoteInclude="false" asyncRequestDispatchType="DISABLED" standaloneModule="false" enableClientModule="false">
    <targetMappings xmi:id="DeploymentTargetMapping_1534520055832" enable="true" target="ServerTarget_1534520055832"/>
    <targetMappings xmi:id="DeploymentTargetMapping_1534523365487" enable="true" target="ServerTarget_1534523365487"/>
    <targetMappings xmi:id="DeploymentTargetMapping_1534523479626" enable="true" target="ServerTarget_1534523479626"/>
    <targetMappings xmi:id="DeploymentTargetMapping_1534523498994" enable="true" target="ServerTarget_1534523498994"/>
    <classloader xmi:id="Classloader_1534520055832" mode="PARENT_FIRST"/>
    <modules xmi:type="appdeployment:WebModuleDeployment" xmi:id="WebModuleDeployment_1534520055832" deploymentId="1" startingWeight="10000" uri="ibmasyncrsp.war" containsEJBContent="0">
      <targetMappings xmi:id="DeploymentTargetMapping_1534520055833" target="ServerTarget_1534520055832"/>
      <targetMappings xmi:id="DeploymentTargetMapping_1534523365488" target="ServerTarget_1534523365487"/>
      <targetMappings xmi:id="DeploymentTargetMapping_1534523479627" target="ServerTarget_1534523479626"/>
      <targetMappings xmi:id="DeploymentTargetMapping_1534523498995" target="ServerTarget_1534523498994"/>
      <classloader xmi:id="Classloader_1534520055833"/>
    </modules>
    <properties xmi:id="Property_1534520055832" name="metadata.complete" value="true"/>
    <properties xmi:id="Property_1534520055833" name="Manifest-Implementation-Version" value="1 [2]"/>
  </deployedObject>
  <deploymentTargets xmi:type="appdeployment:ServerTarget" xmi:id="ServerTarget_1534520055832" name="server1" nodeName="websphere90ndNode01"/>
  <deploymentTargets xmi:type="appdeployment:ServerTarget" xmi:id="ServerTarget_1534523365487" name="server1" nodeName="websphere90ndNode02"/>
  <deploymentTargets xmi:type="appdeployment:ServerTarget" xmi:id="ServerTarget_1534523479626" name="server2" nodeName="websphere90ndNode01"/>
  <deploymentTargets xmi:type="appdeployment:ServerTarget" xmi:id="ServerTarget_1534523498994" name="server3" nodeName="websphere90ndNode02"/>
</appdeployment:Deployment>
