<?xml version="1.0" encoding="UTF-8"?>
<middlewaredescriptors:MiddlewareDescriptor xmi:version="2.0" xmlns:xmi="http://www.omg.org/XMI" xmlns:middlewaredescriptors="http://www.ibm.com/websphere/appserver/schemas/6.1/middlewaredescriptors.xmi" xmi:id="MiddlewareDescriptor_1534519727139" name="liberty_server" discoveryInterval="4" discoveryIntervalUnits="2">
  <versionDescriptors xmi:id="MiddlewareVersionDescriptor_1534519727140" version="default">
    <versionDescriptor xmi:id="DescriptivePropertyGroup_1534519727140" name="versionDescriptor">
      <propertyGroups xmi:id="DescriptivePropertyGroup_1534519727141" name="sessionAffinityDescriptor">
        <properties xmi:id="DiscoverableDescriptiveProperty_1534519727143" name="learnCloneIds" value="false" required="true" type="String" range="" inclusive="false">
          <descriptor xmi:id="DisplayDescriptor_1534519727143" displayNameKey="learnCloneIds" firstClass="true" hoverHelpKey="learnCloneIds.help"/>
        </properties>
        <properties xmi:id="DiscoverableDescriptiveProperty_1534519727144" name="cookieNames" value="WSJSESSIONID,JSESSIONID,SSLJSESSIONID" required="true" type="String" range="" inclusive="false">
          <descriptor xmi:id="DisplayDescriptor_1534519727145" displayNameKey="cookieNames" firstClass="true" hoverHelpKey="cookieNames.help"/>
        </properties>
        <properties xmi:id="DiscoverableDescriptiveProperty_1534519727146" name="urlRewriteNames" value="jsessionid" required="true" type="String" range="" inclusive="false">
          <descriptor xmi:id="DisplayDescriptor_1534519727147" displayNameKey="urlRewriteNames" firstClass="true" hoverHelpKey="urlRewriteNames.help"/>
        </properties>
        <properties xmi:id="DiscoverableDescriptiveProperty_1534519727148" name="cloneIdSeparator" value=":" required="true" type="String" range="" inclusive="false">
          <descriptor xmi:id="DisplayDescriptor_1534519727148" displayNameKey="cloneIdSeparator" firstClass="true" hoverHelpKey="cloneIdSeparator.help"/>
        </properties>
        <properties xmi:id="DiscoverableDescriptiveProperty_1534519727149" name="altCloneIdSeparator" value="" required="false" type="String" range="" inclusive="false">
          <descriptor xmi:id="DisplayDescriptor_1534519727150" displayNameKey="altCloneIdSeparator" firstClass="true" hoverHelpKey="altCloneIdSeparator.help"/>
        </properties>
        <properties xmi:id="DiscoverableDescriptiveProperty_1534519727151" name="affinityMode" value="active-conditional" required="true" type="String" range="" inclusive="false">
          <descriptor xmi:id="DisplayDescriptor_1534519727152" displayNameKey="affinityMode" firstClass="true" hoverHelpKey="affinityMode.help"/>
        </properties>
        <descriptor xmi:id="DisplayDescriptor_1534519727142" displayNameKey="sessionAffinityDescriptor" firstClass="true" hoverHelpKey="sessionAffinityDescriptor.help"/>
      </propertyGroups>
      <propertyGroups xmi:id="DescriptivePropertyGroup_1534519727152" name="timeOutGroup">
        <properties xmi:id="DiscoverableDescriptiveProperty_1534519727154" name="startTimeOutValue" value="300000" required="true" type="String" range="" inclusive="false">
          <descriptor xmi:id="DisplayDescriptor_1534519727155" displayNameKey="startTimeOutValue" firstClass="true" hoverHelpKey="startTimeOutValue.desc"/>
        </properties>
        <properties xmi:id="DiscoverableDescriptiveProperty_1534519727156" name="stopTimeOutValue" value="300000" required="true" type="String" range="" inclusive="false">
          <descriptor xmi:id="DisplayDescriptor_1534519727157" displayNameKey="stopTimeOutValue" firstClass="true" hoverHelpKey="stopTimeOutValue.desc"/>
        </properties>
        <descriptor xmi:id="DisplayDescriptor_1534519727153" displayNameKey="timeOutGroup" displayDescriptionKey="timeOutGroup.desc" firstClass="true"/>
      </propertyGroups>
    </versionDescriptor>
  </versionDescriptors>
</middlewaredescriptors:MiddlewareDescriptor>
