<?xml version="1.0" encoding="UTF-8" standalone="yes"?>
<wsp:Policy xmlns:wsam="http://www.w3.org/2007/05/addressing/metadata"
	xmlns:wsp="http://www.w3.org/ns/ws-policy">
	<!-- Do not edit this file. -->
	<wsp:ExactlyOne>
		<wsp:All>
			<wsam:Addressing wsp:Optional="true">
				<wsp:Policy>
					<wsp:ExactlyOne>
						<wsp:All />
						<wsam:AnonymousResponses/>
						<wsam:NonAnonymousResponses/>
					</wsp:ExactlyOne>
				</wsp:Policy>
			</wsam:Addressing>
		</wsp:All>
	</wsp:ExactlyOne>
</wsp:Policy>
