<?xml version="1.0" encoding="UTF-8" standalone="yes"?>
<wsp:Policy
	xmlns:wshttp="http://www.ibm.com/xmlns/prod/websphere/200609/ws-httpTransport"
	xmlns:wsp="http://schemas.xmlsoap.org/ws/2004/09/policy">
	<!-- Do not edit this file. -->
	<!-- This is binding for Https -->
	<wsp:ExactlyOne>
		<wsp:All>
			<wshttp:outRequestwithSSL>
				<wshttp:configAlias name="NodeDefaultSSLSettings"></wshttp:configAlias>
				<wshttp:configFile path="${WAS_PROPS_DIR}/ssl.client.props"></wshttp:configFile>
			</wshttp:outRequestwithSSL>
			<wshttp:outAsyncResponsewithSSL>
				<wshttp:configAlias name="NodeDefaultSSLSettings"></wshttp:configAlias>
				<wshttp:configFile path="${WAS_PROPS_DIR}/ssl.client.props"></wshttp:configFile>
			</wshttp:outAsyncResponsewithSSL>
			<wshttp:inResponsewithSSL>
				<wshttp:configAlias name="NodeDefaultSSLSettings"></wshttp:configAlias>
				<wshttp:configFile path="${WAS_PROPS_DIR}/ssl.client.props"></wshttp:configFile>
			</wshttp:inResponsewithSSL>			
		</wsp:All>
	</wsp:ExactlyOne>
</wsp:Policy>


