<?xml version="1.0" encoding="UTF-8"?>
<xmi:XMI xmi:version="2.0" xmlns:xmi="http://www.omg.org/XMI" xmlns:resources.j2c="http://www.ibm.com/websphere/appserver/schemas/5.0/resources.j2c.xmi" xmlns:resources.jdbc="http://www.ibm.com/websphere/appserver/schemas/5.0/resources.jdbc.xmi" xmlns:resources.jms="http://www.ibm.com/websphere/appserver/schemas/5.0/resources.jms.xmi" xmlns:resources.mail="http://www.ibm.com/websphere/appserver/schemas/5.0/resources.mail.xmi" xmlns:resources.url="http://www.ibm.com/websphere/appserver/schemas/5.0/resources.url.xmi">
  <resources.jdbc:JDBCProvider xmi:id="builtin_jdbcprovider" name="Derby JDBC Provider (XA)" description="Built-in Derby JDBC Provider (XA)" providerType="Derby JDBC Provider (XA)" implementationClassName="org.apache.derby.jdbc.EmbeddedXADataSource" xa="true">
    <classpath>${DERBY_JDBC_DRIVER_PATH}/derby.jar</classpath>
    <factories xmi:type="resources.jdbc:DataSource" xmi:id="DataSource_1000001" name="DefaultEJBTimerDataSource" jndiName="jdbc/DefaultEJBTimerDataSource" description="Default data source for WebSphere EJB Timer Service" category="default" authMechanismPreference="BASIC_PASSWORD" relationalResourceAdapter="builtin_rra" statementCacheSize="10" datasourceHelperClassname="com.ibm.websphere.rsadapter.DerbyDataStoreHelper">
      <propertySet xmi:id="J2EEResourcePropertySet_2">
        <resourceProperties xmi:id="J2EEResourceProperty_DB2j_5_1" name="databaseName" type="java.lang.String" value="${USER_INSTALL_ROOT}/databases/EJBTimers/${SERVER}/EJBTimerDB" description="Location of Derby default database for the EJB Timer Service." required="true"/>
        <resourceProperties xmi:id="J2EEResourceProperty_DB2j_5_2" name="shutdownDatabase" type="java.lang.String" value=""/>
        <resourceProperties xmi:id="J2EEResourceProperty_DB2j_5_3" name="dataSourceName" type="java.lang.String" value=""/>
        <resourceProperties xmi:id="J2EEResourceProperty_DB2j_5_4" name="description" type="java.lang.String" value=""/>
        <resourceProperties xmi:id="J2EEResourceProperty_DB2j_5_5" name="connectionAttributes" type="java.lang.String" value="upgrade=true" description="Allows the Derby database to be upgraded."/>
        <resourceProperties xmi:id="J2EEResourceProperty_DB2j_5_6" name="createDatabase" type="java.lang.String" value=""/>
        <resourceProperties xmi:id="J2EEResourceProperty_DB2j_5_7" name="enableMultithreadedAccessDetection" type="java.lang.Boolean" value="false"/>
        <resourceProperties xmi:id="J2EEResourceProperty_DB2j_5_8" name="preTestSQLString" type="java.lang.String" value=""/>
      </propertySet>
      <connectionPool xmi:id="ConnectionPool_2" connectionTimeout="1800" maxConnections="30" minConnections="1" reapTime="180" unusedTimeout="1800" agedTimeout="0" purgePolicy="EntirePool"/>
    </factories>
  </resources.jdbc:JDBCProvider>
  <resources.jms:JMSProvider xmi:id="builtin_jmsprovider" name="WebSphere JMS Provider" description="V5 Default Messaging Provider" externalInitialContextFactory="" externalProviderURL=""/>
  <resources.jms:JMSProvider xmi:id="builtin_mqprovider" name="WebSphere MQ JMS Provider" description="WebSphere MQ Messaging Provider" externalInitialContextFactory="" externalProviderURL=""/>
  <resources.j2c:J2CResourceAdapter xmi:id="builtin_rra" name="WebSphere Relational Resource Adapter" description="Built-in Relational Resource Adapter for WebSphere Persistence" archivePath="${WAS_LIBS_DIR}/rsadapter.rar">
    <classpath>${WAS_LIBS_DIR}/rsadapter.rar</classpath>
    <factories xmi:type="resources.jdbc:CMPConnectorFactory" xmi:id="CMPConnectorFactory_1183122153656" name="Default_CF" authMechanismPreference="BASIC_PASSWORD" connectionDefinition="ConnectionDefinition_1054132487569" cmpDatasource="DataSource_1183122153625">
      <propertySet xmi:id="J2EEResourcePropertySet_1183122153656"/>
    </factories>
    <propertySet xmi:id="J2EEResourcePropertySet_8"/>
    <deploymentDescriptor xmi:id="Connector_1054132487569" displayName="WS_RdbResourceAdapter" vendorName="IBM" specVersion="1.5" eisType="RRA" version="6.0">
      <icons xmi:id="IconType_1054132487569" smallIcon="rdb_small_icon.jpg" largeIcon="rdb_large_icon.jpg"/>
      <displayNames xmi:id="DisplayName_1535542449078" value="WS_RdbResourceAdapter"/>
      <displayNames xmi:id="DisplayName_1183122153343" value="WS_RdbResourceAdapter"/>
      <displayNames xmi:id="DisplayName_1054132487569" value="WS_RdbResourceAdapter"/>
      <descriptions xmi:id="Description_1054132487569" value="IBM Relational ResourceAdapter"/>
      <license xmi:id="License_1054132487569" required="false">
        <descriptions xmi:id="Description_1054132487570" value="IBM Relational ResourceAdapter"/>
      </license>
      <resourceAdapter xmi:id="ResourceAdapter_1054132487569" transactionSupport="NoTransaction" reauthenticationSupport="false" resourceAdapterClass="com.ibm.ws.rsadapter.spi.WSResourceAdapterImpl">
        <outboundResourceAdapter xmi:id="OutboundResourceAdapter_1054132487569" reauthenticationSupport="false" transactionSupport="XATransaction">
          <connectionDefinitions xmi:id="ConnectionDefinition_1054132487569" managedConnectionFactoryClass="com.ibm.ws.rsadapter.spi.WSManagedConnectionFactoryImpl" connectionFactoryInterface="javax.resource.cci.ConnectionFactory" connectionFactoryImplClass="com.ibm.ws.rsadapter.cci.WSRdbConnectionFactoryImpl" connectionInterface="javax.resource.cci.Connection" connectionImplClass="com.ibm.ws.rsadapter.cci.WSRdbConnectionImpl">
            <configProperties xmi:id="ConfigProperty_1054132487569" name="ConnectionFactoryType" type="java.lang.Integer" value="2">
              <descriptions xmi:id="Description_1054132487571" value="A constant indicating the type of connection factory: WSJdbcDataSource (1) or WSRdbConnectionFactory (2)"/>
            </configProperties>
          </connectionDefinitions>
          <authenticationMechanisms xmi:id="AuthenticationMechanism_1054132487589" authenticationMechanismType="BasicPassword" credentialInterface="javax.resource.spi.security.PasswordCredential">
            <descriptions xmi:id="Description_1054132487590" value="BasicPassword authentication"/>
          </authenticationMechanisms>
          <authenticationMechanisms xmi:id="AuthenticationMechanism_1054132487590" authenticationMechanismType="Kerbv5" credentialInterface="javax.resource.spi.security.GenericCredential">
            <descriptions xmi:id="Description_1054132487591" value="Kerbv5 Authentication"/>
          </authenticationMechanisms>
        </outboundResourceAdapter>
      </resourceAdapter>
    </deploymentDescriptor>
    <connectionDefTemplateProps xmi:id="ConnectionDefTemplateProps_1054132487589" ConnectionDefinition="ConnectionDefinition_1054132487569"/>
  </resources.j2c:J2CResourceAdapter>
  <resources.mail:MailProvider xmi:id="builtin_mailprovider" name="Built-in Mail Provider" description="The built-in mail provider">
    <protocolProviders xmi:id="builtin_smtp" protocol="smtp" classname="com.sun.mail.smtp.SMTPTransport" type="TRANSPORT"/>
    <protocolProviders xmi:id="builtin_pop3" protocol="pop3" classname="com.sun.mail.pop3.POP3Store" type="STORE"/>
    <protocolProviders xmi:id="builtin_imap" protocol="imap" classname="com.sun.mail.imap.IMAPStore" type="STORE"/>
    <protocolProviders xmi:id="builtin_smtps" protocol="smtps" classname="com.sun.mail.smtp.SMTPSSLTransport" type="TRANSPORT"/>
    <protocolProviders xmi:id="builtin_pop3s" protocol="pop3s" classname="com.sun.mail.pop3.POP3SSLStore" type="STORE"/>
    <protocolProviders xmi:id="builtin_imaps" protocol="imaps" classname="com.sun.mail.imap.IMAPSSLStore" type="STORE"/>
  </resources.mail:MailProvider>
  <resources.url:URLProvider xmi:id="URLProvider_1" name="Default URL Provider" streamHandlerClassName="unused" protocol="unused"/>
  <resources.jdbc:JDBCProvider xmi:id="JDBCProvider_1183122153343" name="Derby JDBC Provider" description="Derby embedded non-XA  JDBC Provider" providerType="Derby JDBC Provider" implementationClassName="org.apache.derby.jdbc.EmbeddedConnectionPoolDataSource" xa="false">
    <classpath>${DERBY_JDBC_DRIVER_PATH}/derby.jar</classpath>
    <factories xmi:type="resources.jdbc:DataSource" xmi:id="DataSource_1183122153625" name="Default Datasource" jndiName="DefaultDatasource" description="Datasource for the WebSphere Default Application" providerType="Derby JDBC Provider" authMechanismPreference="BASIC_PASSWORD" relationalResourceAdapter="builtin_rra" statementCacheSize="10" datasourceHelperClassname="com.ibm.websphere.rsadapter.DerbyDataStoreHelper">
      <propertySet xmi:id="J2EEResourcePropertySet_1183122153625">
        <resourceProperties xmi:id="J2EEResourceProperty_1183122153625" name="databaseName" type="java.lang.String" value="${APP_INSTALL_ROOT}/${CELL}/DefaultApplication.ear/DefaultDB" description="adminRequired=true - This is a required property. This property must be set and it identifies which database to access. For example, g:/db/wombat." required="true"/>
        <resourceProperties xmi:id="J2EEResourceProperty_1183122153626" name="shutdownDatabase" type="java.lang.String" value="" description="If set to the string 'shutdown', this will cause the database to shutdown when a java.sql.Connection object is obtained from the Data Source. E.g., If the Data Source is an XADataSource, a getXAConnection().getConnection() is necessary to cause the database to shutdown" required="false"/>
        <resourceProperties xmi:id="J2EEResourceProperty_1183122153627" name="dataSourceName" type="java.lang.String" value="" description="Name for ConnectionPooledDataSource. Not used by the Data Source object. Used for informational purpose only." required="false"/>
        <resourceProperties xmi:id="J2EEResourceProperty_1183122153628" name="description" type="java.lang.String" value="" description="Description of the Data Source. Not used by the Data Source object. Used for informational purpose only." required="false"/>
        <resourceProperties xmi:id="J2EEResourceProperty_1183122153629" name="connectionAttributes" type="java.lang.String" value="upgrade=true" description="Connection attributes specific to Derby. Please see Derby documentation for a complete list of features." required="false"/>
        <resourceProperties xmi:id="J2EEResourceProperty_1183122153630" name="createDatabase" type="java.lang.String" value="" description="If set to the string 'create', this will cause a new database of DatabaseName if that database does not already exist. The database is created when a connection object is obtained from the Data Source." required="false"/>
      </propertySet>
      <connectionPool xmi:id="ConnectionPool_1183122153625" connectionTimeout="180" maxConnections="10" minConnections="1" reapTime="180" unusedTimeout="1800" agedTimeout="0" purgePolicy="EntirePool"/>
    </factories>
  </resources.jdbc:JDBCProvider>
  <resources.j2c:J2CResourceAdapter xmi:id="J2CResourceAdapter_1535542449078" name="SIB JMS Resource Adapter" description="Default messaging provider" archivePath="${WAS_INSTALL_ROOT}/installedConnectors/sib.api.jmsra.rar" threadPoolAlias="SIBJMSRAThreadPool">
    <classpath>${WAS_INSTALL_ROOT}/installedConnectors/sib.api.jmsra.rar</classpath>
    <propertySet xmi:id="J2EEResourcePropertySet_1535542449078"/>
    <deploymentDescriptor xmi:id="Connector_1535542449078" displayName="WebSphere Default Messaging Provider" vendorName="IBM" specVersion="1.5" eisType="JMS Provider" version="0.3">
      <displayNames xmi:id="DisplayName_1535542449079" value="WebSphere Default Messaging Provider"/>
      <displayNames xmi:id="DisplayName_1535542449080" value="WebSphere Default Messaging Provider"/>
      <resourceAdapter xmi:id="ResourceAdapter_1535542449078" transactionSupport="NoTransaction" reauthenticationSupport="false" resourceAdapterClass="com.ibm.ws.sib.api.jmsra.impl.JmsJcaResourceAdapterImpl">
        <outboundResourceAdapter xmi:id="OutboundResourceAdapter_1535542449078" reauthenticationSupport="false" transactionSupport="XATransaction">
          <connectionDefinitions xmi:id="ConnectionDefinition_1535542449078" managedConnectionFactoryClass="com.ibm.ws.sib.api.jmsra.impl.JmsJcaManagedQueueConnectionFactoryImpl" connectionFactoryInterface="javax.jms.QueueConnectionFactory" connectionFactoryImplClass="com.ibm.ws.sib.api.jms.impl.JmsQueueConnFactoryImpl" connectionInterface="javax.jms.QueueConnection" connectionImplClass="com.ibm.ws.sib.api.jms.impl.JmsQueueConnectionImpl">
            <configProperties xmi:id="ConfigProperty_1535542449078" name="BusName" type="java.lang.String"/>
            <configProperties xmi:id="ConfigProperty_1535542449079" name="ClientID" type="java.lang.String"/>
            <configProperties xmi:id="ConfigProperty_1535542449080" name="UserName" type="java.lang.String"/>
            <configProperties xmi:id="ConfigProperty_1535542449081" name="Password" type="java.lang.String"/>
            <configProperties xmi:id="ConfigProperty_1535542449082" name="NonPersistentMapping" type="java.lang.String" value="ExpressNonPersistent"/>
            <configProperties xmi:id="ConfigProperty_1535542449083" name="PersistentMapping" type="java.lang.String" value="ReliablePersistent"/>
            <configProperties xmi:id="ConfigProperty_1535542449084" name="ReadAhead" type="java.lang.String" value="Default"/>
            <configProperties xmi:id="ConfigProperty_1535542449085" name="Target" type="java.lang.String"/>
            <configProperties xmi:id="ConfigProperty_1535542449086" name="TargetType" type="java.lang.String" value="BusMember"/>
            <configProperties xmi:id="ConfigProperty_1535542449087" name="TargetSignificance" type="java.lang.String" value="Preferred"/>
            <configProperties xmi:id="ConfigProperty_1535542449088" name="RemoteProtocol" type="java.lang.String"/>
            <configProperties xmi:id="ConfigProperty_1535542449089" name="TargetTransportChain" type="java.lang.String"/>
            <configProperties xmi:id="ConfigProperty_1535542449090" name="ProviderEndpoints" type="java.lang.String"/>
            <configProperties xmi:id="ConfigProperty_1535542449091" name="ConnectionProximity" type="java.lang.String" value="Bus"/>
            <configProperties xmi:id="ConfigProperty_1535542449092" name="TemporaryQueueNamePrefix" type="java.lang.String"/>
            <configProperties xmi:id="ConfigProperty_1535542449093" name="ShareDataSourceWithCMP" type="java.lang.Boolean" value="false"/>
            <configProperties xmi:id="ConfigProperty_1535542449094" name="ProducerDoesNotModifyPayloadAfterSet" type="java.lang.String" value="false"/>
            <configProperties xmi:id="ConfigProperty_1535542449095" name="ConsumerDoesNotModifyPayloadAfterGet" type="java.lang.String" value="false"/>
          </connectionDefinitions>
          <connectionDefinitions xmi:id="ConnectionDefinition_1535542449079" managedConnectionFactoryClass="com.ibm.ws.sib.api.jmsra.impl.JmsJcaManagedTopicConnectionFactoryImpl" connectionFactoryInterface="javax.jms.TopicConnectionFactory" connectionFactoryImplClass="com.ibm.ws.sib.api.jms.impl.JmsTopicConnFactoryImpl" connectionInterface="javax.jms.TopicConnection" connectionImplClass="com.ibm.ws.sib.api.jms.impl.JmsTopicConnectionImpl">
            <configProperties xmi:id="ConfigProperty_1535542449096" name="BusName" type="java.lang.String"/>
            <configProperties xmi:id="ConfigProperty_1535542449097" name="ClientID" type="java.lang.String"/>
            <configProperties xmi:id="ConfigProperty_1535542449098" name="UserName" type="java.lang.String"/>
            <configProperties xmi:id="ConfigProperty_1535542449099" name="Password" type="java.lang.String"/>
            <configProperties xmi:id="ConfigProperty_1535542449100" name="NonPersistentMapping" type="java.lang.String" value="ExpressNonPersistent"/>
            <configProperties xmi:id="ConfigProperty_1535542449101" name="PersistentMapping" type="java.lang.String" value="ReliablePersistent"/>
            <configProperties xmi:id="ConfigProperty_1535542449102" name="DurableSubscriptionHome" type="java.lang.String"/>
            <configProperties xmi:id="ConfigProperty_1535542449103" name="ReadAhead" type="java.lang.String" value="Default"/>
            <configProperties xmi:id="ConfigProperty_1535542449104" name="Target" type="java.lang.String"/>
            <configProperties xmi:id="ConfigProperty_1535542449105" name="TargetType" type="java.lang.String" value="BusMember"/>
            <configProperties xmi:id="ConfigProperty_1535542449106" name="TargetSignificance" type="java.lang.String" value="Preferred"/>
            <configProperties xmi:id="ConfigProperty_1535542449107" name="RemoteProtocol" type="java.lang.String"/>
            <configProperties xmi:id="ConfigProperty_1535542449108" name="TargetTransportChain" type="java.lang.String"/>
            <configProperties xmi:id="ConfigProperty_1535542449109" name="ProviderEndpoints" type="java.lang.String"/>
            <configProperties xmi:id="ConfigProperty_1535542449110" name="ConnectionProximity" type="java.lang.String" value="Bus"/>
            <configProperties xmi:id="ConfigProperty_1535542449111" name="TemporaryTopicNamePrefix" type="java.lang.String"/>
            <configProperties xmi:id="ConfigProperty_1535542449112" name="ShareDataSourceWithCMP" type="java.lang.Boolean" value="false"/>
            <configProperties xmi:id="ConfigProperty_1535542449113" name="ShareDurableSubscriptions" type="java.lang.String" value="InCluster"/>
            <configProperties xmi:id="ConfigProperty_1535542449114" name="ProducerDoesNotModifyPayloadAfterSet" type="java.lang.String" value="false"/>
            <configProperties xmi:id="ConfigProperty_1535542449115" name="ConsumerDoesNotModifyPayloadAfterGet" type="java.lang.String" value="false"/>
          </connectionDefinitions>
          <connectionDefinitions xmi:id="ConnectionDefinition_1535542449080" managedConnectionFactoryClass="com.ibm.ws.sib.api.jmsra.impl.JmsJcaManagedConnectionFactoryImpl" connectionFactoryInterface="javax.jms.ConnectionFactory" connectionFactoryImplClass="com.ibm.ws.sib.api.jms.impl.JmsConnFactoryImpl" connectionInterface="javax.jms.Connection" connectionImplClass="com.ibm.ws.sib.api.jms.impl.JmsConnectionImpl">
            <configProperties xmi:id="ConfigProperty_1535542449116" name="BusName" type="java.lang.String"/>
            <configProperties xmi:id="ConfigProperty_1535542449117" name="ClientID" type="java.lang.String"/>
            <configProperties xmi:id="ConfigProperty_1535542449118" name="UserName" type="java.lang.String"/>
            <configProperties xmi:id="ConfigProperty_1535542449119" name="Password" type="java.lang.String"/>
            <configProperties xmi:id="ConfigProperty_1535542449120" name="NonPersistentMapping" type="java.lang.String" value="ExpressNonPersistent"/>
            <configProperties xmi:id="ConfigProperty_1535542449121" name="PersistentMapping" type="java.lang.String" value="ReliablePersistent"/>
            <configProperties xmi:id="ConfigProperty_1535542449122" name="DurableSubscriptionHome" type="java.lang.String"/>
            <configProperties xmi:id="ConfigProperty_1535542449123" name="ReadAhead" type="java.lang.String" value="Default"/>
            <configProperties xmi:id="ConfigProperty_1535542449124" name="Target" type="java.lang.String"/>
            <configProperties xmi:id="ConfigProperty_1535542449125" name="TargetType" type="java.lang.String" value="BusMember"/>
            <configProperties xmi:id="ConfigProperty_1535542449126" name="TargetSignificance" type="java.lang.String" value="Preferred"/>
            <configProperties xmi:id="ConfigProperty_1535542449127" name="RemoteProtocol" type="java.lang.String"/>
            <configProperties xmi:id="ConfigProperty_1535542449128" name="TargetTransportChain" type="java.lang.String"/>
            <configProperties xmi:id="ConfigProperty_1535542449129" name="ProviderEndpoints" type="java.lang.String"/>
            <configProperties xmi:id="ConfigProperty_1535542449130" name="ConnectionProximity" type="java.lang.String" value="Bus"/>
            <configProperties xmi:id="ConfigProperty_1535542449131" name="TemporaryQueueNamePrefix" type="java.lang.String"/>
            <configProperties xmi:id="ConfigProperty_1535542449132" name="TemporaryTopicNamePrefix" type="java.lang.String"/>
            <configProperties xmi:id="ConfigProperty_1535542449133" name="ShareDataSourceWithCMP" type="java.lang.Boolean" value="false"/>
            <configProperties xmi:id="ConfigProperty_1535542449134" name="ShareDurableSubscriptions" type="java.lang.String" value="InCluster"/>
            <configProperties xmi:id="ConfigProperty_1535542449135" name="ProducerDoesNotModifyPayloadAfterSet" type="java.lang.String" value="false"/>
            <configProperties xmi:id="ConfigProperty_1535542449136" name="ConsumerDoesNotModifyPayloadAfterGet" type="java.lang.String" value="false"/>
          </connectionDefinitions>
          <authenticationMechanisms xmi:id="AuthenticationMechanism_1535542449079" authenticationMechanismType="BasicPassword" credentialInterface="javax.resource.spi.security.PasswordCredential"/>
        </outboundResourceAdapter>
        <inboundResourceAdapter xmi:id="InboundResourceAdapter_1535542449079">
          <messageAdapter xmi:id="MessageAdapter_1535542449079">
            <messageListeners xmi:id="MessageListener_1535542449079" messageListenerType="javax.jms.MessageListener">
              <activationSpec xmi:id="ActivationSpec_1535542449079" activationSpecClass="com.ibm.ws.sib.api.jmsra.impl.JmsJcaActivationSpecImpl">
                <requiredConfigProperties xmi:id="RequiredConfigPropertyType_1535542449079" name="destination"/>
                <requiredConfigProperties xmi:id="RequiredConfigPropertyType_1535542449080" name="destinationType"/>
                <requiredConfigProperties xmi:id="RequiredConfigPropertyType_1535542449081" name="busName"/>
              </activationSpec>
            </messageListeners>
          </messageAdapter>
        </inboundResourceAdapter>
        <adminObjects xmi:id="AdminObject_1535542449079" adminObjectInterface="javax.jms.Queue" adminObjectClass="com.ibm.ws.sib.api.jms.impl.JmsQueueImpl">
          <configProperties xmi:id="ConfigProperty_1535542449137" name="QueueName" type="java.lang.String"/>
          <configProperties xmi:id="ConfigProperty_1535542449138" name="DeliveryMode" type="java.lang.String" value="Application"/>
          <configProperties xmi:id="ConfigProperty_1535542449139" name="TimeToLive" type="java.lang.Long"/>
          <configProperties xmi:id="ConfigProperty_1535542449140" name="Priority" type="java.lang.Integer"/>
          <configProperties xmi:id="ConfigProperty_1535542449141" name="ReadAhead" type="java.lang.String" value="AsConnection"/>
          <configProperties xmi:id="ConfigProperty_1535542449142" name="BusName" type="java.lang.String"/>
        </adminObjects>
        <adminObjects xmi:id="AdminObject_1535542449080" adminObjectInterface="javax.jms.Topic" adminObjectClass="com.ibm.ws.sib.api.jms.impl.JmsTopicImpl">
          <configProperties xmi:id="ConfigProperty_1535542449143" name="TopicSpace" type="java.lang.String" value="Default.Topic.Space"/>
          <configProperties xmi:id="ConfigProperty_1535542449144" name="TopicName" type="java.lang.String"/>
          <configProperties xmi:id="ConfigProperty_1535542449145" name="DeliveryMode" type="java.lang.String" value="Application"/>
          <configProperties xmi:id="ConfigProperty_1535542449146" name="TimeToLive" type="java.lang.Long"/>
          <configProperties xmi:id="ConfigProperty_1535542449147" name="Priority" type="java.lang.Integer"/>
          <configProperties xmi:id="ConfigProperty_1535542449148" name="ReadAhead" type="java.lang.String" value="AsConnection"/>
          <configProperties xmi:id="ConfigProperty_1535542449149" name="BusName" type="java.lang.String"/>
        </adminObjects>
      </resourceAdapter>
    </deploymentDescriptor>
    <connectionDefTemplateProps xmi:id="ConnectionDefTemplateProps_1535542449080" ConnectionDefinition="ConnectionDefinition_1535542449078">
      <resourceProperties xmi:id="J2EEResourceProperty_1535542449080" name="BusName" type="java.lang.String" required="false"/>
      <resourceProperties xmi:id="J2EEResourceProperty_1535542449081" name="ClientID" type="java.lang.String" required="false"/>
      <resourceProperties xmi:id="J2EEResourceProperty_1535542449082" name="ConnectionProximity" type="java.lang.String" value="Bus" required="false"/>
      <resourceProperties xmi:id="J2EEResourceProperty_1535542449083" name="durableSubscriptionHome" type="java.lang.String" required="false"/>
      <resourceProperties xmi:id="J2EEResourceProperty_1535542449084" name="NonPersistentMapping" type="java.lang.String" value="ExpressNonPersistent" required="false"/>
      <resourceProperties xmi:id="J2EEResourceProperty_1535542449085" name="Password" type="java.lang.String" required="false"/>
      <resourceProperties xmi:id="J2EEResourceProperty_1535542449086" name="PersistentMapping" type="java.lang.String" value="ReliablePersistent" required="false"/>
      <resourceProperties xmi:id="J2EEResourceProperty_1535542449087" name="ProviderEndpoints" type="java.lang.String" required="false"/>
      <resourceProperties xmi:id="J2EEResourceProperty_1535542449088" name="ReadAhead" type="java.lang.String" value="Default" required="false"/>
      <resourceProperties xmi:id="J2EEResourceProperty_1535542449089" name="RemoteProtocol" type="java.lang.String" required="false"/>
      <resourceProperties xmi:id="J2EEResourceProperty_1535542449090" name="TargetTransportChain" type="java.lang.String" required="false"/>
      <resourceProperties xmi:id="J2EEResourceProperty_1535542449091" name="ShareDataSourceWithCMP" type="java.lang.Boolean" value="false" required="false"/>
      <resourceProperties xmi:id="J2EEResourceProperty_1535542449092" name="shareDurableSubscriptions" type="java.lang.String" value="AsCluster" required="false"/>
      <resourceProperties xmi:id="J2EEResourceProperty_1535542449093" name="Target" type="java.lang.String" required="false"/>
      <resourceProperties xmi:id="J2EEResourceProperty_1535542449094" name="TargetSignificance" type="java.lang.String" value="Preferred" required="false"/>
      <resourceProperties xmi:id="J2EEResourceProperty_1535542449095" name="TargetType" type="java.lang.String" value="BusMember" required="false"/>
      <resourceProperties xmi:id="J2EEResourceProperty_1535542449096" name="TemporaryQueueNamePrefix" type="java.lang.String" required="false"/>
      <resourceProperties xmi:id="J2EEResourceProperty_1535542449097" name="temporaryTopicNamePrefix" type="java.lang.String" required="false"/>
      <resourceProperties xmi:id="J2EEResourceProperty_1535542449098" name="UserName" type="java.lang.String" required="false"/>
      <resourceProperties xmi:id="J2EEResourceProperty_1535542449099" name="ProducerDoesNotModifyPayloadAfterSet" type="java.lang.String" required="false"/>
      <resourceProperties xmi:id="J2EEResourceProperty_1535542449100" name="ConsumerDoesNotModifyPayloadAfterGet" type="java.lang.String" required="false"/>
    </connectionDefTemplateProps>
    <connectionDefTemplateProps xmi:id="ConnectionDefTemplateProps_1535542449081" ConnectionDefinition="ConnectionDefinition_1535542449079">
      <resourceProperties xmi:id="J2EEResourceProperty_1535542449101" name="BusName" type="java.lang.String" required="false"/>
      <resourceProperties xmi:id="J2EEResourceProperty_1535542449102" name="ClientID" type="java.lang.String" required="false"/>
      <resourceProperties xmi:id="J2EEResourceProperty_1535542449103" name="ConnectionProximity" type="java.lang.String" value="Bus" required="false"/>
      <resourceProperties xmi:id="J2EEResourceProperty_1535542449104" name="DurableSubscriptionHome" type="java.lang.String" required="false"/>
      <resourceProperties xmi:id="J2EEResourceProperty_1535542449105" name="NonPersistentMapping" type="java.lang.String" value="ExpressNonPersistent" required="false"/>
      <resourceProperties xmi:id="J2EEResourceProperty_1535542449106" name="Password" type="java.lang.String" required="false"/>
      <resourceProperties xmi:id="J2EEResourceProperty_1535542449107" name="PersistentMapping" type="java.lang.String" value="ReliablePersistent" required="false"/>
      <resourceProperties xmi:id="J2EEResourceProperty_1535542449108" name="ProviderEndpoints" type="java.lang.String" required="false"/>
      <resourceProperties xmi:id="J2EEResourceProperty_1535542449109" name="ReadAhead" type="java.lang.String" value="Default" required="false"/>
      <resourceProperties xmi:id="J2EEResourceProperty_1535542449110" name="RemoteProtocol" type="java.lang.String" required="false"/>
      <resourceProperties xmi:id="J2EEResourceProperty_1535542449111" name="TargetTransportChain" type="java.lang.String" required="false"/>
      <resourceProperties xmi:id="J2EEResourceProperty_1535542449112" name="ShareDataSourceWithCMP" type="java.lang.Boolean" value="false" required="false"/>
      <resourceProperties xmi:id="J2EEResourceProperty_1535542449113" name="ShareDurableSubscriptions" type="java.lang.String" value="InCluster" required="false"/>
      <resourceProperties xmi:id="J2EEResourceProperty_1535542449114" name="Target" type="java.lang.String" required="false"/>
      <resourceProperties xmi:id="J2EEResourceProperty_1535542449115" name="TargetSignificance" type="java.lang.String" value="Preferred" required="false"/>
      <resourceProperties xmi:id="J2EEResourceProperty_1535542449116" name="TargetType" type="java.lang.String" value="BusMember" required="false"/>
      <resourceProperties xmi:id="J2EEResourceProperty_1535542449117" name="temporaryQueueNamePrefix" type="java.lang.String" required="false"/>
      <resourceProperties xmi:id="J2EEResourceProperty_1535542449118" name="TemporaryTopicNamePrefix" type="java.lang.String" required="false"/>
      <resourceProperties xmi:id="J2EEResourceProperty_1535542449119" name="UserName" type="java.lang.String" required="false"/>
      <resourceProperties xmi:id="J2EEResourceProperty_1535542449120" name="ProducerDoesNotModifyPayloadAfterSet" type="java.lang.String" required="false"/>
      <resourceProperties xmi:id="J2EEResourceProperty_1535542449121" name="ConsumerDoesNotModifyPayloadAfterGet" type="java.lang.String" required="false"/>
    </connectionDefTemplateProps>
    <connectionDefTemplateProps xmi:id="ConnectionDefTemplateProps_1535542449082" ConnectionDefinition="ConnectionDefinition_1535542449080">
      <resourceProperties xmi:id="J2EEResourceProperty_1535542449122" name="BusName" type="java.lang.String" required="false"/>
      <resourceProperties xmi:id="J2EEResourceProperty_1535542449123" name="ClientID" type="java.lang.String" required="false"/>
      <resourceProperties xmi:id="J2EEResourceProperty_1535542449124" name="ConnectionProximity" type="java.lang.String" value="Bus" required="false"/>
      <resourceProperties xmi:id="J2EEResourceProperty_1535542449125" name="DurableSubscriptionHome" type="java.lang.String" required="false"/>
      <resourceProperties xmi:id="J2EEResourceProperty_1535542449126" name="NonPersistentMapping" type="java.lang.String" value="ExpressNonPersistent" required="false"/>
      <resourceProperties xmi:id="J2EEResourceProperty_1535542449127" name="Password" type="java.lang.String" required="false"/>
      <resourceProperties xmi:id="J2EEResourceProperty_1535542449128" name="PersistentMapping" type="java.lang.String" value="ReliablePersistent" required="false"/>
      <resourceProperties xmi:id="J2EEResourceProperty_1535542449129" name="ProviderEndpoints" type="java.lang.String" required="false"/>
      <resourceProperties xmi:id="J2EEResourceProperty_1535542449130" name="ReadAhead" type="java.lang.String" value="Default" required="false"/>
      <resourceProperties xmi:id="J2EEResourceProperty_1535542449131" name="RemoteProtocol" type="java.lang.String" required="false"/>
      <resourceProperties xmi:id="J2EEResourceProperty_1535542449132" name="TargetTransportChain" type="java.lang.String" required="false"/>
      <resourceProperties xmi:id="J2EEResourceProperty_1535542449133" name="ShareDataSourceWithCMP" type="java.lang.Boolean" value="false" required="false"/>
      <resourceProperties xmi:id="J2EEResourceProperty_1535542449134" name="ShareDurableSubscriptions" type="java.lang.String" value="InCluster" required="false"/>
      <resourceProperties xmi:id="J2EEResourceProperty_1535542449135" name="Target" type="java.lang.String" required="false"/>
      <resourceProperties xmi:id="J2EEResourceProperty_1535542449136" name="TargetSignificance" type="java.lang.String" value="Preferred" required="false"/>
      <resourceProperties xmi:id="J2EEResourceProperty_1535542449137" name="TargetType" type="java.lang.String" value="BusMember" required="false"/>
      <resourceProperties xmi:id="J2EEResourceProperty_1535542449138" name="TemporaryQueueNamePrefix" type="java.lang.String" required="false"/>
      <resourceProperties xmi:id="J2EEResourceProperty_1535542449139" name="TemporaryTopicNamePrefix" type="java.lang.String" required="false"/>
      <resourceProperties xmi:id="J2EEResourceProperty_1535542449140" name="UserName" type="java.lang.String" required="false"/>
      <resourceProperties xmi:id="J2EEResourceProperty_1535542449141" name="ProducerDoesNotModifyPayloadAfterSet" type="java.lang.String" required="false"/>
      <resourceProperties xmi:id="J2EEResourceProperty_1535542449142" name="ConsumerDoesNotModifyPayloadAfterGet" type="java.lang.String" required="false"/>
    </connectionDefTemplateProps>
    <activationSpecTemplateProps xmi:id="ActivationSpecTemplateProps_1535542449081" activationSpec="ActivationSpec_1535542449079">
      <resourceProperties xmi:id="J2EEResourceProperty_1535542449143" name="acknowledgeMode" type="java.lang.String" value="Auto-acknowledge" required="false"/>
      <resourceProperties xmi:id="J2EEResourceProperty_1535542449144" name="alwaysActivateAllMDBs" type="java.lang.Boolean" value="false" required="false"/>
      <resourceProperties xmi:id="J2EEResourceProperty_1535542449145" name="AutoStopSequentialMessageFailure" type="java.lang.Integer" value="0" required="false"/>
      <resourceProperties xmi:id="J2EEResourceProperty_1535542449146" name="busName" type="java.lang.String" required="false"/>
      <resourceProperties xmi:id="J2EEResourceProperty_1535542449147" name="clientId" type="java.lang.String" required="false"/>
      <resourceProperties xmi:id="J2EEResourceProperty_1535542449148" name="destination" type="javax.jms.Destination" required="false"/>
      <resourceProperties xmi:id="J2EEResourceProperty_1535542449149" name="destinationType" type="java.lang.String" required="true"/>
      <resourceProperties xmi:id="J2EEResourceProperty_1535542449150" name="durableSubscriptionHome" type="java.lang.String" required="false"/>
      <resourceProperties xmi:id="J2EEResourceProperty_1535542449151" name="failingMessageDelay" type="java.lang.Long" value="0" required="false"/>
      <resourceProperties xmi:id="J2EEResourceProperty_1535542449152" name="maxBatchSize" type="java.lang.Integer" value="1" required="false"/>
      <resourceProperties xmi:id="J2EEResourceProperty_1535542449153" name="maxConcurrency" type="java.lang.Integer" value="10" required="false"/>
      <resourceProperties xmi:id="J2EEResourceProperty_1535542449154" name="maxSequentialMessageFailure" type="java.lang.Integer" value="-1" required="false"/>
      <resourceProperties xmi:id="J2EEResourceProperty_1535542449155" name="messageSelector" type="java.lang.String" required="false"/>
      <resourceProperties xmi:id="J2EEResourceProperty_1535542449156" name="password" type="java.lang.String" required="false"/>
      <resourceProperties xmi:id="J2EEResourceProperty_1535542449157" name="providerEndpoints" type="java.lang.String" required="false"/>
      <resourceProperties xmi:id="J2EEResourceProperty_1535542449158" name="readAhead" type="java.lang.String" value="Default" required="false"/>
      <resourceProperties xmi:id="J2EEResourceProperty_1535542449159" name="retryInterval" type="java.lang.Integer" value="30" required="false"/>
      <resourceProperties xmi:id="J2EEResourceProperty_1535542449160" name="shareDataSourceWithCMP" type="java.lang.Boolean" value="false" required="false"/>
      <resourceProperties xmi:id="J2EEResourceProperty_1535542449161" name="shareDurableSubscriptions" type="java.lang.String" value="InCluster" required="false"/>
      <resourceProperties xmi:id="J2EEResourceProperty_1535542449162" name="subscriptionDurability" type="java.lang.String" value="NonDurable" required="false"/>
      <resourceProperties xmi:id="J2EEResourceProperty_1535542449163" name="subscriptionName" type="java.lang.String" required="false"/>
      <resourceProperties xmi:id="J2EEResourceProperty_1535542449164" name="target" type="java.lang.String" required="false"/>
      <resourceProperties xmi:id="J2EEResourceProperty_1535542449165" name="targetSignificance" type="java.lang.String" required="false"/>
      <resourceProperties xmi:id="J2EEResourceProperty_1535542449166" name="targetTransportChain" type="java.lang.String" required="false"/>
      <resourceProperties xmi:id="J2EEResourceProperty_1535542449167" name="targetType" type="java.lang.String" required="false"/>
      <resourceProperties xmi:id="J2EEResourceProperty_1535542449168" name="userName" type="java.lang.String" required="false"/>
      <resourceProperties xmi:id="J2EEResourceProperty_1535542449169" name="ConsumerDoesNotModifyPayloadAfterGet" type="java.lang.String" required="false"/>
      <resourceProperties xmi:id="J2EEResourceProperty_1535542449170" name="ForwarderDoesNotModifyPayloadAfterSet" type="java.lang.String" required="false"/>
      <resourceProperties xmi:id="J2EEResourceProperty_1535542449171" name="useServerSubject" type="java.lang.Boolean" required="false"/>
      <complexPropertySet xmi:id="J2EEResourcePropertySet_1535542449082">
        <resourceProperties xmi:id="J2EEResourceProperty_1535542449172" name="destination" type="javax.jms.Destination" required="false"/>
      </complexPropertySet>
    </activationSpecTemplateProps>
    <adminObjectTemplateProps xmi:id="AdminObjectTemplateProps_1535542449082" adminObject="AdminObject_1535542449079">
      <properties xmi:id="J2EEResourceProperty_1535542449173" name="BusName" type="java.lang.String" required="false"/>
      <properties xmi:id="J2EEResourceProperty_1535542449174" name="DeliveryMode" type="java.lang.String" value="Application" required="false"/>
      <properties xmi:id="J2EEResourceProperty_1535542449175" name="forwardRoutingPath" type="[Ljava.lang.String;" required="false"/>
      <properties xmi:id="J2EEResourceProperty_1535542449176" name="Priority" type="java.lang.Integer" required="false"/>
      <properties xmi:id="J2EEResourceProperty_1535542449177" name="QueueName" type="java.lang.String" required="false"/>
      <properties xmi:id="J2EEResourceProperty_1535542449178" name="ReadAhead" type="java.lang.String" value="AsConnection" required="false"/>
      <properties xmi:id="J2EEResourceProperty_1535542449179" name="reverseRoutingPath" type="[Ljava.lang.String;" required="false"/>
      <properties xmi:id="J2EEResourceProperty_1535542449180" name="TimeToLive" type="java.lang.Long" required="false"/>
    </adminObjectTemplateProps>
    <adminObjectTemplateProps xmi:id="AdminObjectTemplateProps_1535542449083" adminObject="AdminObject_1535542449080">
      <properties xmi:id="J2EEResourceProperty_1535542449181" name="BusName" type="java.lang.String" required="false"/>
      <properties xmi:id="J2EEResourceProperty_1535542449182" name="DeliveryMode" type="java.lang.String" value="Application" required="false"/>
      <properties xmi:id="J2EEResourceProperty_1535542449183" name="forwardRoutingPath" type="[Ljava.lang.String;" required="false"/>
      <properties xmi:id="J2EEResourceProperty_1535542449184" name="Priority" type="java.lang.Integer" required="false"/>
      <properties xmi:id="J2EEResourceProperty_1535542449185" name="ReadAhead" type="java.lang.String" value="AsConnection" required="false"/>
      <properties xmi:id="J2EEResourceProperty_1535542449186" name="reverseRoutingPath" type="[Ljava.lang.String;" required="false"/>
      <properties xmi:id="J2EEResourceProperty_1535542449187" name="TimeToLive" type="java.lang.Long" required="false"/>
      <properties xmi:id="J2EEResourceProperty_1535542449188" name="TopicName" type="java.lang.String" required="false"/>
      <properties xmi:id="J2EEResourceProperty_1535542449189" name="TopicSpace" type="java.lang.String" value="Default.Topic.Space" required="false"/>
    </adminObjectTemplateProps>
  </resources.j2c:J2CResourceAdapter>
  <resources.j2c:J2CResourceAdapter xmi:id="J2CResourceAdapter_1535542449179" name="WebSphere MQ Resource Adapter" description="WAS Built In WebSphere MQ Resource Adapter" isolatedClassLoader="false" archivePath="${WAS_INSTALL_ROOT}/installedConnectors/wmq.jmsra.rar" threadPoolAlias="WMQJCAResourceAdapter" singleton="false" hACapability="RA_NO_HA" isEnableHASupport="false">
    <classpath>${WAS_INSTALL_ROOT}/installedConnectors/wmq.jmsra.rar</classpath>
    <propertySet xmi:id="J2EEResourcePropertySet_1535542449181">
      <resourceProperties xmi:id="J2EEResourceProperty_1535542449190" name="connectionConcurrency" type="int" value="5" description="connectionConcurrency" required="false"/>
      <resourceProperties xmi:id="J2EEResourceProperty_1535542449191" name="maxConnections" type="int" value="10" description="maxConnections" required="false"/>
      <resourceProperties xmi:id="J2EEResourceProperty_1535542449192" name="logWriterEnabled" type="boolean" value="true" description="logWriterEnabled" required="false"/>
      <resourceProperties xmi:id="J2EEResourceProperty_1535542449193" name="reconnectionRetryCount" type="int" value="5" description="reconnectionRetryCount" required="false"/>
      <resourceProperties xmi:id="J2EEResourceProperty_1535542449194" name="reconnectionRetryInterval" type="int" value="300000" description="reconnectionRetryInterval" required="false"/>
      <resourceProperties xmi:id="J2EEResourceProperty_1535542449195" name="traceEnabled" type="boolean" value="false" description="traceEnabled" required="false"/>
      <resourceProperties xmi:id="J2EEResourceProperty_1535542449196" name="traceLevel" type="int" value="3" description="traceLevel" required="false"/>
    </propertySet>
    <deploymentDescriptor xmi:id="Connector_1535542449181" displayName="WebSphere MQ Resource Adapter" vendorName="International Business Machines Corporation (&quot;IBM&quot;)." specVersion="1.5" eisType="Java Message Service" version="7.0.1.9-k701-109-120705">
      <displayNames xmi:id="DisplayName_1535542449181" value="WebSphere MQ Resource Adapter"/>
      <license xmi:id="License_1535542449181" required="true">
        <descriptions xmi:id="Description_1535542449181" value="&#xA;&#x9;&#x9;&#x9;This software is licenced under the IBM International&#xA;&#x9;&#x9;&#x9;Program License Agreement (&quot;IPLA&quot;). For licence information,&#xA;&#x9;&#x9;&#x9;see the WebSphere MQ Licence Information (&quot;LI&quot;) available at&#xA;&#x9;&#x9;&#x9;http://www.ibm.com/software/sla/. The LI may also be found&#xA;&#x9;&#x9;&#x9;in a file in the WebSphere MQ installation directory.&#xA;&#x9;&#x9;"/>
      </license>
      <resourceAdapter xmi:id="ResourceAdapter_1535542449181" transactionSupport="XATransaction" reauthenticationSupport="false" resourceAdapterClass="com.ibm.mq.connector.ResourceAdapterImpl">
        <securityPermissions xmi:id="SecurityPermission_1535542449181" description="Security Permissions for the JMS client" specification="&#xA;&#x9;&#x9;&#x9;&#x9;grant { &#xA;&#x9;&#x9;&#x9;&#x9;&#x9;permission java.security.AllPermission; &#xA;&#x9;&#x9;&#x9;&#x9;};&#xA;&#x9;&#x9;&#x9;"/>
        <configProperties xmi:id="ConfigProperty_1535542449181" description="connectionConcurrency" name="connectionConcurrency" type="java.lang.String"/>
        <configProperties xmi:id="ConfigProperty_1535542449182" description="maxConnections" name="maxConnections" type="java.lang.String"/>
        <configProperties xmi:id="ConfigProperty_1535542449183" description="logWriterEnabled" name="logWriterEnabled" type="java.lang.String"/>
        <configProperties xmi:id="ConfigProperty_1535542449184" description="reconnectionRetryCount" name="reconnectionRetryCount" type="java.lang.String"/>
        <configProperties xmi:id="ConfigProperty_1535542449185" description="reconnectionRetryInterval" name="reconnectionRetryInterval" type="java.lang.String"/>
        <configProperties xmi:id="ConfigProperty_1535542449186" description="traceEnabled" name="traceEnabled" type="java.lang.String"/>
        <configProperties xmi:id="ConfigProperty_1535542449187" description="traceLevel" name="traceLevel" type="java.lang.String"/>
        <inboundResourceAdapter xmi:id="InboundResourceAdapter_1535542449181">
          <messageAdapter xmi:id="MessageAdapter_1535542449181">
            <messageListeners xmi:id="MessageListener_1535542449181" messageListenerType="javax.jms.MessageListener">
              <activationSpec xmi:id="ActivationSpec_1535542449181" activationSpecClass="com.ibm.mq.connector.inbound.ActivationSpecImpl">
                <requiredConfigProperties xmi:id="RequiredConfigPropertyType_1535542449181" name="destination"/>
                <requiredConfigProperties xmi:id="RequiredConfigPropertyType_1535542449182" name="destinationType"/>
              </activationSpec>
            </messageListeners>
          </messageAdapter>
        </inboundResourceAdapter>
      </resourceAdapter>
    </deploymentDescriptor>
    <activationSpecTemplateProps xmi:id="ActivationSpecTemplateProps_1535542449181" activationSpec="ActivationSpec_1535542449181">
      <resourceProperties xmi:id="J2EEResourceProperty_1535542449197" name="CCSID" type="int" value="819" description="CCSID" required="false"/>
      <resourceProperties xmi:id="J2EEResourceProperty_1535542449198" name="acknowledgeMode" type="int" value="1" description="acknowledgeMode" required="false"/>
      <resourceProperties xmi:id="J2EEResourceProperty_1535542449199" name="arbitraryProperties" type="java.lang.String" description="arbitraryProperties" required="false"/>
      <resourceProperties xmi:id="J2EEResourceProperty_1535542449200" name="brokerCCDurSubQueue" type="java.lang.String" value="SYSTEM.JMS.D.CC.SUBSCRIBER.QUEUE" description="brokerCCDurSubQueue" required="false"/>
      <resourceProperties xmi:id="J2EEResourceProperty_1535542449201" name="brokerCCSubQueue" type="java.lang.String" value="SYSTEM.JMS.ND.CC.SUBSCRIBER.QUEUE" description="brokerCCSubQueue" required="false"/>
      <resourceProperties xmi:id="J2EEResourceProperty_1535542449202" name="brokerControlQueue" type="java.lang.String" value="SYSTEM.BROKER.CONTROL.QUEUE" description="brokerControlQueue" required="false"/>
      <resourceProperties xmi:id="J2EEResourceProperty_1535542449203" name="brokerPubQueue" type="java.lang.String" value="SYSTEM.BROKER.DEFAULT.STREAM" description="brokerPubQueue" required="false"/>
      <resourceProperties xmi:id="J2EEResourceProperty_1535542449204" name="brokerQueueManager" type="java.lang.String" description="brokerQueueManager" required="false"/>
      <resourceProperties xmi:id="J2EEResourceProperty_1535542449205" name="brokerSubQueue" type="java.lang.String" value="SYSTEM.JMS.ND.SUBSCRIBER.QUEUE" description="brokerSubQueue" required="false"/>
      <resourceProperties xmi:id="J2EEResourceProperty_1535542449206" name="brokerVersion" type="java.lang.String" value="1" description="brokerVersion" required="false"/>
      <resourceProperties xmi:id="J2EEResourceProperty_1535542449207" name="ccdtURL" type="java.lang.String" description="ccdtURL" required="false"/>
      <resourceProperties xmi:id="J2EEResourceProperty_1535542449208" name="channel" type="java.lang.String" value="SYSTEM.DEF.SVRCONN" description="channel" required="false"/>
      <resourceProperties xmi:id="J2EEResourceProperty_1535542449209" name="cleanupInterval" type="long" value="3600000" description="cleanupInterval" required="false"/>
      <resourceProperties xmi:id="J2EEResourceProperty_1535542449210" name="cleanupLevel" type="java.lang.String" value="SAFE" description="cleanupLevel" required="false"/>
      <resourceProperties xmi:id="J2EEResourceProperty_1535542449211" name="clientID" type="java.lang.String" description="clientID" required="false"/>
      <resourceProperties xmi:id="J2EEResourceProperty_1535542449212" name="clientId" type="java.lang.String" description="clientId" required="false"/>
      <resourceProperties xmi:id="J2EEResourceProperty_1535542449213" name="cloneSupport" type="java.lang.String" value="DISABLED" description="cloneSupport" required="false"/>
      <resourceProperties xmi:id="J2EEResourceProperty_1535542449214" name="connectionNameList" type="java.lang.String" value="localhost(1414)" description="connectionNameList" required="false"/>
      <resourceProperties xmi:id="J2EEResourceProperty_1535542449215" name="destination" type="java.lang.String" value="SYSTEM.DEFAULT.LOCAL.QUEUE" description="destination" required="true"/>
      <resourceProperties xmi:id="J2EEResourceProperty_1535542449216" name="destinationType" type="java.lang.String" value="javax.jms.Queue" description="destinationType" required="true"/>
      <resourceProperties xmi:id="J2EEResourceProperty_1535542449217" name="failIfQuiesce" type="boolean" value="true" description="failIfQuiesce" required="false"/>
      <resourceProperties xmi:id="J2EEResourceProperty_1535542449218" name="headerCompression" type="java.lang.String" value="NONE" description="headerCompression" required="false"/>
      <resourceProperties xmi:id="J2EEResourceProperty_1535542449219" name="hostName" type="java.lang.String" value="localhost" description="hostName" required="false"/>
      <resourceProperties xmi:id="J2EEResourceProperty_1535542449220" name="localAddress" type="java.lang.String" description="localAddress" required="false"/>
      <resourceProperties xmi:id="J2EEResourceProperty_1535542449221" name="maxMessages" type="int" value="1" description="maxMessages" required="false"/>
      <resourceProperties xmi:id="J2EEResourceProperty_1535542449222" name="maxPoolDepth" type="int" value="10" description="maxPoolDepth" required="false"/>
      <resourceProperties xmi:id="J2EEResourceProperty_1535542449223" name="messageBatchSize" type="int" value="10" description="messageBatchSize" required="false"/>
      <resourceProperties xmi:id="J2EEResourceProperty_1535542449224" name="messageCompression" type="java.lang.String" value="NONE" description="messageCompression" required="false"/>
      <resourceProperties xmi:id="J2EEResourceProperty_1535542449225" name="messageRetention" type="java.lang.String" value="YES" description="messageRetention" required="false"/>
      <resourceProperties xmi:id="J2EEResourceProperty_1535542449226" name="messageSelection" type="java.lang.String" value="CLIENT" description="messageSelection" required="false"/>
      <resourceProperties xmi:id="J2EEResourceProperty_1535542449227" name="messageSelector" type="java.lang.String" description="messageSelector" required="false"/>
      <resourceProperties xmi:id="J2EEResourceProperty_1535542449228" name="password" type="java.lang.String" description="password" required="false"/>
      <resourceProperties xmi:id="J2EEResourceProperty_1535542449229" name="pollingInterval" type="int" value="5000" description="pollingInterval" required="false"/>
      <resourceProperties xmi:id="J2EEResourceProperty_1535542449230" name="poolTimeout" type="int" value="300000" description="poolTimeout" required="false"/>
      <resourceProperties xmi:id="J2EEResourceProperty_1535542449231" name="port" type="int" value="1414" description="port" required="false"/>
      <resourceProperties xmi:id="J2EEResourceProperty_1535542449232" name="providerVersion" type="java.lang.String" value="UNSPECIFIED" description="providerVersion" required="false"/>
      <resourceProperties xmi:id="J2EEResourceProperty_1535542449233" name="queueManager" type="java.lang.String" description="queueManager" required="false"/>
      <resourceProperties xmi:id="J2EEResourceProperty_1535542449234" name="readAheadAllowed" type="java.lang.String" value="DESTINATION" description="readAheadAllowed" required="false"/>
      <resourceProperties xmi:id="J2EEResourceProperty_1535542449235" name="readAheadClosePolicy" type="java.lang.String" value="ALL" description="readAheadClosePolicy" required="false"/>
      <resourceProperties xmi:id="J2EEResourceProperty_1535542449236" name="receiveCCSID" type="int" value="1208" description="receiveCCSID" required="false"/>
      <resourceProperties xmi:id="J2EEResourceProperty_1535542449237" name="receiveConversion" type="java.lang.String" value="CLIENT_MSG" description="receiveConversion" required="false"/>
      <resourceProperties xmi:id="J2EEResourceProperty_1535542449238" name="receiveExit" type="java.lang.String" description="receiveExit" required="false"/>
      <resourceProperties xmi:id="J2EEResourceProperty_1535542449239" name="receiveExitInit" type="java.lang.String" description="receiveExitInit" required="false"/>
      <resourceProperties xmi:id="J2EEResourceProperty_1535542449240" name="rescanInterval" type="int" value="5000" description="rescanInterval" required="false"/>
      <resourceProperties xmi:id="J2EEResourceProperty_1535542449241" name="securityExit" type="java.lang.String" description="securityExit" required="false"/>
      <resourceProperties xmi:id="J2EEResourceProperty_1535542449242" name="securityExitInit" type="java.lang.String" description="securityExitInit" required="false"/>
      <resourceProperties xmi:id="J2EEResourceProperty_1535542449243" name="sendExit" type="java.lang.String" description="sendExit" required="false"/>
      <resourceProperties xmi:id="J2EEResourceProperty_1535542449244" name="sendExitInit" type="java.lang.String" description="sendExitInit" required="false"/>
      <resourceProperties xmi:id="J2EEResourceProperty_1535542449245" name="shareConvAllowed" type="java.lang.String" value="YES" description="shareConvAllowed" required="false"/>
      <resourceProperties xmi:id="J2EEResourceProperty_1535542449246" name="sparseSubscriptions" type="java.lang.String" value="FALSE" description="sparseSubscriptions" required="false"/>
      <resourceProperties xmi:id="J2EEResourceProperty_1535542449247" name="sslCertStores" type="java.lang.String" description="sslCertStores" required="false"/>
      <resourceProperties xmi:id="J2EEResourceProperty_1535542449248" name="sslCipherSuite" type="java.lang.String" description="sslCipherSuite" required="false"/>
      <resourceProperties xmi:id="J2EEResourceProperty_1535542449249" name="sslFipsRequired" type="boolean" value="false" description="sslFipsRequired" required="false"/>
      <resourceProperties xmi:id="J2EEResourceProperty_1535542449250" name="sslPeerName" type="java.lang.String" description="sslPeerName" required="false"/>
      <resourceProperties xmi:id="J2EEResourceProperty_1535542449251" name="sslResetCount" type="int" value="0" description="sslResetCount" required="false"/>
      <resourceProperties xmi:id="J2EEResourceProperty_1535542449252" name="sslSocketFactory" type="java.lang.String" description="sslSocketFactory" required="false"/>
      <resourceProperties xmi:id="J2EEResourceProperty_1535542449253" name="startTimeout" type="int" value="10000" description="startTimeout" required="false"/>
      <resourceProperties xmi:id="J2EEResourceProperty_1535542449254" name="statusRefreshInterval" type="int" value="60000" description="statusRefreshInterval" required="false"/>
      <resourceProperties xmi:id="J2EEResourceProperty_1535542449255" name="subscriptionDurability" type="java.lang.String" value="NonDurable" description="subscriptionDurability" required="false"/>
      <resourceProperties xmi:id="J2EEResourceProperty_1535542449256" name="subscriptionName" type="java.lang.String" description="subscriptionName" required="false"/>
      <resourceProperties xmi:id="J2EEResourceProperty_1535542449257" name="subscriptionStore" type="java.lang.String" value="MIGRATE" description="subscriptionStore" required="false"/>
      <resourceProperties xmi:id="J2EEResourceProperty_1535542449258" name="transportType" type="java.lang.String" value="CLIENT" description="transportType" required="false"/>
      <resourceProperties xmi:id="J2EEResourceProperty_1535542449259" name="useJNDI" type="boolean" value="false" description="useJNDI" required="false"/>
      <resourceProperties xmi:id="J2EEResourceProperty_1535542449260" name="username" type="java.lang.String" description="username" required="false"/>
      <resourceProperties xmi:id="J2EEResourceProperty_1535542449261" name="wildcardFormat" type="java.lang.String" value="TOPIC" description="wildcardFormat" required="false"/>
    </activationSpecTemplateProps>
  </resources.j2c:J2CResourceAdapter>
</xmi:XMI>
