<?xml version="1.0" encoding="UTF-8"?>
<serverindex:ServerIndex xmi:version="2.0" xmlns:xmi="http://www.omg.org/XMI" xmlns:serverindex="http://www.ibm.com/websphere/appserver/schemas/5.0/serverindex.xmi" xmi:id="ServerIndex_1" hostName="websphere90nd" endPointRefs="NamedEndPoint_1534523364200 NamedEndPoint_1534523364201 NamedEndPoint_1534523364202 NamedEndPoint_1534523364203 NamedEndPoint_1534523364204 NamedEndPoint_1534523364205 NamedEndPoint_1534523364206">
  <serverEntries xmi:id="ServerEntry_1183122129640" serverName="server1" serverType="APPLICATION_SERVER">
    <deployedApplications>ibmasyncrsp.ear/deployments/ibmasyncrsp</deployedApplications>
    <specialEndpoints xmi:id="NamedEndPoint_1183122129640" endPointName="BOOTSTRAP_ADDRESS">
      <endPoint xmi:id="EndPoint_1183122129640" host="websphere90nd" port="9811"/>
    </specialEndpoints>
    <specialEndpoints xmi:id="NamedEndPoint_1183122129641" endPointName="SOAP_CONNECTOR_ADDRESS">
      <endPoint xmi:id="EndPoint_1183122129641" host="websphere90nd" port="8881"/>
    </specialEndpoints>
    <specialEndpoints xmi:id="NamedEndPoint_1183122129642" endPointName="ORB_LISTENER_ADDRESS">
      <endPoint xmi:id="EndPoint_1183122129642" host="websphere90nd" port="9102"/>
    </specialEndpoints>
    <specialEndpoints xmi:id="NamedEndPoint_1183122129643" endPointName="SAS_SSL_SERVERAUTH_LISTENER_ADDRESS">
      <endPoint xmi:id="EndPoint_1183122129643" host="websphere90nd" port="9409"/>
    </specialEndpoints>
    <specialEndpoints xmi:id="NamedEndPoint_1183122129644" endPointName="CSIV2_SSL_SERVERAUTH_LISTENER_ADDRESS">
      <endPoint xmi:id="EndPoint_1183122129644" host="websphere90nd" port="9408"/>
    </specialEndpoints>
    <specialEndpoints xmi:id="NamedEndPoint_1183122129645" endPointName="CSIV2_SSL_MUTUALAUTH_LISTENER_ADDRESS">
      <endPoint xmi:id="EndPoint_1183122129645" host="websphere90nd" port="9407"/>
    </specialEndpoints>
    <specialEndpoints xmi:id="NamedEndPoint_1183122129646" endPointName="WC_adminhost">
      <endPoint xmi:id="EndPoint_1183122129646" host="*" port="9062"/>
    </specialEndpoints>
    <specialEndpoints xmi:id="NamedEndPoint_1183122129647" endPointName="WC_defaulthost">
      <endPoint xmi:id="EndPoint_1183122129647" host="*" port="9081"/>
    </specialEndpoints>
    <specialEndpoints xmi:id="NamedEndPoint_1183122129648" endPointName="DCS_UNICAST_ADDRESS">
      <endPoint xmi:id="EndPoint_1183122129648" host="*" port="9354"/>
    </specialEndpoints>
    <specialEndpoints xmi:id="NamedEndPoint_1183122129649" endPointName="WC_adminhost_secure">
      <endPoint xmi:id="EndPoint_1183122129649" host="*" port="9045"/>
    </specialEndpoints>
    <specialEndpoints xmi:id="NamedEndPoint_1183122129650" endPointName="WC_defaulthost_secure">
      <endPoint xmi:id="EndPoint_1183122129650" host="*" port="9444"/>
    </specialEndpoints>
    <specialEndpoints xmi:id="NamedEndPoint_1183122129651" endPointName="SIP_DEFAULTHOST">
      <endPoint xmi:id="EndPoint_1183122129651" host="*" port="5063"/>
    </specialEndpoints>
    <specialEndpoints xmi:id="NamedEndPoint_1183122129652" endPointName="SIP_DEFAULTHOST_SECURE">
      <endPoint xmi:id="EndPoint_1183122129652" host="*" port="5062"/>
    </specialEndpoints>
    <specialEndpoints xmi:id="NamedEndPoint_1183122129653" endPointName="SIB_ENDPOINT_ADDRESS">
      <endPoint xmi:id="EndPoint_1534523282045" host="*" port="7278"/>
    </specialEndpoints>
    <specialEndpoints xmi:id="NamedEndPoint_1183122129654" endPointName="SIB_ENDPOINT_SECURE_ADDRESS">
      <endPoint xmi:id="EndPoint_1534523282046" host="*" port="7287"/>
    </specialEndpoints>
    <specialEndpoints xmi:id="NamedEndPoint_1183122129655" endPointName="SIB_MQ_ENDPOINT_ADDRESS">
      <endPoint xmi:id="EndPoint_1534523282048" host="*" port="5559"/>
    </specialEndpoints>
    <specialEndpoints xmi:id="NamedEndPoint_1183122129656" endPointName="SIB_MQ_ENDPOINT_SECURE_ADDRESS">
      <endPoint xmi:id="EndPoint_1534523282051" host="*" port="5579"/>
    </specialEndpoints>
    <specialEndpoints xmi:id="NamedEndPoint_1183122129657" endPointName="IPC_CONNECTOR_ADDRESS">
      <endPoint xmi:id="EndPoint_1183122129657" host="${LOCALHOST_NAME}" port="9634"/>
    </specialEndpoints>
    <specialEndpoints xmi:id="NamedEndPoint_1183122129658" endPointName="OVERLAY_UDP_LISTENER_ADDRESS">
      <endPoint xmi:id="EndPoint_1183122129658" host="*" port="11007"/>
    </specialEndpoints>
    <specialEndpoints xmi:id="NamedEndPoint_1183122129659" endPointName="OVERLAY_TCP_LISTENER_ADDRESS">
      <endPoint xmi:id="EndPoint_1183122129659" host="*" port="11008"/>
    </specialEndpoints>
  </serverEntries>
  <serverEntries xmi:id="ServerEntry_1534523364201" serverDisplayName="nodeagent" serverName="nodeagent" serverType="NODE_AGENT">
    <specialEndpoints xmi:id="NamedEndPoint_1534523364207" endPointName="BOOTSTRAP_ADDRESS">
      <endPoint xmi:id="EndPoint_1534523364201" host="websphere90nd" port="16000"/>
    </specialEndpoints>
    <specialEndpoints xmi:id="NamedEndPoint_1534523364200" endPointName="CSIV2_SSL_MUTUALAUTH_LISTENER_ADDRESS">
      <endPoint xmi:id="EndPoint_1534523364202" host="websphere90nd" port="16001"/>
    </specialEndpoints>
    <specialEndpoints xmi:id="NamedEndPoint_1534523364201" endPointName="CSIV2_SSL_SERVERAUTH_LISTENER_ADDRESS">
      <endPoint xmi:id="EndPoint_1534523364203" host="websphere90nd" port="16002"/>
    </specialEndpoints>
    <specialEndpoints xmi:id="NamedEndPoint_1534523364208" endPointName="DCS_UNICAST_ADDRESS">
      <endPoint xmi:id="EndPoint_1534523364204" host="*" port="16003"/>
    </specialEndpoints>
    <specialEndpoints xmi:id="NamedEndPoint_1534523364202" endPointName="NODE_DISCOVERY_ADDRESS">
      <endPoint xmi:id="EndPoint_1534523364205" host="websphere90nd" port="16004"/>
    </specialEndpoints>
    <specialEndpoints xmi:id="NamedEndPoint_1534523364203" endPointName="NODE_IPV6_MULTICAST_DISCOVERY_ADDRESS">
      <endPoint xmi:id="EndPoint_1534523364206" host="ff01::1" port="16005"/>
    </specialEndpoints>
    <specialEndpoints xmi:id="NamedEndPoint_1534523364204" endPointName="NODE_MULTICAST_DISCOVERY_ADDRESS">
      <endPoint xmi:id="EndPoint_1534523364207" host="232.133.104.73" port="16006"/>
    </specialEndpoints>
    <specialEndpoints xmi:id="NamedEndPoint_1534523364205" endPointName="ORB_LISTENER_ADDRESS">
      <endPoint xmi:id="EndPoint_1534523364208" host="websphere90nd" port="16007"/>
    </specialEndpoints>
    <specialEndpoints xmi:id="NamedEndPoint_1534523364206" endPointName="SAS_SSL_SERVERAUTH_LISTENER_ADDRESS">
      <endPoint xmi:id="EndPoint_1534523364209" host="websphere90nd" port="16008"/>
    </specialEndpoints>
    <specialEndpoints xmi:id="NamedEndPoint_1534523364209" endPointName="SOAP_CONNECTOR_ADDRESS">
      <endPoint xmi:id="EndPoint_1534523364210" host="websphere90nd" port="16009"/>
    </specialEndpoints>
    <specialEndpoints xmi:id="NamedEndPoint_1534523364210" endPointName="IPC_CONNECTOR_ADDRESS">
      <endPoint xmi:id="EndPoint_1534523364211" host="localhost" port="16010"/>
    </specialEndpoints>
    <specialEndpoints xmi:id="NamedEndPoint_1534523364211" endPointName="XDAGENT_PORT">
      <endPoint xmi:id="EndPoint_1534523364212" host="websphere90nd" port="16011"/>
    </specialEndpoints>
    <specialEndpoints xmi:id="NamedEndPoint_1534523364212" endPointName="OVERLAY_TCP_LISTENER_ADDRESS">
      <endPoint xmi:id="EndPoint_1534523364213" host="websphere90nd" port="16012"/>
    </specialEndpoints>
    <specialEndpoints xmi:id="NamedEndPoint_1534523364213" endPointName="OVERLAY_UDP_LISTENER_ADDRESS">
      <endPoint xmi:id="EndPoint_1534523364214" host="websphere90nd" port="16013"/>
    </specialEndpoints>
  </serverEntries>
  <serverEntries xmi:id="ServerEntry_1534523498752" serverName="server3" serverType="APPLICATION_SERVER">
    <deployedApplications>ibmasyncrsp.ear/deployments/ibmasyncrsp</deployedApplications>
    <specialEndpoints xmi:id="NamedEndPoint_1534523498752" endPointName="BOOTSTRAP_ADDRESS">
      <endPoint xmi:id="EndPoint_1534523498752" host="websphere90nd" port="9813"/>
    </specialEndpoints>
    <specialEndpoints xmi:id="NamedEndPoint_1534523498753" endPointName="SOAP_CONNECTOR_ADDRESS">
      <endPoint xmi:id="EndPoint_1534523498753" host="websphere90nd" port="8883"/>
    </specialEndpoints>
    <specialEndpoints xmi:id="NamedEndPoint_1534523498754" endPointName="ORB_LISTENER_ADDRESS">
      <endPoint xmi:id="EndPoint_1534523498754" host="websphere90nd" port="9104"/>
    </specialEndpoints>
    <specialEndpoints xmi:id="NamedEndPoint_1534523498755" endPointName="SAS_SSL_SERVERAUTH_LISTENER_ADDRESS">
      <endPoint xmi:id="EndPoint_1534523498755" host="websphere90nd" port="9413"/>
    </specialEndpoints>
    <specialEndpoints xmi:id="NamedEndPoint_1534523498756" endPointName="CSIV2_SSL_SERVERAUTH_LISTENER_ADDRESS">
      <endPoint xmi:id="EndPoint_1534523498756" host="websphere90nd" port="9414"/>
    </specialEndpoints>
    <specialEndpoints xmi:id="NamedEndPoint_1534523498757" endPointName="CSIV2_SSL_MUTUALAUTH_LISTENER_ADDRESS">
      <endPoint xmi:id="EndPoint_1534523498757" host="websphere90nd" port="9415"/>
    </specialEndpoints>
    <specialEndpoints xmi:id="NamedEndPoint_1534523498758" endPointName="WC_adminhost">
      <endPoint xmi:id="EndPoint_1534523498758" host="*" port="9064"/>
    </specialEndpoints>
    <specialEndpoints xmi:id="NamedEndPoint_1534523498759" endPointName="WC_defaulthost">
      <endPoint xmi:id="EndPoint_1534523498759" host="*" port="9083"/>
    </specialEndpoints>
    <specialEndpoints xmi:id="NamedEndPoint_1534523498760" endPointName="DCS_UNICAST_ADDRESS">
      <endPoint xmi:id="EndPoint_1534523498760" host="*" port="9356"/>
    </specialEndpoints>
    <specialEndpoints xmi:id="NamedEndPoint_1534523498761" endPointName="WC_adminhost_secure">
      <endPoint xmi:id="EndPoint_1534523498761" host="*" port="9047"/>
    </specialEndpoints>
    <specialEndpoints xmi:id="NamedEndPoint_1534523498762" endPointName="WC_defaulthost_secure">
      <endPoint xmi:id="EndPoint_1534523498762" host="*" port="9446"/>
    </specialEndpoints>
    <specialEndpoints xmi:id="NamedEndPoint_1534523498763" endPointName="SIP_DEFAULTHOST">
      <endPoint xmi:id="EndPoint_1534523498763" host="*" port="5066"/>
    </specialEndpoints>
    <specialEndpoints xmi:id="NamedEndPoint_1534523498764" endPointName="SIP_DEFAULTHOST_SECURE">
      <endPoint xmi:id="EndPoint_1534523498764" host="*" port="5067"/>
    </specialEndpoints>
    <specialEndpoints xmi:id="NamedEndPoint_1534523498765" endPointName="OVERLAY_UDP_LISTENER_ADDRESS">
      <endPoint xmi:id="EndPoint_1534523498765" host="*" port="11011"/>
    </specialEndpoints>
    <specialEndpoints xmi:id="NamedEndPoint_1534523498766" endPointName="OVERLAY_TCP_LISTENER_ADDRESS">
      <endPoint xmi:id="EndPoint_1534523498766" host="*" port="11012"/>
    </specialEndpoints>
    <specialEndpoints xmi:id="NamedEndPoint_1534523498767" endPointName="IPC_CONNECTOR_ADDRESS">
      <endPoint xmi:id="EndPoint_1534523498767" host="localhost" port="9636"/>
    </specialEndpoints>
    <specialEndpoints xmi:id="NamedEndPoint_1534523498768" endPointName="SIB_ENDPOINT_ADDRESS">
      <endPoint xmi:id="EndPoint_1534523498768" host="*" port="7280"/>
    </specialEndpoints>
    <specialEndpoints xmi:id="NamedEndPoint_1534523498769" endPointName="SIB_ENDPOINT_SECURE_ADDRESS">
      <endPoint xmi:id="EndPoint_1534523498769" host="*" port="7289"/>
    </specialEndpoints>
    <specialEndpoints xmi:id="NamedEndPoint_1534523498770" endPointName="SIB_MQ_ENDPOINT_ADDRESS">
      <endPoint xmi:id="EndPoint_1534523498770" host="*" port="5561"/>
    </specialEndpoints>
    <specialEndpoints xmi:id="NamedEndPoint_1534523498771" endPointName="SIB_MQ_ENDPOINT_SECURE_ADDRESS">
      <endPoint xmi:id="EndPoint_1534523498771" host="*" port="5581"/>
    </specialEndpoints>
  </serverEntries>
</serverindex:ServerIndex>
