<?xml version="1.0" encoding="UTF-8"?>
<sdo:datagraph xmlns:xsi="http://www.w3.org/2001/XMLSchema-instance"
    xmlns:sdo="commonj.sdo" xmlns:wim="http://www.ibm.com/websphere/wim">
  <wim:Root>
    <wim:entities xsi:type="wim:PersonAccount">
      <wim:identifier externalId="a5fdeb13-4e68-4bd8-9f9b-7abc618e051e" externalName="uid=wsadmin,o=defaultWIMFileBasedRealm"
          uniqueId="a5fdeb13-4e68-4bd8-9f9b-7abc618e051e" uniqueName="uid=wsadmin,o=defaultWIMFileBasedRealm"/>
      <wim:parent>
        <wim:identifier uniqueName="o=defaultWIMFileBasedRealm"/>
      </wim:parent>
      <wim:createTimestamp>2018-08-29T09:55:24.848+00:00</wim:createTimestamp>
      <wim:password>U0hBLTE6YnplMm01aDljYWlkOlEzSjh5M3hyeElzWkNTZnl4cjd1OVdDWW0yUT0K</wim:password>
      <wim:uid>wsadmin</wim:uid>
      <wim:cn>wsadmin</wim:cn>
      <wim:sn>wsadmin</wim:sn>
    </wim:entities>
  </wim:Root>
</sdo:datagraph>
