<?xml version="1.0" encoding="UTF-8"?>
<middlewaredescriptors:MiddlewareDescriptor xmi:version="2.0" xmlns:xmi="http://www.omg.org/XMI" xmlns:middlewaredescriptors="http://www.ibm.com/websphere/appserver/schemas/6.1/middlewaredescriptors.xmi" xmi:id="MiddlewareDescriptor_1534519727011" name="application_server" discoveryInterval="4" discoveryIntervalUnits="2">
  <versionDescriptors xmi:id="MiddlewareVersionDescriptor_1534519727012" version="default">
    <versionDescriptor xmi:id="DescriptivePropertyGroup_1534519727013" name="versionDescriptor">
      <propertyGroups xmi:id="DescriptivePropertyGroup_1534519727014" name="sessionAffinityDescriptor">
        <properties xmi:id="DiscoverableDescriptiveProperty_1534519727015" name="learnCloneIds" value="true" required="true" type="String" range="" inclusive="false">
          <descriptor xmi:id="DisplayDescriptor_1534519727016" displayNameKey="learnCloneIds" firstClass="true" hoverHelpKey="learnCloneIds.help"/>
        </properties>
        <properties xmi:id="DiscoverableDescriptiveProperty_1534519727017" name="cookieNames" value="WSJSESSIONID,JSESSIONID,SSLJSESSIONID" required="true" type="String" range="" inclusive="false">
          <descriptor xmi:id="DisplayDescriptor_1534519727018" displayNameKey="cookieNames" firstClass="true" hoverHelpKey="cookieNames.help"/>
        </properties>
        <properties xmi:id="DiscoverableDescriptiveProperty_1534519727018" name="urlRewriteNames" value="jsessionid" required="true" type="String" range="" inclusive="false">
          <descriptor xmi:id="DisplayDescriptor_1534519727019" displayNameKey="urlRewriteNames" firstClass="true" hoverHelpKey="urlRewriteNames.help"/>
        </properties>
        <properties xmi:id="DiscoverableDescriptiveProperty_1534519727020" name="cloneIdSeparator" value=":" required="true" type="String" range="" inclusive="false">
          <descriptor xmi:id="DisplayDescriptor_1534519727021" displayNameKey="cloneIdSeparator" firstClass="true" hoverHelpKey="cloneIdSeparator.help"/>
        </properties>
        <properties xmi:id="DiscoverableDescriptiveProperty_1534519727022" name="altCloneIdSeparator" value="" required="false" type="String" range="" inclusive="false">
          <descriptor xmi:id="DisplayDescriptor_1534519727022" displayNameKey="altCloneIdSeparator" firstClass="true" hoverHelpKey="altCloneIdSeparator.help"/>
        </properties>
        <properties xmi:id="DiscoverableDescriptiveProperty_1534519727023" name="affinityMode" value="active-conditional" required="true" type="String" range="" inclusive="false">
          <descriptor xmi:id="DisplayDescriptor_1534519727024" displayNameKey="affinityMode" firstClass="true" hoverHelpKey="affinityMode.help"/>
        </properties>
        <descriptor xmi:id="DisplayDescriptor_1534519727014" displayNameKey="sessionAffinityDescriptor" firstClass="true" hoverHelpKey="sessionAffinityDescriptor.help"/>
      </propertyGroups>
      <propertyGroups xmi:id="DescriptivePropertyGroup_1534519727025" name="timeOutGroup">
        <properties xmi:id="DiscoverableDescriptiveProperty_1534519727026" name="startTimeOutValue" value="300000" required="true" type="String" range="" inclusive="false">
          <descriptor xmi:id="DisplayDescriptor_1534519727027" displayNameKey="startTimeOutValue" firstClass="true" hoverHelpKey="startTimeOutValue.desc"/>
        </properties>
        <properties xmi:id="DiscoverableDescriptiveProperty_1534519727028" name="stopTimeOutValue" value="300000" required="true" type="String" range="" inclusive="false">
          <descriptor xmi:id="DisplayDescriptor_1534519727029" displayNameKey="stopTimeOutValue" firstClass="true" hoverHelpKey="stopTimeOutValue.desc"/>
        </properties>
        <descriptor xmi:id="DisplayDescriptor_1534519727026" displayNameKey="timeOutGroup" displayDescriptionKey="timeOutGroup.desc" firstClass="true"/>
      </propertyGroups>
    </versionDescriptor>
  </versionDescriptors>
</middlewaredescriptors:MiddlewareDescriptor>
