<?xml version="1.0" encoding="UTF-8"?>
<transformMappings>
  <transformMap>
    <document>sib-bus.xml</document>
    <transform>sib-bus.xsl</transform>
  </transformMap>
  <transformMap>
    <document>sib-destinations.xml</document>
    <transform>sib-destinations.xsl</transform>
  </transformMap>
  <transformMap>
    <document>sib-engines.xml</document>
    <transform>sib-engines.xsl</transform>
  </transformMap>
  <transformMap>
    <document>resources.xml</document>
    <transform>sib-resources.xsl</transform>
  </transformMap>
</transformMappings>

