<?xml version="1.0" encoding="UTF-8"?>
<java-wsdl-mapping xmlns="http://java.sun.com/xml/ns/j2ee" xmlns:xsi="http://www.w3.org/2001/XMLSchema-instance" version="1.1" xsi:schemaLocation="http://java.sun.com/xml/ns/j2ee http://www.ibm.com/webservices/xsd/j2ee_jaxrpc_mapping_1_1.xsd">
    <package-mapping>
        <package-type>com.ibm.otis.ejbs</package-type>
        <namespaceURI>http://ejbs.otis.ibm.com</namespaceURI>
    </package-mapping>
    <package-mapping>
        <package-type>com.ibm.otis.api</package-type>
        <namespaceURI>http://api.otis.ibm.com</namespaceURI>
    </package-mapping>
    <java-xml-type-mapping>
        <java-type>com.ibm.otis.api.TaskMessage</java-type>
        <root-type-qname xmlns:rtq="http://api.otis.ibm.com">rtq:TaskMessage</root-type-qname>
        <qname-scope>complexType</qname-scope>
        <variable-mapping>
            <java-variable-name>completionDateTime</java-variable-name>
            <xml-element-name>completionDateTime</xml-element-name>
        </variable-mapping>
        <variable-mapping>
            <java-variable-name>insertionTime</java-variable-name>
            <xml-element-name>insertionTime</xml-element-name>
        </variable-mapping>
        <variable-mapping>
            <java-variable-name>message</java-variable-name>
            <xml-element-name>message</xml-element-name>
        </variable-mapping>
        <variable-mapping>
            <java-variable-name>resultStatus</java-variable-name>
            <xml-element-name>resultStatus</xml-element-name>
        </variable-mapping>
        <variable-mapping>
            <java-variable-name>taskManagerServer</java-variable-name>
            <xml-element-name>taskManagerServer</xml-element-name>
        </variable-mapping>
        <variable-mapping>
            <java-variable-name>taskID</java-variable-name>
            <xml-element-name>taskID</xml-element-name>
        </variable-mapping>
        <variable-mapping>
            <java-variable-name>deviceID</java-variable-name>
            <xml-element-name>deviceID</xml-element-name>
        </variable-mapping>
        <variable-mapping>
            <java-variable-name>description</java-variable-name>
            <xml-element-name>description</xml-element-name>
        </variable-mapping>
        <variable-mapping>
            <java-variable-name>exploiterUse</java-variable-name>
            <xml-element-name>exploiterUse</xml-element-name>
        </variable-mapping>
        <variable-mapping>
            <java-variable-name>resultID</java-variable-name>
            <xml-element-name>resultID</xml-element-name>
        </variable-mapping>
    </java-xml-type-mapping>
    <java-xml-type-mapping>
        <java-type>com.ibm.otis.api.DeviceEvent[]</java-type>
        <anonymous-type-qname>http://api.otis.ibm.com:DeviceEvent[0,unbounded]</anonymous-type-qname>
        <qname-scope>complexType</qname-scope>
    </java-xml-type-mapping>
    <java-xml-type-mapping>
        <java-type>java.lang.String[]</java-type>
        <root-type-qname xmlns:rtq="http://ejbs.otis.ibm.com">rtq:ArrayOf_xsd_nillable_string</root-type-qname>
        <qname-scope>complexType</qname-scope>
        <variable-mapping>
            <java-variable-name>string</java-variable-name>
            <xml-element-name>string</xml-element-name>
        </variable-mapping>
    </java-xml-type-mapping>
    <java-xml-type-mapping>
        <java-type>com.ibm.otis.api.TaskManagerException</java-type>
        <root-type-qname xmlns:rtq="http://api.otis.ibm.com">rtq:TaskManagerException</root-type-qname>
        <qname-scope>complexType</qname-scope>
        <variable-mapping>
            <java-variable-name>message</java-variable-name>
            <xml-element-name>message</xml-element-name>
        </variable-mapping>
    </java-xml-type-mapping>
    <java-xml-type-mapping>
        <java-type>com.ibm.otis.api.TaskManagerException</java-type>
        <root-type-qname xmlns:rtq="http://api.otis.ibm.com">rtq:TaskManagerException</root-type-qname>
        <qname-scope>element</qname-scope>
    </java-xml-type-mapping>
    <java-xml-type-mapping>
        <java-type>com.ibm.otis.api.TaskResult[]</java-type>
        <anonymous-type-qname>http://api.otis.ibm.com:TaskResult[0,unbounded]</anonymous-type-qname>
        <qname-scope>complexType</qname-scope>
    </java-xml-type-mapping>
    <java-xml-type-mapping>
        <java-type>boolean</java-type>
        <root-type-qname xmlns:rtq="http://www.w3.org/2001/XMLSchema">rtq:boolean</root-type-qname>
        <qname-scope>simpleType</qname-scope>
    </java-xml-type-mapping>
    <java-xml-type-mapping>
        <java-type>byte[]</java-type>
        <root-type-qname xmlns:rtq="http://www.w3.org/2001/XMLSchema">rtq:base64Binary</root-type-qname>
        <qname-scope>simpleType</qname-scope>
    </java-xml-type-mapping>
    <java-xml-type-mapping>
        <java-type>com.ibm.otis.api.TaskResult</java-type>
        <root-type-qname xmlns:rtq="http://api.otis.ibm.com">rtq:TaskResult</root-type-qname>
        <qname-scope>complexType</qname-scope>
        <variable-mapping>
            <java-variable-name>resultID</java-variable-name>
            <xml-element-name>resultID</xml-element-name>
        </variable-mapping>
        <variable-mapping>
            <java-variable-name>completionDateTime</java-variable-name>
            <xml-element-name>completionDateTime</xml-element-name>
        </variable-mapping>
        <variable-mapping>
            <java-variable-name>insertionTime</java-variable-name>
            <xml-element-name>insertionTime</xml-element-name>
        </variable-mapping>
        <variable-mapping>
            <java-variable-name>resultStatus</java-variable-name>
            <xml-element-name>resultStatus</xml-element-name>
        </variable-mapping>
        <variable-mapping>
            <java-variable-name>taskData</java-variable-name>
            <xml-element-name>taskData</xml-element-name>
        </variable-mapping>
        <variable-mapping>
            <java-variable-name>taskManagerServer</java-variable-name>
            <xml-element-name>taskManagerServer</xml-element-name>
        </variable-mapping>
        <variable-mapping>
            <java-variable-name>taskID</java-variable-name>
            <xml-element-name>taskID</xml-element-name>
        </variable-mapping>
        <variable-mapping>
            <java-variable-name>deviceID</java-variable-name>
            <xml-element-name>deviceID</xml-element-name>
        </variable-mapping>
        <variable-mapping>
            <java-variable-name>description</java-variable-name>
            <xml-element-name>description</xml-element-name>
        </variable-mapping>
        <variable-mapping>
            <java-variable-name>exploiterUse</java-variable-name>
            <xml-element-name>exploiterUse</xml-element-name>
        </variable-mapping>
        <variable-mapping>
            <java-variable-name>taskDataType</java-variable-name>
            <xml-element-name>taskDataType</xml-element-name>
        </variable-mapping>
    </java-xml-type-mapping>
    <java-xml-type-mapping>
        <java-type>int[]</java-type>
        <root-type-qname xmlns:rtq="http://ejbs.otis.ibm.com">rtq:ArrayOf_xsd_int</root-type-qname>
        <qname-scope>complexType</qname-scope>
        <variable-mapping>
            <java-variable-name>_int</java-variable-name>
            <xml-element-name>int</xml-element-name>
        </variable-mapping>
    </java-xml-type-mapping>
    <java-xml-type-mapping>
        <java-type>com.ibm.otis.api.Task[]</java-type>
        <root-type-qname xmlns:rtq="http://ejbs.otis.ibm.com">rtq:ArrayOf_tns1_nillable_Task</root-type-qname>
        <qname-scope>complexType</qname-scope>
        <variable-mapping>
            <java-variable-name>task</java-variable-name>
            <xml-element-name>Task</xml-element-name>
        </variable-mapping>
    </java-xml-type-mapping>
    <java-xml-type-mapping>
        <java-type>java.lang.String</java-type>
        <root-type-qname xmlns:rtq="http://www.w3.org/2001/XMLSchema">rtq:string</root-type-qname>
        <qname-scope>simpleType</qname-scope>
    </java-xml-type-mapping>
    <java-xml-type-mapping>
        <java-type>long</java-type>
        <root-type-qname xmlns:rtq="http://www.w3.org/2001/XMLSchema">rtq:long</root-type-qname>
        <qname-scope>simpleType</qname-scope>
    </java-xml-type-mapping>
    <java-xml-type-mapping>
        <java-type>com.ibm.otis.api.TaskMessage[]</java-type>
        <anonymous-type-qname>http://api.otis.ibm.com:TaskMessage[0,unbounded]</anonymous-type-qname>
        <qname-scope>complexType</qname-scope>
    </java-xml-type-mapping>
    <java-xml-type-mapping>
        <java-type>int[]</java-type>
        <anonymous-type-qname>http://www.w3.org/2001/XMLSchema:int[0,unbounded]</anonymous-type-qname>
        <qname-scope>complexType</qname-scope>
    </java-xml-type-mapping>
    <java-xml-type-mapping>
        <java-type>com.ibm.otis.api.TaskSummary</java-type>
        <root-type-qname xmlns:rtq="http://api.otis.ibm.com">rtq:TaskSummary</root-type-qname>
        <qname-scope>complexType</qname-scope>
        <variable-mapping>
            <java-variable-name>asyncInProgress</java-variable-name>
            <xml-element-name>asyncInProgress</xml-element-name>
        </variable-mapping>
        <variable-mapping>
            <java-variable-name>delayed</java-variable-name>
            <xml-element-name>delayed</xml-element-name>
        </variable-mapping>
        <variable-mapping>
            <java-variable-name>distributed</java-variable-name>
            <xml-element-name>distributed</xml-element-name>
        </variable-mapping>
        <variable-mapping>
            <java-variable-name>failed</java-variable-name>
            <xml-element-name>failed</xml-element-name>
        </variable-mapping>
        <variable-mapping>
            <java-variable-name>failedRetry</java-variable-name>
            <xml-element-name>failedRetry</xml-element-name>
        </variable-mapping>
        <variable-mapping>
            <java-variable-name>noHistory</java-variable-name>
            <xml-element-name>noHistory</xml-element-name>
        </variable-mapping>
        <variable-mapping>
            <java-variable-name>noStatus</java-variable-name>
            <xml-element-name>noStatus</xml-element-name>
        </variable-mapping>
        <variable-mapping>
            <java-variable-name>rejected</java-variable-name>
            <xml-element-name>rejected</xml-element-name>
        </variable-mapping>
        <variable-mapping>
            <java-variable-name>succeeded</java-variable-name>
            <xml-element-name>succeeded</xml-element-name>
        </variable-mapping>
        <variable-mapping>
            <java-variable-name>taskID</java-variable-name>
            <xml-element-name>taskID</xml-element-name>
        </variable-mapping>
        <variable-mapping>
            <java-variable-name>total</java-variable-name>
            <xml-element-name>total</xml-element-name>
        </variable-mapping>
    </java-xml-type-mapping>
    <java-xml-type-mapping>
        <java-type>com.ibm.otis.api.Task[]</java-type>
        <anonymous-type-qname>http://api.otis.ibm.com:Task[0,unbounded]</anonymous-type-qname>
        <qname-scope>complexType</qname-scope>
    </java-xml-type-mapping>
    <java-xml-type-mapping>
        <java-type>com.ibm.otis.api.Task</java-type>
        <root-type-qname xmlns:rtq="http://api.otis.ibm.com">rtq:Task</root-type-qname>
        <qname-scope>complexType</qname-scope>
        <variable-mapping>
            <java-variable-name>taskID</java-variable-name>
            <xml-element-name>taskID</xml-element-name>
        </variable-mapping>
        <variable-mapping>
            <java-variable-name>activationDateTime</java-variable-name>
            <xml-element-name>activationDateTime</xml-element-name>
        </variable-mapping>
        <variable-mapping>
            <java-variable-name>deviceIDs</java-variable-name>
            <xml-element-name>deviceIDs</xml-element-name>
        </variable-mapping>
        <variable-mapping>
            <java-variable-name>expirationDateTime</java-variable-name>
            <xml-element-name>expirationDateTime</xml-element-name>
        </variable-mapping>
        <variable-mapping>
            <java-variable-name>group</java-variable-name>
            <xml-element-name>group</xml-element-name>
        </variable-mapping>
        <variable-mapping>
            <java-variable-name>description</java-variable-name>
            <xml-element-name>description</xml-element-name>
        </variable-mapping>
        <variable-mapping>
            <java-variable-name>exploiterUse</java-variable-name>
            <xml-element-name>exploiterUse</xml-element-name>
        </variable-mapping>
        <variable-mapping>
            <java-variable-name>maxRetries</java-variable-name>
            <xml-element-name>maxRetries</xml-element-name>
        </variable-mapping>
        <variable-mapping>
            <java-variable-name>parmDoc</java-variable-name>
            <xml-element-name>parmDoc</xml-element-name>
        </variable-mapping>
        <variable-mapping>
            <java-variable-name>priority</java-variable-name>
            <xml-element-name>priority</xml-element-name>
        </variable-mapping>
        <variable-mapping>
            <java-variable-name>taskDocType</java-variable-name>
            <xml-element-name>taskDocType</xml-element-name>
        </variable-mapping>
        <variable-mapping>
            <java-variable-name>taskDoc</java-variable-name>
            <xml-element-name>taskDoc</xml-element-name>
        </variable-mapping>
        <variable-mapping>
            <java-variable-name>submissionDateTime</java-variable-name>
            <xml-element-name>submissionDateTime</xml-element-name>
        </variable-mapping>
        <variable-mapping>
            <java-variable-name>lastModifiedDateTime</java-variable-name>
            <xml-element-name>lastModifiedDateTime</xml-element-name>
        </variable-mapping>
        <variable-mapping>
            <java-variable-name>state</java-variable-name>
            <xml-element-name>state</xml-element-name>
        </variable-mapping>
        <variable-mapping>
            <java-variable-name>periodType</java-variable-name>
            <xml-element-name>periodType</xml-element-name>
        </variable-mapping>
        <variable-mapping>
            <java-variable-name>executionWindows</java-variable-name>
            <xml-element-name>executionWindows</xml-element-name>
        </variable-mapping>
        <variable-mapping>
            <java-variable-name>allowTaskToRunDuringEachExecutionWindow</java-variable-name>
            <xml-element-name>allowTaskToRunDuringEachExecutionWindow</xml-element-name>
        </variable-mapping>
        <variable-mapping>
            <java-variable-name>runTaskASAPAfterMissedExecutionWindow</java-variable-name>
            <xml-element-name>runTaskASAPAfterMissedExecutionWindow</xml-element-name>
        </variable-mapping>
        <variable-mapping>
            <java-variable-name>useTimeZoneOfClient</java-variable-name>
            <xml-element-name>useTimeZoneOfClient</xml-element-name>
        </variable-mapping>
    </java-xml-type-mapping>
    <java-xml-type-mapping>
        <java-type>com.ibm.otis.api.TaskMessage[]</java-type>
        <root-type-qname xmlns:rtq="http://ejbs.otis.ibm.com">rtq:ArrayOf_tns1_nillable_TaskMessage</root-type-qname>
        <qname-scope>complexType</qname-scope>
        <variable-mapping>
            <java-variable-name>taskMessage</java-variable-name>
            <xml-element-name>TaskMessage</xml-element-name>
        </variable-mapping>
    </java-xml-type-mapping>
    <java-xml-type-mapping>
        <java-type>com.ibm.otis.api.TaskStatus</java-type>
        <root-type-qname xmlns:rtq="http://api.otis.ibm.com">rtq:TaskStatus</root-type-qname>
        <qname-scope>complexType</qname-scope>
        <variable-mapping>
            <java-variable-name>completionDateTime</java-variable-name>
            <xml-element-name>completionDateTime</xml-element-name>
        </variable-mapping>
        <variable-mapping>
            <java-variable-name>insertionTime</java-variable-name>
            <xml-element-name>insertionTime</xml-element-name>
        </variable-mapping>
        <variable-mapping>
            <java-variable-name>resultStatus</java-variable-name>
            <xml-element-name>resultStatus</xml-element-name>
        </variable-mapping>
        <variable-mapping>
            <java-variable-name>taskManagerServer</java-variable-name>
            <xml-element-name>taskManagerServer</xml-element-name>
        </variable-mapping>
        <variable-mapping>
            <java-variable-name>taskID</java-variable-name>
            <xml-element-name>taskID</xml-element-name>
        </variable-mapping>
        <variable-mapping>
            <java-variable-name>deviceID</java-variable-name>
            <xml-element-name>deviceID</xml-element-name>
        </variable-mapping>
        <variable-mapping>
            <java-variable-name>description</java-variable-name>
            <xml-element-name>description</xml-element-name>
        </variable-mapping>
        <variable-mapping>
            <java-variable-name>exploiterUse</java-variable-name>
            <xml-element-name>exploiterUse</xml-element-name>
        </variable-mapping>
    </java-xml-type-mapping>
    <java-xml-type-mapping>
        <java-type>int</java-type>
        <root-type-qname xmlns:rtq="http://www.w3.org/2001/XMLSchema">rtq:int</root-type-qname>
        <qname-scope>simpleType</qname-scope>
    </java-xml-type-mapping>
    <java-xml-type-mapping>
        <java-type>com.ibm.otis.api.DeviceEvent</java-type>
        <root-type-qname xmlns:rtq="http://api.otis.ibm.com">rtq:DeviceEvent</root-type-qname>
        <qname-scope>complexType</qname-scope>
        <variable-mapping>
            <java-variable-name>deviceID</java-variable-name>
            <xml-element-name>deviceID</xml-element-name>
        </variable-mapping>
        <variable-mapping>
            <java-variable-name>eventDateTime</java-variable-name>
            <xml-element-name>eventDateTime</xml-element-name>
        </variable-mapping>
        <variable-mapping>
            <java-variable-name>severity</java-variable-name>
            <xml-element-name>severity</xml-element-name>
        </variable-mapping>
        <variable-mapping>
            <java-variable-name>message</java-variable-name>
            <xml-element-name>message</xml-element-name>
        </variable-mapping>
    </java-xml-type-mapping>
    <java-xml-type-mapping>
        <java-type>com.ibm.otis.api.DeviceEvent[]</java-type>
        <root-type-qname xmlns:rtq="http://ejbs.otis.ibm.com">rtq:ArrayOf_tns1_nillable_DeviceEvent</root-type-qname>
        <qname-scope>complexType</qname-scope>
        <variable-mapping>
            <java-variable-name>deviceEvent</java-variable-name>
            <xml-element-name>DeviceEvent</xml-element-name>
        </variable-mapping>
    </java-xml-type-mapping>
    <java-xml-type-mapping>
        <java-type>com.ibm.otis.api.TaskResult[]</java-type>
        <root-type-qname xmlns:rtq="http://ejbs.otis.ibm.com">rtq:ArrayOf_tns1_nillable_TaskResult</root-type-qname>
        <qname-scope>complexType</qname-scope>
        <variable-mapping>
            <java-variable-name>taskResult</java-variable-name>
            <xml-element-name>TaskResult</xml-element-name>
        </variable-mapping>
    </java-xml-type-mapping>
    <java-xml-type-mapping>
        <java-type>java.lang.String[]</java-type>
        <anonymous-type-qname>http://www.w3.org/2001/XMLSchema:string[0,unbounded]</anonymous-type-qname>
        <qname-scope>complexType</qname-scope>
    </java-xml-type-mapping>
    <java-xml-type-mapping>
        <java-type>int[]</java-type>
        <anonymous-type-qname>http://ejbs.otis.ibm.com:ArrayOf_xsd_int&gt;int[0,unbounded]</anonymous-type-qname>
        <qname-scope>complexType</qname-scope>
    </java-xml-type-mapping>
    <java-xml-type-mapping>
        <java-type>com.ibm.otis.api.Task[]</java-type>
        <anonymous-type-qname>http://ejbs.otis.ibm.com:ArrayOf_tns1_nillable_Task&gt;Task[0,unbounded]</anonymous-type-qname>
        <qname-scope>complexType</qname-scope>
    </java-xml-type-mapping>
    <java-xml-type-mapping>
        <java-type>com.ibm.otis.api.TaskResult[]</java-type>
        <anonymous-type-qname>http://ejbs.otis.ibm.com:ArrayOf_tns1_nillable_TaskResult&gt;TaskResult[0,unbounded]</anonymous-type-qname>
        <qname-scope>complexType</qname-scope>
    </java-xml-type-mapping>
    <java-xml-type-mapping>
        <java-type>java.lang.String[]</java-type>
        <anonymous-type-qname>http://ejbs.otis.ibm.com:ArrayOf_xsd_nillable_string&gt;string[0,unbounded]</anonymous-type-qname>
        <qname-scope>complexType</qname-scope>
    </java-xml-type-mapping>
    <java-xml-type-mapping>
        <java-type>com.ibm.otis.api.DeviceEvent[]</java-type>
        <anonymous-type-qname>http://ejbs.otis.ibm.com:ArrayOf_tns1_nillable_DeviceEvent&gt;DeviceEvent[0,unbounded]</anonymous-type-qname>
        <qname-scope>complexType</qname-scope>
    </java-xml-type-mapping>
    <java-xml-type-mapping>
        <java-type>com.ibm.otis.api.TaskMessage[]</java-type>
        <anonymous-type-qname>http://ejbs.otis.ibm.com:ArrayOf_tns1_nillable_TaskMessage&gt;TaskMessage[0,unbounded]</anonymous-type-qname>
        <qname-scope>complexType</qname-scope>
    </java-xml-type-mapping>
    <exception-mapping>
        <exception-type>com.ibm.otis.api.TaskManagerException</exception-type>
        <wsdl-message xmlns:em="http://ejbs.otis.ibm.com">em:TaskManagerException</wsdl-message>
        <constructor-parameter-order>
            <element-name>message</element-name>
        </constructor-parameter-order>
    </exception-mapping>
    <service-interface-mapping>
        <service-interface>com.ibm.otis.ejbs.TaskManagerServiceService</service-interface>
        <wsdl-service-name xmlns:sim="http://ejbs.otis.ibm.com">sim:TaskManagerServiceService</wsdl-service-name>
        <port-mapping>
            <port-name>TaskManager</port-name>
            <java-port-name>TaskManager</java-port-name>
        </port-mapping>
    </service-interface-mapping>
    <service-endpoint-interface-mapping>
        <service-endpoint-interface>com.ibm.otis.ejbs.TaskManagerService</service-endpoint-interface>
        <wsdl-port-type xmlns:seimwpt="http://ejbs.otis.ibm.com">seimwpt:TaskManagerService</wsdl-port-type>
        <wsdl-binding xmlns:seimwb="http://ejbs.otis.ibm.com">seimwb:TaskManagerSoapBinding</wsdl-binding>
        <service-endpoint-method-mapping>
            <java-method-name>deleteTask</java-method-name>
            <wsdl-operation>deleteTask</wsdl-operation>
            <wrapped-element/>
            <method-param-parts-mapping>
                <param-position>0</param-position>
                <param-type>long</param-type>
                <wsdl-message-mapping>
                    <wsdl-message xmlns:mppm="http://ejbs.otis.ibm.com">mppm:deleteTaskRequest</wsdl-message>
                    <wsdl-message-part-name>arg_0_5</wsdl-message-part-name>
                    <parameter-mode>IN</parameter-mode>
                </wsdl-message-mapping>
            </method-param-parts-mapping>
            <method-param-parts-mapping>
                <param-position>1</param-position>
                <param-type>boolean</param-type>
                <wsdl-message-mapping>
                    <wsdl-message xmlns:mppm="http://ejbs.otis.ibm.com">mppm:deleteTaskRequest</wsdl-message>
                    <wsdl-message-part-name>arg_1_5</wsdl-message-part-name>
                    <parameter-mode>IN</parameter-mode>
                </wsdl-message-mapping>
            </method-param-parts-mapping>
            <wsdl-return-value-mapping>
                <method-return-value>void</method-return-value>
                <wsdl-message xmlns:wrvm="http://ejbs.otis.ibm.com">wrvm:deleteTaskResponse</wsdl-message>
            </wsdl-return-value-mapping>
        </service-endpoint-method-mapping>
        <service-endpoint-method-mapping>
            <java-method-name>resumeTask</java-method-name>
            <wsdl-operation>resumeTask</wsdl-operation>
            <wrapped-element/>
            <method-param-parts-mapping>
                <param-position>0</param-position>
                <param-type>long</param-type>
                <wsdl-message-mapping>
                    <wsdl-message xmlns:mppm="http://ejbs.otis.ibm.com">mppm:resumeTaskRequest</wsdl-message>
                    <wsdl-message-part-name>arg_0_25</wsdl-message-part-name>
                    <parameter-mode>IN</parameter-mode>
                </wsdl-message-mapping>
            </method-param-parts-mapping>
            <wsdl-return-value-mapping>
                <method-return-value>void</method-return-value>
                <wsdl-message xmlns:wrvm="http://ejbs.otis.ibm.com">wrvm:resumeTaskResponse</wsdl-message>
            </wsdl-return-value-mapping>
        </service-endpoint-method-mapping>
        <service-endpoint-method-mapping>
            <java-method-name>deleteTargetDevice</java-method-name>
            <wsdl-operation>deleteTargetDevice</wsdl-operation>
            <wrapped-element/>
            <method-param-parts-mapping>
                <param-position>0</param-position>
                <param-type>java.lang.String</param-type>
                <wsdl-message-mapping>
                    <wsdl-message xmlns:mppm="http://ejbs.otis.ibm.com">mppm:deleteTargetDeviceRequest</wsdl-message>
                    <wsdl-message-part-name>arg_0_6</wsdl-message-part-name>
                    <parameter-mode>IN</parameter-mode>
                </wsdl-message-mapping>
            </method-param-parts-mapping>
            <wsdl-return-value-mapping>
                <method-return-value>void</method-return-value>
                <wsdl-message xmlns:wrvm="http://ejbs.otis.ibm.com">wrvm:deleteTargetDeviceResponse</wsdl-message>
            </wsdl-return-value-mapping>
        </service-endpoint-method-mapping>
        <service-endpoint-method-mapping>
            <java-method-name>getTasksWithNoHistory</java-method-name>
            <wsdl-operation>getTasksWithNoHistory</wsdl-operation>
            <wrapped-element/>
            <method-param-parts-mapping>
                <param-position>0</param-position>
                <param-type>java.lang.String</param-type>
                <wsdl-message-mapping>
                    <wsdl-message xmlns:mppm="http://ejbs.otis.ibm.com">mppm:getTasksWithNoHistoryRequest</wsdl-message>
                    <wsdl-message-part-name>arg_0_14</wsdl-message-part-name>
                    <parameter-mode>IN</parameter-mode>
                </wsdl-message-mapping>
            </method-param-parts-mapping>
            <method-param-parts-mapping>
                <param-position>1</param-position>
                <param-type>long</param-type>
                <wsdl-message-mapping>
                    <wsdl-message xmlns:mppm="http://ejbs.otis.ibm.com">mppm:getTasksWithNoHistoryRequest</wsdl-message>
                    <wsdl-message-part-name>arg_1_14</wsdl-message-part-name>
                    <parameter-mode>IN</parameter-mode>
                </wsdl-message-mapping>
            </method-param-parts-mapping>
            <wsdl-return-value-mapping>
                <method-return-value>com.ibm.otis.api.Task[]</method-return-value>
                <wsdl-message xmlns:wrvm="http://ejbs.otis.ibm.com">wrvm:getTasksWithNoHistoryResponse</wsdl-message>
                <wsdl-message-part-name>getTasksWithNoHistoryReturn</wsdl-message-part-name>
            </wsdl-return-value-mapping>
        </service-endpoint-method-mapping>
        <service-endpoint-method-mapping>
            <java-method-name>deleteAllTaskResultEntries</java-method-name>
            <wsdl-operation>deleteAllTaskResultEntries</wsdl-operation>
            <wrapped-element/>
            <method-param-parts-mapping>
                <param-position>0</param-position>
                <param-type>long</param-type>
                <wsdl-message-mapping>
                    <wsdl-message xmlns:mppm="http://ejbs.otis.ibm.com">mppm:deleteAllTaskResultEntriesRequest</wsdl-message>
                    <wsdl-message-part-name>arg_0_15</wsdl-message-part-name>
                    <parameter-mode>IN</parameter-mode>
                </wsdl-message-mapping>
            </method-param-parts-mapping>
            <wsdl-return-value-mapping>
                <method-return-value>void</method-return-value>
                <wsdl-message xmlns:wrvm="http://ejbs.otis.ibm.com">wrvm:deleteAllTaskResultEntriesResponse</wsdl-message>
            </wsdl-return-value-mapping>
        </service-endpoint-method-mapping>
        <service-endpoint-method-mapping>
            <java-method-name>deleteTaskMessageEntries</java-method-name>
            <wsdl-operation>deleteTaskMessageEntries</wsdl-operation>
            <wrapped-element/>
            <method-param-parts-mapping>
                <param-position>0</param-position>
                <param-type>long</param-type>
                <wsdl-message-mapping>
                    <wsdl-message xmlns:mppm="http://ejbs.otis.ibm.com">mppm:deleteTaskMessageEntriesRequest</wsdl-message>
                    <wsdl-message-part-name>arg_0_21</wsdl-message-part-name>
                    <parameter-mode>IN</parameter-mode>
                </wsdl-message-mapping>
            </method-param-parts-mapping>
            <method-param-parts-mapping>
                <param-position>1</param-position>
                <param-type>java.lang.String</param-type>
                <wsdl-message-mapping>
                    <wsdl-message xmlns:mppm="http://ejbs.otis.ibm.com">mppm:deleteTaskMessageEntriesRequest</wsdl-message>
                    <wsdl-message-part-name>arg_1_21</wsdl-message-part-name>
                    <parameter-mode>IN</parameter-mode>
                </wsdl-message-mapping>
            </method-param-parts-mapping>
            <method-param-parts-mapping>
                <param-position>2</param-position>
                <param-type>long</param-type>
                <wsdl-message-mapping>
                    <wsdl-message xmlns:mppm="http://ejbs.otis.ibm.com">mppm:deleteTaskMessageEntriesRequest</wsdl-message>
                    <wsdl-message-part-name>arg_2_21</wsdl-message-part-name>
                    <parameter-mode>IN</parameter-mode>
                </wsdl-message-mapping>
            </method-param-parts-mapping>
            <method-param-parts-mapping>
                <param-position>3</param-position>
                <param-type>long</param-type>
                <wsdl-message-mapping>
                    <wsdl-message xmlns:mppm="http://ejbs.otis.ibm.com">mppm:deleteTaskMessageEntriesRequest</wsdl-message>
                    <wsdl-message-part-name>arg_3_21</wsdl-message-part-name>
                    <parameter-mode>IN</parameter-mode>
                </wsdl-message-mapping>
            </method-param-parts-mapping>
            <wsdl-return-value-mapping>
                <method-return-value>void</method-return-value>
                <wsdl-message xmlns:wrvm="http://ejbs.otis.ibm.com">wrvm:deleteTaskMessageEntriesResponse</wsdl-message>
            </wsdl-return-value-mapping>
        </service-endpoint-method-mapping>
        <service-endpoint-method-mapping>
            <java-method-name>deleteDeviceEvents</java-method-name>
            <wsdl-operation>deleteDeviceEvents</wsdl-operation>
            <wrapped-element/>
            <method-param-parts-mapping>
                <param-position>0</param-position>
                <param-type>java.lang.String</param-type>
                <wsdl-message-mapping>
                    <wsdl-message xmlns:mppm="http://ejbs.otis.ibm.com">mppm:deleteDeviceEventsRequest</wsdl-message>
                    <wsdl-message-part-name>arg_0_32</wsdl-message-part-name>
                    <parameter-mode>IN</parameter-mode>
                </wsdl-message-mapping>
            </method-param-parts-mapping>
            <wsdl-return-value-mapping>
                <method-return-value>void</method-return-value>
                <wsdl-message xmlns:wrvm="http://ejbs.otis.ibm.com">wrvm:deleteDeviceEventsResponse</wsdl-message>
            </wsdl-return-value-mapping>
        </service-endpoint-method-mapping>
        <service-endpoint-method-mapping>
            <java-method-name>getTaskResults</java-method-name>
            <wsdl-operation>getTaskResults</wsdl-operation>
            <wrapped-element/>
            <method-param-parts-mapping>
                <param-position>0</param-position>
                <param-type>long</param-type>
                <wsdl-message-mapping>
                    <wsdl-message xmlns:mppm="http://ejbs.otis.ibm.com">mppm:getTaskResultsRequest</wsdl-message>
                    <wsdl-message-part-name>arg_0_35</wsdl-message-part-name>
                    <parameter-mode>IN</parameter-mode>
                </wsdl-message-mapping>
            </method-param-parts-mapping>
            <method-param-parts-mapping>
                <param-position>1</param-position>
                <param-type>java.lang.String</param-type>
                <wsdl-message-mapping>
                    <wsdl-message xmlns:mppm="http://ejbs.otis.ibm.com">mppm:getTaskResultsRequest</wsdl-message>
                    <wsdl-message-part-name>arg_1_35</wsdl-message-part-name>
                    <parameter-mode>IN</parameter-mode>
                </wsdl-message-mapping>
            </method-param-parts-mapping>
            <method-param-parts-mapping>
                <param-position>2</param-position>
                <param-type>long</param-type>
                <wsdl-message-mapping>
                    <wsdl-message xmlns:mppm="http://ejbs.otis.ibm.com">mppm:getTaskResultsRequest</wsdl-message>
                    <wsdl-message-part-name>arg_2_35</wsdl-message-part-name>
                    <parameter-mode>IN</parameter-mode>
                </wsdl-message-mapping>
            </method-param-parts-mapping>
            <method-param-parts-mapping>
                <param-position>3</param-position>
                <param-type>long</param-type>
                <wsdl-message-mapping>
                    <wsdl-message xmlns:mppm="http://ejbs.otis.ibm.com">mppm:getTaskResultsRequest</wsdl-message>
                    <wsdl-message-part-name>arg_3_35</wsdl-message-part-name>
                    <parameter-mode>IN</parameter-mode>
                </wsdl-message-mapping>
            </method-param-parts-mapping>
            <method-param-parts-mapping>
                <param-position>4</param-position>
                <param-type>long</param-type>
                <wsdl-message-mapping>
                    <wsdl-message xmlns:mppm="http://ejbs.otis.ibm.com">mppm:getTaskResultsRequest</wsdl-message>
                    <wsdl-message-part-name>arg_4_35</wsdl-message-part-name>
                    <parameter-mode>IN</parameter-mode>
                </wsdl-message-mapping>
            </method-param-parts-mapping>
            <method-param-parts-mapping>
                <param-position>5</param-position>
                <param-type>boolean</param-type>
                <wsdl-message-mapping>
                    <wsdl-message xmlns:mppm="http://ejbs.otis.ibm.com">mppm:getTaskResultsRequest</wsdl-message>
                    <wsdl-message-part-name>arg_5_35</wsdl-message-part-name>
                    <parameter-mode>IN</parameter-mode>
                </wsdl-message-mapping>
            </method-param-parts-mapping>
            <wsdl-return-value-mapping>
                <method-return-value>com.ibm.otis.api.TaskResult[]</method-return-value>
                <wsdl-message xmlns:wrvm="http://ejbs.otis.ibm.com">wrvm:getTaskResultsResponse</wsdl-message>
                <wsdl-message-part-name>getTaskResultsReturn</wsdl-message-part-name>
            </wsdl-return-value-mapping>
        </service-endpoint-method-mapping>
        <service-endpoint-method-mapping>
            <java-method-name>getTask</java-method-name>
            <wsdl-operation>getTask</wsdl-operation>
            <wrapped-element/>
            <method-param-parts-mapping>
                <param-position>0</param-position>
                <param-type>long</param-type>
                <wsdl-message-mapping>
                    <wsdl-message xmlns:mppm="http://ejbs.otis.ibm.com">mppm:getTaskRequest</wsdl-message>
                    <wsdl-message-part-name>arg_0_3</wsdl-message-part-name>
                    <parameter-mode>IN</parameter-mode>
                </wsdl-message-mapping>
            </method-param-parts-mapping>
            <wsdl-return-value-mapping>
                <method-return-value>com.ibm.otis.api.Task</method-return-value>
                <wsdl-message xmlns:wrvm="http://ejbs.otis.ibm.com">wrvm:getTaskResponse</wsdl-message>
                <wsdl-message-part-name>getTaskReturn</wsdl-message-part-name>
            </wsdl-return-value-mapping>
        </service-endpoint-method-mapping>
        <service-endpoint-method-mapping>
            <java-method-name>submitTask</java-method-name>
            <wsdl-operation>submitTask</wsdl-operation>
            <wrapped-element/>
            <method-param-parts-mapping>
                <param-position>0</param-position>
                <param-type>com.ibm.otis.api.Task</param-type>
                <wsdl-message-mapping>
                    <wsdl-message xmlns:mppm="http://ejbs.otis.ibm.com">mppm:submitTaskRequest</wsdl-message>
                    <wsdl-message-part-name>arg_0_0</wsdl-message-part-name>
                    <parameter-mode>IN</parameter-mode>
                </wsdl-message-mapping>
            </method-param-parts-mapping>
            <wsdl-return-value-mapping>
                <method-return-value>long</method-return-value>
                <wsdl-message xmlns:wrvm="http://ejbs.otis.ibm.com">wrvm:submitTaskResponse</wsdl-message>
                <wsdl-message-part-name>submitTaskReturn</wsdl-message-part-name>
            </wsdl-return-value-mapping>
        </service-endpoint-method-mapping>
        <service-endpoint-method-mapping>
            <java-method-name>deleteDeviceEventsByDate</java-method-name>
            <wsdl-operation>deleteDeviceEventsByDate</wsdl-operation>
            <wrapped-element/>
            <method-param-parts-mapping>
                <param-position>0</param-position>
                <param-type>java.lang.String</param-type>
                <wsdl-message-mapping>
                    <wsdl-message xmlns:mppm="http://ejbs.otis.ibm.com">mppm:deleteDeviceEventsByDateRequest</wsdl-message>
                    <wsdl-message-part-name>arg_0_31</wsdl-message-part-name>
                    <parameter-mode>IN</parameter-mode>
                </wsdl-message-mapping>
            </method-param-parts-mapping>
            <method-param-parts-mapping>
                <param-position>1</param-position>
                <param-type>java.lang.String</param-type>
                <wsdl-message-mapping>
                    <wsdl-message xmlns:mppm="http://ejbs.otis.ibm.com">mppm:deleteDeviceEventsByDateRequest</wsdl-message>
                    <wsdl-message-part-name>arg_1_31</wsdl-message-part-name>
                    <parameter-mode>IN</parameter-mode>
                </wsdl-message-mapping>
            </method-param-parts-mapping>
            <method-param-parts-mapping>
                <param-position>2</param-position>
                <param-type>java.lang.String</param-type>
                <wsdl-message-mapping>
                    <wsdl-message xmlns:mppm="http://ejbs.otis.ibm.com">mppm:deleteDeviceEventsByDateRequest</wsdl-message>
                    <wsdl-message-part-name>arg_2_31</wsdl-message-part-name>
                    <parameter-mode>IN</parameter-mode>
                </wsdl-message-mapping>
            </method-param-parts-mapping>
            <wsdl-return-value-mapping>
                <method-return-value>void</method-return-value>
                <wsdl-message xmlns:wrvm="http://ejbs.otis.ibm.com">wrvm:deleteDeviceEventsByDateResponse</wsdl-message>
            </wsdl-return-value-mapping>
        </service-endpoint-method-mapping>
        <service-endpoint-method-mapping>
            <java-method-name>countTaskMessages</java-method-name>
            <wsdl-operation>countTaskMessages</wsdl-operation>
            <wrapped-element/>
            <method-param-parts-mapping>
                <param-position>0</param-position>
                <param-type>long</param-type>
                <wsdl-message-mapping>
                    <wsdl-message xmlns:mppm="http://ejbs.otis.ibm.com">mppm:countTaskMessagesRequest</wsdl-message>
                    <wsdl-message-part-name>arg_0_34</wsdl-message-part-name>
                    <parameter-mode>IN</parameter-mode>
                </wsdl-message-mapping>
            </method-param-parts-mapping>
            <method-param-parts-mapping>
                <param-position>1</param-position>
                <param-type>java.lang.String</param-type>
                <wsdl-message-mapping>
                    <wsdl-message xmlns:mppm="http://ejbs.otis.ibm.com">mppm:countTaskMessagesRequest</wsdl-message>
                    <wsdl-message-part-name>arg_1_34</wsdl-message-part-name>
                    <parameter-mode>IN</parameter-mode>
                </wsdl-message-mapping>
            </method-param-parts-mapping>
            <method-param-parts-mapping>
                <param-position>2</param-position>
                <param-type>long</param-type>
                <wsdl-message-mapping>
                    <wsdl-message xmlns:mppm="http://ejbs.otis.ibm.com">mppm:countTaskMessagesRequest</wsdl-message>
                    <wsdl-message-part-name>arg_2_34</wsdl-message-part-name>
                    <parameter-mode>IN</parameter-mode>
                </wsdl-message-mapping>
            </method-param-parts-mapping>
            <method-param-parts-mapping>
                <param-position>3</param-position>
                <param-type>long</param-type>
                <wsdl-message-mapping>
                    <wsdl-message xmlns:mppm="http://ejbs.otis.ibm.com">mppm:countTaskMessagesRequest</wsdl-message>
                    <wsdl-message-part-name>arg_3_34</wsdl-message-part-name>
                    <parameter-mode>IN</parameter-mode>
                </wsdl-message-mapping>
            </method-param-parts-mapping>
            <wsdl-return-value-mapping>
                <method-return-value>long</method-return-value>
                <wsdl-message xmlns:wrvm="http://ejbs.otis.ibm.com">wrvm:countTaskMessagesResponse</wsdl-message>
                <wsdl-message-part-name>countTaskMessagesReturn</wsdl-message-part-name>
            </wsdl-return-value-mapping>
        </service-endpoint-method-mapping>
        <service-endpoint-method-mapping>
            <java-method-name>getDevicesWithNoTaskHistory</java-method-name>
            <wsdl-operation>getDevicesWithNoTaskHistory</wsdl-operation>
            <wrapped-element/>
            <method-param-parts-mapping>
                <param-position>0</param-position>
                <param-type>long</param-type>
                <wsdl-message-mapping>
                    <wsdl-message xmlns:mppm="http://ejbs.otis.ibm.com">mppm:getDevicesWithNoTaskHistoryRequest</wsdl-message>
                    <wsdl-message-part-name>arg_0_27</wsdl-message-part-name>
                    <parameter-mode>IN</parameter-mode>
                </wsdl-message-mapping>
            </method-param-parts-mapping>
            <wsdl-return-value-mapping>
                <method-return-value>java.lang.String[]</method-return-value>
                <wsdl-message xmlns:wrvm="http://ejbs.otis.ibm.com">wrvm:getDevicesWithNoTaskHistoryResponse</wsdl-message>
                <wsdl-message-part-name>getDevicesWithNoTaskHistoryReturn</wsdl-message-part-name>
            </wsdl-return-value-mapping>
        </service-endpoint-method-mapping>
        <service-endpoint-method-mapping>
            <java-method-name>countTaskResults</java-method-name>
            <wsdl-operation>countTaskResults</wsdl-operation>
            <wrapped-element/>
            <method-param-parts-mapping>
                <param-position>0</param-position>
                <param-type>long</param-type>
                <wsdl-message-mapping>
                    <wsdl-message xmlns:mppm="http://ejbs.otis.ibm.com">mppm:countTaskResultsRequest</wsdl-message>
                    <wsdl-message-part-name>arg_0_36</wsdl-message-part-name>
                    <parameter-mode>IN</parameter-mode>
                </wsdl-message-mapping>
            </method-param-parts-mapping>
            <method-param-parts-mapping>
                <param-position>1</param-position>
                <param-type>java.lang.String</param-type>
                <wsdl-message-mapping>
                    <wsdl-message xmlns:mppm="http://ejbs.otis.ibm.com">mppm:countTaskResultsRequest</wsdl-message>
                    <wsdl-message-part-name>arg_1_36</wsdl-message-part-name>
                    <parameter-mode>IN</parameter-mode>
                </wsdl-message-mapping>
            </method-param-parts-mapping>
            <method-param-parts-mapping>
                <param-position>2</param-position>
                <param-type>long</param-type>
                <wsdl-message-mapping>
                    <wsdl-message xmlns:mppm="http://ejbs.otis.ibm.com">mppm:countTaskResultsRequest</wsdl-message>
                    <wsdl-message-part-name>arg_2_36</wsdl-message-part-name>
                    <parameter-mode>IN</parameter-mode>
                </wsdl-message-mapping>
            </method-param-parts-mapping>
            <method-param-parts-mapping>
                <param-position>3</param-position>
                <param-type>long</param-type>
                <wsdl-message-mapping>
                    <wsdl-message xmlns:mppm="http://ejbs.otis.ibm.com">mppm:countTaskResultsRequest</wsdl-message>
                    <wsdl-message-part-name>arg_3_36</wsdl-message-part-name>
                    <parameter-mode>IN</parameter-mode>
                </wsdl-message-mapping>
            </method-param-parts-mapping>
            <wsdl-return-value-mapping>
                <method-return-value>long</method-return-value>
                <wsdl-message xmlns:wrvm="http://ejbs.otis.ibm.com">wrvm:countTaskResultsResponse</wsdl-message>
                <wsdl-message-part-name>countTaskResultsReturn</wsdl-message-part-name>
            </wsdl-return-value-mapping>
        </service-endpoint-method-mapping>
        <service-endpoint-method-mapping>
            <java-method-name>deleteTaskResultEntries</java-method-name>
            <wsdl-operation>deleteTaskResultEntries</wsdl-operation>
            <wrapped-element/>
            <method-param-parts-mapping>
                <param-position>0</param-position>
                <param-type>long</param-type>
                <wsdl-message-mapping>
                    <wsdl-message xmlns:mppm="http://ejbs.otis.ibm.com">mppm:deleteTaskResultEntriesRequest</wsdl-message>
                    <wsdl-message-part-name>arg_0_17</wsdl-message-part-name>
                    <parameter-mode>IN</parameter-mode>
                </wsdl-message-mapping>
            </method-param-parts-mapping>
            <method-param-parts-mapping>
                <param-position>1</param-position>
                <param-type>java.lang.String</param-type>
                <wsdl-message-mapping>
                    <wsdl-message xmlns:mppm="http://ejbs.otis.ibm.com">mppm:deleteTaskResultEntriesRequest</wsdl-message>
                    <wsdl-message-part-name>arg_1_17</wsdl-message-part-name>
                    <parameter-mode>IN</parameter-mode>
                </wsdl-message-mapping>
            </method-param-parts-mapping>
            <method-param-parts-mapping>
                <param-position>2</param-position>
                <param-type>long</param-type>
                <wsdl-message-mapping>
                    <wsdl-message xmlns:mppm="http://ejbs.otis.ibm.com">mppm:deleteTaskResultEntriesRequest</wsdl-message>
                    <wsdl-message-part-name>arg_2_17</wsdl-message-part-name>
                    <parameter-mode>IN</parameter-mode>
                </wsdl-message-mapping>
            </method-param-parts-mapping>
            <method-param-parts-mapping>
                <param-position>3</param-position>
                <param-type>long</param-type>
                <wsdl-message-mapping>
                    <wsdl-message xmlns:mppm="http://ejbs.otis.ibm.com">mppm:deleteTaskResultEntriesRequest</wsdl-message>
                    <wsdl-message-part-name>arg_3_17</wsdl-message-part-name>
                    <parameter-mode>IN</parameter-mode>
                </wsdl-message-mapping>
            </method-param-parts-mapping>
            <wsdl-return-value-mapping>
                <method-return-value>void</method-return-value>
                <wsdl-message xmlns:wrvm="http://ejbs.otis.ibm.com">wrvm:deleteTaskResultEntriesResponse</wsdl-message>
            </wsdl-return-value-mapping>
        </service-endpoint-method-mapping>
        <service-endpoint-method-mapping>
            <java-method-name>getDeviceEvents</java-method-name>
            <wsdl-operation>getDeviceEvents</wsdl-operation>
            <wrapped-element/>
            <method-param-parts-mapping>
                <param-position>0</param-position>
                <param-type>java.lang.String</param-type>
                <wsdl-message-mapping>
                    <wsdl-message xmlns:mppm="http://ejbs.otis.ibm.com">mppm:getDeviceEventsRequest</wsdl-message>
                    <wsdl-message-part-name>arg_0_30</wsdl-message-part-name>
                    <parameter-mode>IN</parameter-mode>
                </wsdl-message-mapping>
            </method-param-parts-mapping>
            <method-param-parts-mapping>
                <param-position>1</param-position>
                <param-type>int[]</param-type>
                <wsdl-message-mapping>
                    <wsdl-message xmlns:mppm="http://ejbs.otis.ibm.com">mppm:getDeviceEventsRequest</wsdl-message>
                    <wsdl-message-part-name>arg_1_30</wsdl-message-part-name>
                    <parameter-mode>IN</parameter-mode>
                </wsdl-message-mapping>
            </method-param-parts-mapping>
            <method-param-parts-mapping>
                <param-position>2</param-position>
                <param-type>java.lang.String</param-type>
                <wsdl-message-mapping>
                    <wsdl-message xmlns:mppm="http://ejbs.otis.ibm.com">mppm:getDeviceEventsRequest</wsdl-message>
                    <wsdl-message-part-name>arg_2_30</wsdl-message-part-name>
                    <parameter-mode>IN</parameter-mode>
                </wsdl-message-mapping>
            </method-param-parts-mapping>
            <method-param-parts-mapping>
                <param-position>3</param-position>
                <param-type>long</param-type>
                <wsdl-message-mapping>
                    <wsdl-message xmlns:mppm="http://ejbs.otis.ibm.com">mppm:getDeviceEventsRequest</wsdl-message>
                    <wsdl-message-part-name>arg_3_30</wsdl-message-part-name>
                    <parameter-mode>IN</parameter-mode>
                </wsdl-message-mapping>
            </method-param-parts-mapping>
            <wsdl-return-value-mapping>
                <method-return-value>com.ibm.otis.api.DeviceEvent[]</method-return-value>
                <wsdl-message xmlns:wrvm="http://ejbs.otis.ibm.com">wrvm:getDeviceEventsResponse</wsdl-message>
                <wsdl-message-part-name>getDeviceEventsReturn</wsdl-message-part-name>
            </wsdl-return-value-mapping>
        </service-endpoint-method-mapping>
        <service-endpoint-method-mapping>
            <java-method-name>queryTasks</java-method-name>
            <wsdl-operation>queryTasks</wsdl-operation>
            <wrapped-element/>
            <method-param-parts-mapping>
                <param-position>0</param-position>
                <param-type>java.lang.String</param-type>
                <wsdl-message-mapping>
                    <wsdl-message xmlns:mppm="http://ejbs.otis.ibm.com">mppm:queryTasksRequest</wsdl-message>
                    <wsdl-message-part-name>arg_0_28</wsdl-message-part-name>
                    <parameter-mode>IN</parameter-mode>
                </wsdl-message-mapping>
            </method-param-parts-mapping>
            <method-param-parts-mapping>
                <param-position>1</param-position>
                <param-type>long</param-type>
                <wsdl-message-mapping>
                    <wsdl-message xmlns:mppm="http://ejbs.otis.ibm.com">mppm:queryTasksRequest</wsdl-message>
                    <wsdl-message-part-name>arg_1_28</wsdl-message-part-name>
                    <parameter-mode>IN</parameter-mode>
                </wsdl-message-mapping>
            </method-param-parts-mapping>
            <wsdl-return-value-mapping>
                <method-return-value>com.ibm.otis.api.Task[]</method-return-value>
                <wsdl-message xmlns:wrvm="http://ejbs.otis.ibm.com">wrvm:queryTasksResponse</wsdl-message>
                <wsdl-message-part-name>queryTasksReturn</wsdl-message-part-name>
            </wsdl-return-value-mapping>
        </service-endpoint-method-mapping>
        <service-endpoint-method-mapping>
            <java-method-name>getMultipleTaskResults</java-method-name>
            <wsdl-operation>getMultipleTaskResults</wsdl-operation>
            <wrapped-element/>
            <method-param-parts-mapping>
                <param-position>0</param-position>
                <param-type>long</param-type>
                <wsdl-message-mapping>
                    <wsdl-message xmlns:mppm="http://ejbs.otis.ibm.com">mppm:getMultipleTaskResultsRequest</wsdl-message>
                    <wsdl-message-part-name>arg_0_10</wsdl-message-part-name>
                    <parameter-mode>IN</parameter-mode>
                </wsdl-message-mapping>
            </method-param-parts-mapping>
            <method-param-parts-mapping>
                <param-position>1</param-position>
                <param-type>java.lang.String[]</param-type>
                <wsdl-message-mapping>
                    <wsdl-message xmlns:mppm="http://ejbs.otis.ibm.com">mppm:getMultipleTaskResultsRequest</wsdl-message>
                    <wsdl-message-part-name>arg_1_10</wsdl-message-part-name>
                    <parameter-mode>IN</parameter-mode>
                </wsdl-message-mapping>
            </method-param-parts-mapping>
            <method-param-parts-mapping>
                <param-position>2</param-position>
                <param-type>long</param-type>
                <wsdl-message-mapping>
                    <wsdl-message xmlns:mppm="http://ejbs.otis.ibm.com">mppm:getMultipleTaskResultsRequest</wsdl-message>
                    <wsdl-message-part-name>arg_2_10</wsdl-message-part-name>
                    <parameter-mode>IN</parameter-mode>
                </wsdl-message-mapping>
            </method-param-parts-mapping>
            <wsdl-return-value-mapping>
                <method-return-value>com.ibm.otis.api.TaskResult[]</method-return-value>
                <wsdl-message xmlns:wrvm="http://ejbs.otis.ibm.com">wrvm:getMultipleTaskResultsResponse</wsdl-message>
                <wsdl-message-part-name>getMultipleTaskResultsReturn</wsdl-message-part-name>
            </wsdl-return-value-mapping>
        </service-endpoint-method-mapping>
        <service-endpoint-method-mapping>
            <java-method-name>getTaskStatus</java-method-name>
            <wsdl-operation>getTaskStatus</wsdl-operation>
            <wrapped-element/>
            <method-param-parts-mapping>
                <param-position>0</param-position>
                <param-type>long</param-type>
                <wsdl-message-mapping>
                    <wsdl-message xmlns:mppm="http://ejbs.otis.ibm.com">mppm:getTaskStatusRequest</wsdl-message>
                    <wsdl-message-part-name>arg_0_7</wsdl-message-part-name>
                    <parameter-mode>IN</parameter-mode>
                </wsdl-message-mapping>
            </method-param-parts-mapping>
            <method-param-parts-mapping>
                <param-position>1</param-position>
                <param-type>java.lang.String</param-type>
                <wsdl-message-mapping>
                    <wsdl-message xmlns:mppm="http://ejbs.otis.ibm.com">mppm:getTaskStatusRequest</wsdl-message>
                    <wsdl-message-part-name>arg_1_7</wsdl-message-part-name>
                    <parameter-mode>IN</parameter-mode>
                </wsdl-message-mapping>
            </method-param-parts-mapping>
            <wsdl-return-value-mapping>
                <method-return-value>com.ibm.otis.api.TaskStatus</method-return-value>
                <wsdl-message xmlns:wrvm="http://ejbs.otis.ibm.com">wrvm:getTaskStatusResponse</wsdl-message>
                <wsdl-message-part-name>getTaskStatusReturn</wsdl-message-part-name>
            </wsdl-return-value-mapping>
        </service-endpoint-method-mapping>
        <service-endpoint-method-mapping>
            <java-method-name>updateTask</java-method-name>
            <wsdl-operation>updateTask</wsdl-operation>
            <wrapped-element/>
            <method-param-parts-mapping>
                <param-position>0</param-position>
                <param-type>long</param-type>
                <wsdl-message-mapping>
                    <wsdl-message xmlns:mppm="http://ejbs.otis.ibm.com">mppm:updateTaskRequest</wsdl-message>
                    <wsdl-message-part-name>arg_0_1</wsdl-message-part-name>
                    <parameter-mode>IN</parameter-mode>
                </wsdl-message-mapping>
            </method-param-parts-mapping>
            <method-param-parts-mapping>
                <param-position>1</param-position>
                <param-type>java.lang.String</param-type>
                <wsdl-message-mapping>
                    <wsdl-message xmlns:mppm="http://ejbs.otis.ibm.com">mppm:updateTaskRequest</wsdl-message>
                    <wsdl-message-part-name>arg_1_1</wsdl-message-part-name>
                    <parameter-mode>IN</parameter-mode>
                </wsdl-message-mapping>
            </method-param-parts-mapping>
            <method-param-parts-mapping>
                <param-position>2</param-position>
                <param-type>java.lang.String</param-type>
                <wsdl-message-mapping>
                    <wsdl-message xmlns:mppm="http://ejbs.otis.ibm.com">mppm:updateTaskRequest</wsdl-message>
                    <wsdl-message-part-name>arg_2_1</wsdl-message-part-name>
                    <parameter-mode>IN</parameter-mode>
                </wsdl-message-mapping>
            </method-param-parts-mapping>
            <method-param-parts-mapping>
                <param-position>3</param-position>
                <param-type>java.lang.String</param-type>
                <wsdl-message-mapping>
                    <wsdl-message xmlns:mppm="http://ejbs.otis.ibm.com">mppm:updateTaskRequest</wsdl-message>
                    <wsdl-message-part-name>arg_3_1</wsdl-message-part-name>
                    <parameter-mode>IN</parameter-mode>
                </wsdl-message-mapping>
            </method-param-parts-mapping>
            <method-param-parts-mapping>
                <param-position>4</param-position>
                <param-type>java.lang.String</param-type>
                <wsdl-message-mapping>
                    <wsdl-message xmlns:mppm="http://ejbs.otis.ibm.com">mppm:updateTaskRequest</wsdl-message>
                    <wsdl-message-part-name>arg_4_1</wsdl-message-part-name>
                    <parameter-mode>IN</parameter-mode>
                </wsdl-message-mapping>
            </method-param-parts-mapping>
            <method-param-parts-mapping>
                <param-position>5</param-position>
                <param-type>int</param-type>
                <wsdl-message-mapping>
                    <wsdl-message xmlns:mppm="http://ejbs.otis.ibm.com">mppm:updateTaskRequest</wsdl-message>
                    <wsdl-message-part-name>arg_5_1</wsdl-message-part-name>
                    <parameter-mode>IN</parameter-mode>
                </wsdl-message-mapping>
            </method-param-parts-mapping>
            <method-param-parts-mapping>
                <param-position>6</param-position>
                <param-type>int</param-type>
                <wsdl-message-mapping>
                    <wsdl-message xmlns:mppm="http://ejbs.otis.ibm.com">mppm:updateTaskRequest</wsdl-message>
                    <wsdl-message-part-name>arg_6_1</wsdl-message-part-name>
                    <parameter-mode>IN</parameter-mode>
                </wsdl-message-mapping>
            </method-param-parts-mapping>
            <method-param-parts-mapping>
                <param-position>7</param-position>
                <param-type>java.lang.String</param-type>
                <wsdl-message-mapping>
                    <wsdl-message xmlns:mppm="http://ejbs.otis.ibm.com">mppm:updateTaskRequest</wsdl-message>
                    <wsdl-message-part-name>arg_7_1</wsdl-message-part-name>
                    <parameter-mode>IN</parameter-mode>
                </wsdl-message-mapping>
            </method-param-parts-mapping>
            <method-param-parts-mapping>
                <param-position>8</param-position>
                <param-type>java.lang.String</param-type>
                <wsdl-message-mapping>
                    <wsdl-message xmlns:mppm="http://ejbs.otis.ibm.com">mppm:updateTaskRequest</wsdl-message>
                    <wsdl-message-part-name>arg_8_1</wsdl-message-part-name>
                    <parameter-mode>IN</parameter-mode>
                </wsdl-message-mapping>
            </method-param-parts-mapping>
            <wsdl-return-value-mapping>
                <method-return-value>void</method-return-value>
                <wsdl-message xmlns:wrvm="http://ejbs.otis.ibm.com">wrvm:updateTaskResponse</wsdl-message>
            </wsdl-return-value-mapping>
        </service-endpoint-method-mapping>
        <service-endpoint-method-mapping>
            <java-method-name>getTaskTargetDevices</java-method-name>
            <wsdl-operation>getTaskTargetDevices</wsdl-operation>
            <wrapped-element/>
            <method-param-parts-mapping>
                <param-position>0</param-position>
                <param-type>long</param-type>
                <wsdl-message-mapping>
                    <wsdl-message xmlns:mppm="http://ejbs.otis.ibm.com">mppm:getTaskTargetDevicesRequest</wsdl-message>
                    <wsdl-message-part-name>arg_0_4</wsdl-message-part-name>
                    <parameter-mode>IN</parameter-mode>
                </wsdl-message-mapping>
            </method-param-parts-mapping>
            <wsdl-return-value-mapping>
                <method-return-value>java.lang.String[]</method-return-value>
                <wsdl-message xmlns:wrvm="http://ejbs.otis.ibm.com">wrvm:getTaskTargetDevicesResponse</wsdl-message>
                <wsdl-message-part-name>getTaskTargetDevicesReturn</wsdl-message-part-name>
            </wsdl-return-value-mapping>
        </service-endpoint-method-mapping>
        <service-endpoint-method-mapping>
            <java-method-name>getDevicesByTaskStatus</java-method-name>
            <wsdl-operation>getDevicesByTaskStatus</wsdl-operation>
            <wrapped-element/>
            <method-param-parts-mapping>
                <param-position>0</param-position>
                <param-type>long</param-type>
                <wsdl-message-mapping>
                    <wsdl-message xmlns:mppm="http://ejbs.otis.ibm.com">mppm:getDevicesByTaskStatusRequest</wsdl-message>
                    <wsdl-message-part-name>arg_0_26</wsdl-message-part-name>
                    <parameter-mode>IN</parameter-mode>
                </wsdl-message-mapping>
            </method-param-parts-mapping>
            <method-param-parts-mapping>
                <param-position>1</param-position>
                <param-type>java.lang.String[]</param-type>
                <wsdl-message-mapping>
                    <wsdl-message xmlns:mppm="http://ejbs.otis.ibm.com">mppm:getDevicesByTaskStatusRequest</wsdl-message>
                    <wsdl-message-part-name>arg_1_26</wsdl-message-part-name>
                    <parameter-mode>IN</parameter-mode>
                </wsdl-message-mapping>
            </method-param-parts-mapping>
            <wsdl-return-value-mapping>
                <method-return-value>java.lang.String[]</method-return-value>
                <wsdl-message xmlns:wrvm="http://ejbs.otis.ibm.com">wrvm:getDevicesByTaskStatusResponse</wsdl-message>
                <wsdl-message-part-name>getDevicesByTaskStatusReturn</wsdl-message-part-name>
            </wsdl-return-value-mapping>
        </service-endpoint-method-mapping>
        <service-endpoint-method-mapping>
            <java-method-name>getMultipleTaskMessages</java-method-name>
            <wsdl-operation>getMultipleTaskMessages</wsdl-operation>
            <wrapped-element/>
            <method-param-parts-mapping>
                <param-position>0</param-position>
                <param-type>long</param-type>
                <wsdl-message-mapping>
                    <wsdl-message xmlns:mppm="http://ejbs.otis.ibm.com">mppm:getMultipleTaskMessagesRequest</wsdl-message>
                    <wsdl-message-part-name>arg_0_11</wsdl-message-part-name>
                    <parameter-mode>IN</parameter-mode>
                </wsdl-message-mapping>
            </method-param-parts-mapping>
            <method-param-parts-mapping>
                <param-position>1</param-position>
                <param-type>java.lang.String[]</param-type>
                <wsdl-message-mapping>
                    <wsdl-message xmlns:mppm="http://ejbs.otis.ibm.com">mppm:getMultipleTaskMessagesRequest</wsdl-message>
                    <wsdl-message-part-name>arg_1_11</wsdl-message-part-name>
                    <parameter-mode>IN</parameter-mode>
                </wsdl-message-mapping>
            </method-param-parts-mapping>
            <method-param-parts-mapping>
                <param-position>2</param-position>
                <param-type>long</param-type>
                <wsdl-message-mapping>
                    <wsdl-message xmlns:mppm="http://ejbs.otis.ibm.com">mppm:getMultipleTaskMessagesRequest</wsdl-message>
                    <wsdl-message-part-name>arg_2_11</wsdl-message-part-name>
                    <parameter-mode>IN</parameter-mode>
                </wsdl-message-mapping>
            </method-param-parts-mapping>
            <wsdl-return-value-mapping>
                <method-return-value>com.ibm.otis.api.TaskMessage[]</method-return-value>
                <wsdl-message xmlns:wrvm="http://ejbs.otis.ibm.com">wrvm:getMultipleTaskMessagesResponse</wsdl-message>
                <wsdl-message-part-name>getMultipleTaskMessagesReturn</wsdl-message-part-name>
            </wsdl-return-value-mapping>
        </service-endpoint-method-mapping>
        <service-endpoint-method-mapping>
            <java-method-name>deleteTaskMessageEntry</java-method-name>
            <wsdl-operation>deleteTaskMessageEntry</wsdl-operation>
            <wrapped-element/>
            <method-param-parts-mapping>
                <param-position>0</param-position>
                <param-type>long</param-type>
                <wsdl-message-mapping>
                    <wsdl-message xmlns:mppm="http://ejbs.otis.ibm.com">mppm:deleteTaskMessageEntryRequest</wsdl-message>
                    <wsdl-message-part-name>arg_0_20</wsdl-message-part-name>
                    <parameter-mode>IN</parameter-mode>
                </wsdl-message-mapping>
            </method-param-parts-mapping>
            <wsdl-return-value-mapping>
                <method-return-value>void</method-return-value>
                <wsdl-message xmlns:wrvm="http://ejbs.otis.ibm.com">wrvm:deleteTaskMessageEntryResponse</wsdl-message>
            </wsdl-return-value-mapping>
        </service-endpoint-method-mapping>
        <service-endpoint-method-mapping>
            <java-method-name>getAllTaskMessages</java-method-name>
            <wsdl-operation>getAllTaskMessages</wsdl-operation>
            <wrapped-element/>
            <method-param-parts-mapping>
                <param-position>0</param-position>
                <param-type>long</param-type>
                <wsdl-message-mapping>
                    <wsdl-message xmlns:mppm="http://ejbs.otis.ibm.com">mppm:getAllTaskMessagesRequest</wsdl-message>
                    <wsdl-message-part-name>arg_0_9</wsdl-message-part-name>
                    <parameter-mode>IN</parameter-mode>
                </wsdl-message-mapping>
            </method-param-parts-mapping>
            <method-param-parts-mapping>
                <param-position>1</param-position>
                <param-type>java.lang.String</param-type>
                <wsdl-message-mapping>
                    <wsdl-message xmlns:mppm="http://ejbs.otis.ibm.com">mppm:getAllTaskMessagesRequest</wsdl-message>
                    <wsdl-message-part-name>arg_1_9</wsdl-message-part-name>
                    <parameter-mode>IN</parameter-mode>
                </wsdl-message-mapping>
            </method-param-parts-mapping>
            <wsdl-return-value-mapping>
                <method-return-value>com.ibm.otis.api.TaskMessage[]</method-return-value>
                <wsdl-message xmlns:wrvm="http://ejbs.otis.ibm.com">wrvm:getAllTaskMessagesResponse</wsdl-message>
                <wsdl-message-part-name>getAllTaskMessagesReturn</wsdl-message-part-name>
            </wsdl-return-value-mapping>
        </service-endpoint-method-mapping>
        <service-endpoint-method-mapping>
            <java-method-name>deleteTaskMessageEntriesByTime</java-method-name>
            <wsdl-operation>deleteTaskMessageEntriesByTime</wsdl-operation>
            <wrapped-element/>
            <method-param-parts-mapping>
                <param-position>0</param-position>
                <param-type>long</param-type>
                <wsdl-message-mapping>
                    <wsdl-message xmlns:mppm="http://ejbs.otis.ibm.com">mppm:deleteTaskMessageEntriesByTimeRequest</wsdl-message>
                    <wsdl-message-part-name>arg_0_23</wsdl-message-part-name>
                    <parameter-mode>IN</parameter-mode>
                </wsdl-message-mapping>
            </method-param-parts-mapping>
            <method-param-parts-mapping>
                <param-position>1</param-position>
                <param-type>long</param-type>
                <wsdl-message-mapping>
                    <wsdl-message xmlns:mppm="http://ejbs.otis.ibm.com">mppm:deleteTaskMessageEntriesByTimeRequest</wsdl-message>
                    <wsdl-message-part-name>arg_1_23</wsdl-message-part-name>
                    <parameter-mode>IN</parameter-mode>
                </wsdl-message-mapping>
            </method-param-parts-mapping>
            <wsdl-return-value-mapping>
                <method-return-value>void</method-return-value>
                <wsdl-message xmlns:wrvm="http://ejbs.otis.ibm.com">wrvm:deleteTaskMessageEntriesByTimeResponse</wsdl-message>
            </wsdl-return-value-mapping>
        </service-endpoint-method-mapping>
        <service-endpoint-method-mapping>
            <java-method-name>updateTaskTargetDevices</java-method-name>
            <wsdl-operation>updateTaskTargetDevices</wsdl-operation>
            <wrapped-element/>
            <method-param-parts-mapping>
                <param-position>0</param-position>
                <param-type>long</param-type>
                <wsdl-message-mapping>
                    <wsdl-message xmlns:mppm="http://ejbs.otis.ibm.com">mppm:updateTaskTargetDevicesRequest</wsdl-message>
                    <wsdl-message-part-name>arg_0_2</wsdl-message-part-name>
                    <parameter-mode>IN</parameter-mode>
                </wsdl-message-mapping>
            </method-param-parts-mapping>
            <method-param-parts-mapping>
                <param-position>1</param-position>
                <param-type>java.lang.String[]</param-type>
                <wsdl-message-mapping>
                    <wsdl-message xmlns:mppm="http://ejbs.otis.ibm.com">mppm:updateTaskTargetDevicesRequest</wsdl-message>
                    <wsdl-message-part-name>arg_1_2</wsdl-message-part-name>
                    <parameter-mode>IN</parameter-mode>
                </wsdl-message-mapping>
            </method-param-parts-mapping>
            <method-param-parts-mapping>
                <param-position>2</param-position>
                <param-type>java.lang.String</param-type>
                <wsdl-message-mapping>
                    <wsdl-message xmlns:mppm="http://ejbs.otis.ibm.com">mppm:updateTaskTargetDevicesRequest</wsdl-message>
                    <wsdl-message-part-name>arg_2_2</wsdl-message-part-name>
                    <parameter-mode>IN</parameter-mode>
                </wsdl-message-mapping>
            </method-param-parts-mapping>
            <wsdl-return-value-mapping>
                <method-return-value>void</method-return-value>
                <wsdl-message xmlns:wrvm="http://ejbs.otis.ibm.com">wrvm:updateTaskTargetDevicesResponse</wsdl-message>
            </wsdl-return-value-mapping>
        </service-endpoint-method-mapping>
        <service-endpoint-method-mapping>
            <java-method-name>countTasks</java-method-name>
            <wsdl-operation>countTasks</wsdl-operation>
            <wrapped-element/>
            <method-param-parts-mapping>
                <param-position>0</param-position>
                <param-type>java.lang.String</param-type>
                <wsdl-message-mapping>
                    <wsdl-message xmlns:mppm="http://ejbs.otis.ibm.com">mppm:countTasksRequest</wsdl-message>
                    <wsdl-message-part-name>arg_0_38</wsdl-message-part-name>
                    <parameter-mode>IN</parameter-mode>
                </wsdl-message-mapping>
            </method-param-parts-mapping>
            <wsdl-return-value-mapping>
                <method-return-value>long</method-return-value>
                <wsdl-message xmlns:wrvm="http://ejbs.otis.ibm.com">wrvm:countTasksResponse</wsdl-message>
                <wsdl-message-part-name>countTasksReturn</wsdl-message-part-name>
            </wsdl-return-value-mapping>
        </service-endpoint-method-mapping>
        <service-endpoint-method-mapping>
            <java-method-name>getTasksByStatus</java-method-name>
            <wsdl-operation>getTasksByStatus</wsdl-operation>
            <wrapped-element/>
            <method-param-parts-mapping>
                <param-position>0</param-position>
                <param-type>java.lang.String</param-type>
                <wsdl-message-mapping>
                    <wsdl-message xmlns:mppm="http://ejbs.otis.ibm.com">mppm:getTasksByStatusRequest</wsdl-message>
                    <wsdl-message-part-name>arg_0_13</wsdl-message-part-name>
                    <parameter-mode>IN</parameter-mode>
                </wsdl-message-mapping>
            </method-param-parts-mapping>
            <method-param-parts-mapping>
                <param-position>1</param-position>
                <param-type>java.lang.String[]</param-type>
                <wsdl-message-mapping>
                    <wsdl-message xmlns:mppm="http://ejbs.otis.ibm.com">mppm:getTasksByStatusRequest</wsdl-message>
                    <wsdl-message-part-name>arg_1_13</wsdl-message-part-name>
                    <parameter-mode>IN</parameter-mode>
                </wsdl-message-mapping>
            </method-param-parts-mapping>
            <method-param-parts-mapping>
                <param-position>2</param-position>
                <param-type>long</param-type>
                <wsdl-message-mapping>
                    <wsdl-message xmlns:mppm="http://ejbs.otis.ibm.com">mppm:getTasksByStatusRequest</wsdl-message>
                    <wsdl-message-part-name>arg_2_13</wsdl-message-part-name>
                    <parameter-mode>IN</parameter-mode>
                </wsdl-message-mapping>
            </method-param-parts-mapping>
            <wsdl-return-value-mapping>
                <method-return-value>com.ibm.otis.api.Task[]</method-return-value>
                <wsdl-message xmlns:wrvm="http://ejbs.otis.ibm.com">wrvm:getTasksByStatusResponse</wsdl-message>
                <wsdl-message-part-name>getTasksByStatusReturn</wsdl-message-part-name>
            </wsdl-return-value-mapping>
        </service-endpoint-method-mapping>
        <service-endpoint-method-mapping>
            <java-method-name>suspendTask</java-method-name>
            <wsdl-operation>suspendTask</wsdl-operation>
            <wrapped-element/>
            <method-param-parts-mapping>
                <param-position>0</param-position>
                <param-type>long</param-type>
                <wsdl-message-mapping>
                    <wsdl-message xmlns:mppm="http://ejbs.otis.ibm.com">mppm:suspendTaskRequest</wsdl-message>
                    <wsdl-message-part-name>arg_0_24</wsdl-message-part-name>
                    <parameter-mode>IN</parameter-mode>
                </wsdl-message-mapping>
            </method-param-parts-mapping>
            <wsdl-return-value-mapping>
                <method-return-value>void</method-return-value>
                <wsdl-message xmlns:wrvm="http://ejbs.otis.ibm.com">wrvm:suspendTaskResponse</wsdl-message>
            </wsdl-return-value-mapping>
        </service-endpoint-method-mapping>
        <service-endpoint-method-mapping>
            <java-method-name>deleteAllTaskMessageEntries</java-method-name>
            <wsdl-operation>deleteAllTaskMessageEntries</wsdl-operation>
            <wrapped-element/>
            <method-param-parts-mapping>
                <param-position>0</param-position>
                <param-type>long</param-type>
                <wsdl-message-mapping>
                    <wsdl-message xmlns:mppm="http://ejbs.otis.ibm.com">mppm:deleteAllTaskMessageEntriesRequest</wsdl-message>
                    <wsdl-message-part-name>arg_0_19</wsdl-message-part-name>
                    <parameter-mode>IN</parameter-mode>
                </wsdl-message-mapping>
            </method-param-parts-mapping>
            <wsdl-return-value-mapping>
                <method-return-value>void</method-return-value>
                <wsdl-message xmlns:wrvm="http://ejbs.otis.ibm.com">wrvm:deleteAllTaskMessageEntriesResponse</wsdl-message>
            </wsdl-return-value-mapping>
        </service-endpoint-method-mapping>
        <service-endpoint-method-mapping>
            <java-method-name>deleteTaskResultEntry</java-method-name>
            <wsdl-operation>deleteTaskResultEntry</wsdl-operation>
            <wrapped-element/>
            <method-param-parts-mapping>
                <param-position>0</param-position>
                <param-type>long</param-type>
                <wsdl-message-mapping>
                    <wsdl-message xmlns:mppm="http://ejbs.otis.ibm.com">mppm:deleteTaskResultEntryRequest</wsdl-message>
                    <wsdl-message-part-name>arg_0_16</wsdl-message-part-name>
                    <parameter-mode>IN</parameter-mode>
                </wsdl-message-mapping>
            </method-param-parts-mapping>
            <wsdl-return-value-mapping>
                <method-return-value>void</method-return-value>
                <wsdl-message xmlns:wrvm="http://ejbs.otis.ibm.com">wrvm:deleteTaskResultEntryResponse</wsdl-message>
            </wsdl-return-value-mapping>
        </service-endpoint-method-mapping>
        <service-endpoint-method-mapping>
            <java-method-name>getAllTaskResults</java-method-name>
            <wsdl-operation>getAllTaskResults</wsdl-operation>
            <wrapped-element/>
            <method-param-parts-mapping>
                <param-position>0</param-position>
                <param-type>long</param-type>
                <wsdl-message-mapping>
                    <wsdl-message xmlns:mppm="http://ejbs.otis.ibm.com">mppm:getAllTaskResultsRequest</wsdl-message>
                    <wsdl-message-part-name>arg_0_8</wsdl-message-part-name>
                    <parameter-mode>IN</parameter-mode>
                </wsdl-message-mapping>
            </method-param-parts-mapping>
            <method-param-parts-mapping>
                <param-position>1</param-position>
                <param-type>java.lang.String</param-type>
                <wsdl-message-mapping>
                    <wsdl-message xmlns:mppm="http://ejbs.otis.ibm.com">mppm:getAllTaskResultsRequest</wsdl-message>
                    <wsdl-message-part-name>arg_1_8</wsdl-message-part-name>
                    <parameter-mode>IN</parameter-mode>
                </wsdl-message-mapping>
            </method-param-parts-mapping>
            <wsdl-return-value-mapping>
                <method-return-value>com.ibm.otis.api.TaskResult[]</method-return-value>
                <wsdl-message xmlns:wrvm="http://ejbs.otis.ibm.com">wrvm:getAllTaskResultsResponse</wsdl-message>
                <wsdl-message-part-name>getAllTaskResultsReturn</wsdl-message-part-name>
            </wsdl-return-value-mapping>
        </service-endpoint-method-mapping>
        <service-endpoint-method-mapping>
            <java-method-name>getTaskMessages</java-method-name>
            <wsdl-operation>getTaskMessages</wsdl-operation>
            <wrapped-element/>
            <method-param-parts-mapping>
                <param-position>0</param-position>
                <param-type>long</param-type>
                <wsdl-message-mapping>
                    <wsdl-message xmlns:mppm="http://ejbs.otis.ibm.com">mppm:getTaskMessagesRequest</wsdl-message>
                    <wsdl-message-part-name>arg_0_33</wsdl-message-part-name>
                    <parameter-mode>IN</parameter-mode>
                </wsdl-message-mapping>
            </method-param-parts-mapping>
            <method-param-parts-mapping>
                <param-position>1</param-position>
                <param-type>java.lang.String</param-type>
                <wsdl-message-mapping>
                    <wsdl-message xmlns:mppm="http://ejbs.otis.ibm.com">mppm:getTaskMessagesRequest</wsdl-message>
                    <wsdl-message-part-name>arg_1_33</wsdl-message-part-name>
                    <parameter-mode>IN</parameter-mode>
                </wsdl-message-mapping>
            </method-param-parts-mapping>
            <method-param-parts-mapping>
                <param-position>2</param-position>
                <param-type>long</param-type>
                <wsdl-message-mapping>
                    <wsdl-message xmlns:mppm="http://ejbs.otis.ibm.com">mppm:getTaskMessagesRequest</wsdl-message>
                    <wsdl-message-part-name>arg_2_33</wsdl-message-part-name>
                    <parameter-mode>IN</parameter-mode>
                </wsdl-message-mapping>
            </method-param-parts-mapping>
            <method-param-parts-mapping>
                <param-position>3</param-position>
                <param-type>long</param-type>
                <wsdl-message-mapping>
                    <wsdl-message xmlns:mppm="http://ejbs.otis.ibm.com">mppm:getTaskMessagesRequest</wsdl-message>
                    <wsdl-message-part-name>arg_3_33</wsdl-message-part-name>
                    <parameter-mode>IN</parameter-mode>
                </wsdl-message-mapping>
            </method-param-parts-mapping>
            <method-param-parts-mapping>
                <param-position>4</param-position>
                <param-type>long</param-type>
                <wsdl-message-mapping>
                    <wsdl-message xmlns:mppm="http://ejbs.otis.ibm.com">mppm:getTaskMessagesRequest</wsdl-message>
                    <wsdl-message-part-name>arg_4_33</wsdl-message-part-name>
                    <parameter-mode>IN</parameter-mode>
                </wsdl-message-mapping>
            </method-param-parts-mapping>
            <method-param-parts-mapping>
                <param-position>5</param-position>
                <param-type>boolean</param-type>
                <wsdl-message-mapping>
                    <wsdl-message xmlns:mppm="http://ejbs.otis.ibm.com">mppm:getTaskMessagesRequest</wsdl-message>
                    <wsdl-message-part-name>arg_5_33</wsdl-message-part-name>
                    <parameter-mode>IN</parameter-mode>
                </wsdl-message-mapping>
            </method-param-parts-mapping>
            <wsdl-return-value-mapping>
                <method-return-value>com.ibm.otis.api.TaskMessage[]</method-return-value>
                <wsdl-message xmlns:wrvm="http://ejbs.otis.ibm.com">wrvm:getTaskMessagesResponse</wsdl-message>
                <wsdl-message-part-name>getTaskMessagesReturn</wsdl-message-part-name>
            </wsdl-return-value-mapping>
        </service-endpoint-method-mapping>
        <service-endpoint-method-mapping>
            <java-method-name>deleteTaskResultEntriesByTime</java-method-name>
            <wsdl-operation>deleteTaskResultEntriesByTime</wsdl-operation>
            <wrapped-element/>
            <method-param-parts-mapping>
                <param-position>0</param-position>
                <param-type>long</param-type>
                <wsdl-message-mapping>
                    <wsdl-message xmlns:mppm="http://ejbs.otis.ibm.com">mppm:deleteTaskResultEntriesByTimeRequest</wsdl-message>
                    <wsdl-message-part-name>arg_0_18</wsdl-message-part-name>
                    <parameter-mode>IN</parameter-mode>
                </wsdl-message-mapping>
            </method-param-parts-mapping>
            <method-param-parts-mapping>
                <param-position>1</param-position>
                <param-type>long</param-type>
                <wsdl-message-mapping>
                    <wsdl-message xmlns:mppm="http://ejbs.otis.ibm.com">mppm:deleteTaskResultEntriesByTimeRequest</wsdl-message>
                    <wsdl-message-part-name>arg_1_18</wsdl-message-part-name>
                    <parameter-mode>IN</parameter-mode>
                </wsdl-message-mapping>
            </method-param-parts-mapping>
            <wsdl-return-value-mapping>
                <method-return-value>void</method-return-value>
                <wsdl-message xmlns:wrvm="http://ejbs.otis.ibm.com">wrvm:deleteTaskResultEntriesByTimeResponse</wsdl-message>
            </wsdl-return-value-mapping>
        </service-endpoint-method-mapping>
        <service-endpoint-method-mapping>
            <java-method-name>countTasksByStatus</java-method-name>
            <wsdl-operation>countTasksByStatus</wsdl-operation>
            <wrapped-element/>
            <method-param-parts-mapping>
                <param-position>0</param-position>
                <param-type>java.lang.String</param-type>
                <wsdl-message-mapping>
                    <wsdl-message xmlns:mppm="http://ejbs.otis.ibm.com">mppm:countTasksByStatusRequest</wsdl-message>
                    <wsdl-message-part-name>arg_0_37</wsdl-message-part-name>
                    <parameter-mode>IN</parameter-mode>
                </wsdl-message-mapping>
            </method-param-parts-mapping>
            <method-param-parts-mapping>
                <param-position>1</param-position>
                <param-type>java.lang.String[]</param-type>
                <wsdl-message-mapping>
                    <wsdl-message xmlns:mppm="http://ejbs.otis.ibm.com">mppm:countTasksByStatusRequest</wsdl-message>
                    <wsdl-message-part-name>arg_1_37</wsdl-message-part-name>
                    <parameter-mode>IN</parameter-mode>
                </wsdl-message-mapping>
            </method-param-parts-mapping>
            <wsdl-return-value-mapping>
                <method-return-value>long</method-return-value>
                <wsdl-message xmlns:wrvm="http://ejbs.otis.ibm.com">wrvm:countTasksByStatusResponse</wsdl-message>
                <wsdl-message-part-name>countTasksByStatusReturn</wsdl-message-part-name>
            </wsdl-return-value-mapping>
        </service-endpoint-method-mapping>
        <service-endpoint-method-mapping>
            <java-method-name>getTaskSummary</java-method-name>
            <wsdl-operation>getTaskSummary</wsdl-operation>
            <wrapped-element/>
            <method-param-parts-mapping>
                <param-position>0</param-position>
                <param-type>long</param-type>
                <wsdl-message-mapping>
                    <wsdl-message xmlns:mppm="http://ejbs.otis.ibm.com">mppm:getTaskSummaryRequest</wsdl-message>
                    <wsdl-message-part-name>arg_0_12</wsdl-message-part-name>
                    <parameter-mode>IN</parameter-mode>
                </wsdl-message-mapping>
            </method-param-parts-mapping>
            <wsdl-return-value-mapping>
                <method-return-value>com.ibm.otis.api.TaskSummary</method-return-value>
                <wsdl-message xmlns:wrvm="http://ejbs.otis.ibm.com">wrvm:getTaskSummaryResponse</wsdl-message>
                <wsdl-message-part-name>getTaskSummaryReturn</wsdl-message-part-name>
            </wsdl-return-value-mapping>
        </service-endpoint-method-mapping>
        <service-endpoint-method-mapping>
            <java-method-name>getActiveDevicesForTask</java-method-name>
            <wsdl-operation>getActiveDevicesForTask</wsdl-operation>
            <wrapped-element/>
            <method-param-parts-mapping>
                <param-position>0</param-position>
                <param-type>long</param-type>
                <wsdl-message-mapping>
                    <wsdl-message xmlns:mppm="http://ejbs.otis.ibm.com">mppm:getActiveDevicesForTaskRequest</wsdl-message>
                    <wsdl-message-part-name>arg_0_29</wsdl-message-part-name>
                    <parameter-mode>IN</parameter-mode>
                </wsdl-message-mapping>
            </method-param-parts-mapping>
            <method-param-parts-mapping>
                <param-position>1</param-position>
                <param-type>long</param-type>
                <wsdl-message-mapping>
                    <wsdl-message xmlns:mppm="http://ejbs.otis.ibm.com">mppm:getActiveDevicesForTaskRequest</wsdl-message>
                    <wsdl-message-part-name>arg_1_29</wsdl-message-part-name>
                    <parameter-mode>IN</parameter-mode>
                </wsdl-message-mapping>
            </method-param-parts-mapping>
            <method-param-parts-mapping>
                <param-position>2</param-position>
                <param-type>java.lang.String</param-type>
                <wsdl-message-mapping>
                    <wsdl-message xmlns:mppm="http://ejbs.otis.ibm.com">mppm:getActiveDevicesForTaskRequest</wsdl-message>
                    <wsdl-message-part-name>arg_2_29</wsdl-message-part-name>
                    <parameter-mode>IN</parameter-mode>
                </wsdl-message-mapping>
            </method-param-parts-mapping>
            <wsdl-return-value-mapping>
                <method-return-value>java.lang.String[]</method-return-value>
                <wsdl-message xmlns:wrvm="http://ejbs.otis.ibm.com">wrvm:getActiveDevicesForTaskResponse</wsdl-message>
                <wsdl-message-part-name>getActiveDevicesForTaskReturn</wsdl-message-part-name>
            </wsdl-return-value-mapping>
        </service-endpoint-method-mapping>
        <service-endpoint-method-mapping>
            <java-method-name>deleteTaskStatusEntries</java-method-name>
            <wsdl-operation>deleteTaskStatusEntries</wsdl-operation>
            <wrapped-element/>
            <method-param-parts-mapping>
                <param-position>0</param-position>
                <param-type>long</param-type>
                <wsdl-message-mapping>
                    <wsdl-message xmlns:mppm="http://ejbs.otis.ibm.com">mppm:deleteTaskStatusEntriesRequest</wsdl-message>
                    <wsdl-message-part-name>arg_0_22</wsdl-message-part-name>
                    <parameter-mode>IN</parameter-mode>
                </wsdl-message-mapping>
            </method-param-parts-mapping>
            <method-param-parts-mapping>
                <param-position>1</param-position>
                <param-type>java.lang.String[]</param-type>
                <wsdl-message-mapping>
                    <wsdl-message xmlns:mppm="http://ejbs.otis.ibm.com">mppm:deleteTaskStatusEntriesRequest</wsdl-message>
                    <wsdl-message-part-name>arg_1_22</wsdl-message-part-name>
                    <parameter-mode>IN</parameter-mode>
                </wsdl-message-mapping>
            </method-param-parts-mapping>
            <wsdl-return-value-mapping>
                <method-return-value>void</method-return-value>
                <wsdl-message xmlns:wrvm="http://ejbs.otis.ibm.com">wrvm:deleteTaskStatusEntriesResponse</wsdl-message>
            </wsdl-return-value-mapping>
        </service-endpoint-method-mapping>
    </service-endpoint-interface-mapping>
</java-wsdl-mapping>
