<?xml version="1.0" encoding="UTF-8"?>
<securityBindings xmlns="http://www.ibm.com/xmlns/prod/websphere/200710/ws-securitybinding">
<securityBinding name="application">

  <securityOutboundBindingConfig>
    
    <signingInfo order="1" name="asymmetric-signingInfoRequest">
      <signingPartReference>
        <transform  algorithm="http://www.w3.org/2001/10/xml-exc-c14n#" />
      </signingPartReference>
      <signingKeyInfo reference="gen_signkeyinfo" />
    </signingInfo>
    <keyInfo type="STRREF" name="gen_signkeyinfo" classname="com.ibm.ws.wssecurity.wssapi.CommonContentGenerator">
      <tokenReference reference="gen_signx509token" />
    </keyInfo>
    

    <!-- Default Binding for Kerberos V5 Token -->
    <tokenGenerator classname="com.ibm.ws.wssecurity.wssapi.token.impl.CommonTokenGenerator" name="gen_krb5token">
      <valueType uri="" localName="http://docs.oasis-open.org/wss/oasis-wss-kerberos-token-profile-1.1#GSS_Kerberosv5_AP_REQ"/>
      <callbackHandler classname="com.ibm.websphere.wssecurity.callbackhandler.KRBTokenGenerateCallbackHandler">
      </callbackHandler>
      <jAASConfig configName="system.wss.generate.KRB5BST"/>
      <properties value="Type in target service name" name="com.ibm.wsspi.wssecurity.krbtoken.targetServiceName"/>
      <properties value="Type in target host name" name="com.ibm.wsspi.wssecurity.krbtoken.targetServiceHost"/>
    </tokenGenerator>    
    <!-- Default Binding for WS-SecureConversation Token -->
    <tokenGenerator name="gen_scttoken" classname="com.ibm.ws.wssecurity.wssapi.token.impl.CommonTokenGenerator">
      <valueType localName="http://docs.oasis-open.org/ws-sx/ws-secureconversation/200512/sct" uri="" />
      <callbackHandler classname="com.ibm.ws.wssecurity.impl.auth.callback.WSTrustCallbackHandler"/>
      <jAASConfig configName="system.wss.generate.sct"/>
    </tokenGenerator>

    <!-- Default Binding for X509Token -->
    <tokenGenerator name="gen_signx509token" classname="com.ibm.ws.wssecurity.wssapi.token.impl.CommonTokenGenerator">
      <valueType localName="http://docs.oasis-open.org/wss/2004/01/oasis-200401-wss-x509-token-profile-1.0#X509v3" uri="" />
      <callbackHandler classname="com.ibm.websphere.wssecurity.callbackhandler.X509GenerateCallbackHandler">
          <key alias="soaprequester" keypass="{xor}PDM2OjEr" name="CN=SOAPRequester, OU=TRL, O=IBM, ST=Kanagawa, C=JP"/>
          <keyStore storepass="{xor}PDM2OjEr" path="${USER_INSTALL_ROOT}/etc/ws-security/samples/dsig-sender.ks" type="JKS"/>
      </callbackHandler>
      <jAASConfig configName="system.wss.generate.x509"/>
    </tokenGenerator>
    <!-- Default Binding for UsernameToken -->
    <tokenGenerator name="gen_signunametoken" classname="com.ibm.ws.wssecurity.wssapi.token.impl.CommonTokenGenerator">
      <valueType localName="http://docs.oasis-open.org/wss/2004/01/oasis-200401-wss-username-token-profile-1.0#UsernameToken" uri="" />
      <callbackHandler classname="com.ibm.websphere.wssecurity.callbackhandler.UNTGenerateCallbackHandler">
        <properties name="com.ibm.wsspi.wssecurity.token.username.addNonce" value="true"/>
        <properties name="com.ibm.wsspi.wssecurity.token.username.addTimestamp" value="true"/>
      </callbackHandler>
      <jAASConfig configName="system.wss.generate.unt"/>
    </tokenGenerator>
    <!-- Default Binding for LTPAToken -->
    <tokenGenerator name="gen_signltpatoken" classname="com.ibm.ws.wssecurity.wssapi.token.impl.CommonTokenGenerator">
      <valueType localName="LTPAv2" uri="http://www.ibm.com/websphere/appserver/tokentype" />
      <callbackHandler classname="com.ibm.websphere.wssecurity.callbackhandler.LTPAGenerateCallbackHandler">
      </callbackHandler>
      <jAASConfig configName="system.wss.generate.ltpa"/>
    </tokenGenerator>
    <!-- Default Binding for LTPA_PropogationToken -->
    <tokenGenerator name="gen_signltpaproptoken" classname="com.ibm.ws.wssecurity.wssapi.token.impl.CommonTokenGenerator">
      <valueType localName="LTPA_PROPAGATION" uri="http://www.ibm.com/websphere/appserver/tokentype" />
      <callbackHandler classname="com.ibm.websphere.wssecurity.callbackhandler.LTPAGenerateCallbackHandler">
      </callbackHandler>
      <jAASConfig configName="system.wss.generate.ltpaProp"/>
    </tokenGenerator>

    <signingInfo order="2" name="symmetric-signingInfoRequest">
      <signingPartReference>
        <transform  algorithm="http://www.w3.org/2001/10/xml-exc-c14n#" />
      </signingPartReference>
      <signingKeyInfo reference="gen_reqSCTsignkeyinfo" />
    </signingInfo>
    <keyInfo type="STRREF" name="gen_reqSCTsignkeyinfo" classname="com.ibm.ws.wssecurity.wssapi.CommonContentGenerator">
      <tokenReference reference="gen_scttoken" />
          <derivedKeyInfo>
              <requireDerivedKeys/>
              <requireExplicitDerivedKeys/>
          </derivedKeyInfo>
    </keyInfo>
    <encryptionInfo order="4" name="asymmetric-encryptionInfoRequest">
      <keyEncryptionKeyInfo reference="gen_enckeyinfo" />
      <encryptionPartReference/>
    </encryptionInfo>
    <keyInfo type="KEYID" name="gen_enckeyinfo" classname="com.ibm.ws.wssecurity.wssapi.CommonContentGenerator">
      <tokenReference reference="gen_encx509token" />
    </keyInfo>
    <tokenGenerator name="gen_encx509token" classname="com.ibm.ws.wssecurity.wssapi.token.impl.CommonTokenGenerator">
       <valueType localName="http://docs.oasis-open.org/wss/2004/01/oasis-200401-wss-x509-token-profile-1.0#X509v3" uri="" />
       <callbackHandler classname="com.ibm.websphere.wssecurity.callbackhandler.X509GenerateCallbackHandler">
          <key alias="bob" keypass="{xor}" name="CN=Bob, O=IBM, C=US"/>
          <keyStore storepass="{xor}LCswLTovPiws" path="${USER_INSTALL_ROOT}/etc/ws-security/samples/enc-sender.jceks" type="JCEKS"/>
      </callbackHandler>
      <jAASConfig configName="system.wss.generate.x509"/>
    </tokenGenerator>

    <encryptionInfo order="5" name="symmetric-encryptionInfoRequest">
    <encryptionPartReference>
      <dataEncryptionKeyInfo reference="gen_reqSCTenckeyinfo" />
    </encryptionPartReference>     
    </encryptionInfo>
    <keyInfo type="STRREF" name="gen_reqSCTenckeyinfo" classname="com.ibm.ws.wssecurity.wssapi.CommonContentGenerator">
      <tokenReference reference="gen_scttoken" /> 
          <derivedKeyInfo>
              <requireDerivedKeys/>
              <requireExplicitDerivedKeys/>
          </derivedKeyInfo>
    </keyInfo>

      <signingInfo order="3" name="symmetric-KrbsignInfoRequest">
        <signingPartReference>
          <transform algorithm="http://www.w3.org/2001/10/xml-exc-c14n#" />
        </signingPartReference>
        <signingKeyInfo reference="gen_reqKRBsignkeyinfo" />
      </signingInfo>
      
      <encryptionInfo order="6" name="symmetric-KrbEncInfoRequest">
          <encryptionPartReference>  
              <dataEncryptionKeyInfo reference="gen_reqKRBenckeyinfo"/>   
          </encryptionPartReference>
      </encryptionInfo>

      <keyInfo type="STRREF" name="gen_reqKRBsignkeyinfo" classname="com.ibm.ws.wssecurity.wssapi.CommonContentGenerator">
         <tokenReference reference="gen_krb5token"/> 
         <!-- To protect message with session key, comment out the DerivedKeyInfo -->
         <derivedKeyInfo>
              <requireDerivedKeys/>
              <requireExplicitDerivedKeys/>
         </derivedKeyInfo>
      </keyInfo>
      <keyInfo type="STRREF" name="gen_reqKRBenckeyinfo" classname="com.ibm.ws.wssecurity.wssapi.CommonContentGenerator">
         <tokenReference reference="gen_krb5token"/>    
         <!-- To protect message with session key, comment out the DerivedKeyInfo -->
         <derivedKeyInfo>
              <requireDerivedKeys/>
              <requireExplicitDerivedKeys/>
         </derivedKeyInfo>
      </keyInfo>

  </securityOutboundBindingConfig>

  <securityInboundBindingConfig> 
    
    <encryptionInfo name="asymmetric-encryptionInfoResponse">
      <keyEncryptionKeyInfo reference="dec_keyinfo" />
      <encryptionPartReference/>
    </encryptionInfo>
    <keyInfo name="dec_keyinfo" classname="com.ibm.ws.wssecurity.wssapi.CommonContentConsumer">
      <tokenReference reference="con_encx509token" />
    </keyInfo>
    <tokenConsumer classname="com.ibm.ws.wssecurity.wssapi.token.impl.CommonTokenConsumer" name="con_encx509token">
      <valueType localName="http://docs.oasis-open.org/wss/2004/01/oasis-200401-wss-x509-token-profile-1.0#X509v3" uri="" />
      <callbackHandler classname="com.ibm.websphere.wssecurity.callbackhandler.X509ConsumeCallbackHandler">
          <key alias="alice" keypass="{xor}NDomLz4sLA==" name="CN=Alice, O=IBM, C=US"/>
          <keyStore storepass="{xor}LCswLTovPiws" path="${USER_INSTALL_ROOT}/etc/ws-security/samples/enc-sender.jceks" type="JCEKS"/>
        <certPathSettings>
          <trustAnyCertificate/>
        </certPathSettings>
      </callbackHandler>
      <jAASConfig configName="system.wss.consume.x509"/>
    </tokenConsumer>
    
    <!-- WS-SecureConverstion Token -->
    <encryptionInfo name="symmetric-encryptionInfoResponse">
    <encryptionPartReference>
      <dataEncryptionKeyInfo reference="con_respSCTenckeyinfo" />
    </encryptionPartReference>     
    </encryptionInfo>
    <keyInfo name="con_respSCTenckeyinfo" classname="com.ibm.ws.wssecurity.wssapi.CommonContentConsumer">
      <tokenReference reference="con_scttoken" /> 
      <derivedKeyInfo>
          <requireDerivedKeys/>
          <requireExplicitDerivedKeys/>
      </derivedKeyInfo>
    </keyInfo>

    
    <signingInfo name="asymmetric-signingInfoResponse">
      <signingPartReference>
        <transform  algorithm="http://www.w3.org/2001/10/xml-exc-c14n#" />
      </signingPartReference>
      <signingKeyInfo reference="con_signkeyinfo" />
    </signingInfo>
    <keyInfo name="con_signkeyinfo" classname="com.ibm.ws.wssecurity.wssapi.CommonContentConsumer">
      <tokenReference reference="con_signx509token" />
    </keyInfo>
    <tokenConsumer classname="com.ibm.ws.wssecurity.wssapi.token.impl.CommonTokenConsumer" name="con_signx509token">
       <valueType localName="http://docs.oasis-open.org/wss/2004/01/oasis-200401-wss-x509-token-profile-1.0#X509v3" uri="" />
        <callbackHandler classname="com.ibm.websphere.wssecurity.callbackhandler.X509ConsumeCallbackHandler">
          <certPathSettings>
            <trustAnchorRef reference="DigSigTrustAnchor"/>
            <certStoreRef reference="DigSigCertStore"/>
          </certPathSettings>
        </callbackHandler>
        <jAASConfig configName="system.wss.consume.x509"/>
    </tokenConsumer>
    <trustAnchor name="DigSigTrustAnchor">
       <keyStore storepass="{xor}PDM2OjEr" path="${USER_INSTALL_ROOT}/etc/ws-security/samples/dsig-sender.ks" type="JKS"/>
    </trustAnchor>
    <certStoreList>
        <collectionCertStores provider="IBMCertPath" name="DigSigCertStore">
          <x509Certificates path="${USER_INSTALL_ROOT}/etc/ws-security/samples/intca2.cer"/>
        </collectionCertStores>
    </certStoreList>

    <signingInfo name="symmetric-signingInfoResponse">
      <signingPartReference>
        <transform  algorithm="http://www.w3.org/2001/10/xml-exc-c14n#" />
      </signingPartReference>
      <signingKeyInfo reference="con_respSCTsignkeyinfo" />
    </signingInfo>
    <keyInfo name="con_respSCTsignkeyinfo" classname="com.ibm.ws.wssecurity.wssapi.CommonContentConsumer">
      <tokenReference reference="con_scttoken" />
      <derivedKeyInfo>
          <requireDerivedKeys/>
          <requireExplicitDerivedKeys/>
      </derivedKeyInfo>
    </keyInfo>
    
    <tokenConsumer classname="com.ibm.ws.wssecurity.wssapi.token.impl.CommonTokenConsumer" name="con_scttoken">
      <valueType localName="http://docs.oasis-open.org/ws-sx/ws-secureconversation/200512/sct" uri="" />
      <callbackHandler classname="com.ibm.ws.wssecurity.impl.auth.callback.SCTConsumeCallbackHandler">
      </callbackHandler>
     <jAASConfig configName="system.wss.consume.sct"/>
    </tokenConsumer>
    
    
    <!-- Kerberos V5 Token-->  
      <signingInfo name="symmetric-KrbsignInfoResponse">
        <signingPartReference>
          <transform algorithm="http://www.w3.org/2001/10/xml-exc-c14n#" />
        </signingPartReference>
        <signingKeyInfo reference="con_respKRBsignkeyinfo" />
      </signingInfo>
      <encryptionInfo name="symmetric-KrnEncInfoResponse">
          <encryptionPartReference>
              <dataEncryptionKeyInfo reference="con_respKRBenckeyinfo"/>
          </encryptionPartReference>
      </encryptionInfo>  
      <keyInfo name="con_respKRBsignkeyinfo" classname="com.ibm.ws.wssecurity.wssapi.CommonContentConsumer">
        <tokenReference reference="con_krb5token" />
          <derivedKeyInfo>
              <requireDerivedKeys/>
              <requireExplicitDerivedKeys/>
          </derivedKeyInfo>  
      </keyInfo>             
      <keyInfo name="con_respKRBenckeyinfo" classname="com.ibm.ws.wssecurity.wssapi.CommonContentConsumer">
        <tokenReference reference="con_krb5token" />  
          <derivedKeyInfo>
              <requireDerivedKeys/>
              <requireExplicitDerivedKeys/>
          </derivedKeyInfo>
      </keyInfo>

      <tokenConsumer name="con_krb5token" classname="com.ibm.ws.wssecurity.wssapi.token.impl.CommonTokenConsumer">
        <valueType localName="http://docs.oasis-open.org/wss/oasis-wss-kerberos-token-profile-1.1#GSS_Kerberosv5_AP_REQ" uri=""/>
        <callbackHandler classname="com.ibm.websphere.wssecurity.callbackhandler.KRBTokenConsumeCallbackHandler"/>
        <jAASConfig configName="system.wss.consume.KRB5BST"/>
     </tokenConsumer>
  </securityInboundBindingConfig>

 </securityBinding>
</securityBindings>
