<?xml version='1.0' encoding='utf-8'?>

<!-- WorkSpace Meta Data for DataPower multibox management -->

<metadata>

	<metadata-name>DPManager</metadata-name>


	<contexts>

	        <context>
                        <context-name>cells</context-name>
			<child-document-names> 
			        <child-document-name>DPManager Settings</child-document-name> 

			</child-document-names>
		</context>

	</contexts>

	<documents>

	   <document>
         <document-name>DPManager Settings</document-name>
         <file-pattern>DPManager.xml</file-pattern>
         <root-refobject-types>
           <root-refobject-type>DPManager</root-refobject-type>
         </root-refobject-types>
       </document>


    </documents>

  <validators>
     <!-- no validators for now -->
  </validators>

</metadata>
