<?xml version='1.0' encoding='utf-8'?>
<metadata>
   <metadata-name>WAS_XD</metadata-name>
    <root-context-type></root-context-type>
    <contexts>
       <context>
         <context-name>cells</context-name>
         <root-document-type>Cell</root-document-type>
         <child-document-names>
               <child-document-name>HealthController</child-document-name>
               <child-document-name>EmailNotifications</child-document-name>
               <child-document-name>APCService</child-document-name>
               <child-document-name>AutonomicRequestFlowManager</child-document-name>
   	           <child-document-name>CentralizedInstallManager</child-document-name>	
	           <child-document-name>VisualizationDataService</child-document-name>
         </child-document-names>
         <child-context-names>
            <child-context-name>nodegroups</child-context-name>
            <child-context-name>healthclasses</child-context-name>
            <child-context-name>serviceclasses</child-context-name>
            <child-context-name>repository</child-context-name>
            <child-context-name>xd</child-context-name>
	    	<child-context-name>middlewareapps</child-context-name>
	    	<child-context-name>middlewaredescriptors</child-context-name>
	    	<child-context-name>dynamicclusters</child-context-name>
	    	<child-context-name>customprocessdefs</child-context-name>
			<child-context-name>elasticity</child-context-name>
			<child-context-name>elasticityclasses</child-context-name>
	    	<child-context-name>preferences</child-context-name>
    	 </child-context-names>
       </context>

       <context>
	       <context-name>preferences</context-name>
	       <root-document-type>Preferences</root-document-type>
	       <child-document-names>
		       <child-document-name>Preferences</child-document-name>
	       </child-document-names>
       </context>
       
       
       <context>
          <context-name>clusters</context-name>
	  <child-context-name>rules</child-context-name>
	  <child-context-name>ruleset</child-context-name>
	  <child-context-name>preferences</child-context-name>
       </context>
	   <context>
          <context-name>customprocessdefs</context-name>
          <root-document-type>CustomProcessDefs</root-document-type>
          <child-document-names>
             <child-document-name>CustomProcessDefs</child-document-name>
          </child-document-names>
       </context>
		<context>
          <context-name>elasticity</context-name>
          <root-document-type>ElasticityCustomProcessDefs</root-document-type>
          <child-document-names>
             <child-document-name>ElasticityCustomProcessDefs</child-document-name>
          </child-document-names>
       </context>		   
         <context>
          <context-name>nodegroups</context-name>
          <root-document-type>NodeGroup</root-document-type>
          <child-document-names>
             <child-document-name>NodeGroup</child-document-name>
             <child-document-name>APCService</child-document-name>
             <child-document-name>AutonomicRequestFlowManager</child-document-name>
          </child-document-names>
          <child-context-names>
             <child-context-name>dynamicclusters</child-context-name>
          </child-context-names>
       </context>
       <context>
          <context-name>healthclasses</context-name>
          <root-document-type>HealthClass</root-document-type>
          <child-document-names>
             <child-document-name>HealthClass</child-document-name>
          </child-document-names>
       </context>
	   <context>
          <context-name>elasticityclasses</context-name>
          <root-document-type>ElasticityClass</root-document-type>
          <child-document-names>
             <child-document-name>ElasticityClass</child-document-name>
          </child-document-names>
       </context>
       <context>
          <context-name>serviceclasses</context-name>
          <root-document-type>ServiceClass</root-document-type>
          <child-document-names>
             <child-document-name>ServiceClass</child-document-name>
          </child-document-names>
	    <child-context-name>preferences</child-context-name>
       </context>
	    <context>
	    	<context-name>dynamicclusters</context-name>
		<root-document-type>DynamicCluster</root-document-type>
          	<child-document-names>
             		<child-document-name>DynamicCluster</child-document-name>
         	 </child-document-names>
	    	<child-context-names>
				<child-context-name>sla</child-context-name>
		    	<child-context-name>routing</child-context-name>
		    	<child-context-name>servers</child-context-name>
	    	</child-context-names>
   		</context>
        <context>
          <context-name>xd</context-name>
            <child-context-names>
                <child-context-name>systemApps</child-context-name>
            </child-context-names>
        </context>   		
        <context>
            <context-name>systemApps</context-name>
            <child-context-names>
                <child-context-name>xddeployments</child-context-name>
		   		<child-context-name>workclasses</child-context-name>
            </child-context-names>
        </context>
   		<context>
			<context-name>xddeployments</context-name>
			<child-context-names>
		   		<child-context-name>workclasses</child-context-name>
		 	</child-context-names>
		</context>         		   		   		
        <context>
            <context-name>applications</context-name>
            <child-context-names>
                <child-context-name>deployments</child-context-name>
		   	<child-context-name>workclasses</child-context-name>
            </child-context-names>
        </context>   		
   		<context>
			<context-name>deployments</context-name>
			<child-context-names>
		   		<child-context-name>workclasses</child-context-name>
   	  		    <child-context-name>preferences</child-context-name>
		 	</child-context-names>
		</context>
		<context>
			<context-name>rules</context-name>
		        <root-document-type>Rules</root-document-type>
                <child-document-names>
                	<child-document-name>Rules</child-document-name>
                </child-document-names>
		</context>
		<context>
			<context-name>ruleset</context-name>
		        <root-document-type>Ruleset</root-document-type>
                <child-document-names>
                	<child-document-name>Ruleset</child-document-name>
                </child-document-names>
		</context>
		<context>
			<context-name>workclasses</context-name>
		        <root-document-type>WorkClass</root-document-type>
                <child-document-names>
                	<child-document-name>WorkClass</child-document-name>
                </child-document-names>
		</context>		
		<context>
                <context-name>nodes</context-name>
                <child-context-name>routing</child-context-name>
                <child-context-name>sla</child-context-name>
        </context>
        <context>
                <context-name>routing</context-name>
                <child-context-name>workclasses</child-context-name>
        </context>
        <context>
                <context-name>sla</context-name>
                <child-context-name>workclasses</child-context-name>
        </context>
        <context>
            <context-name>repository</context-name>
            <root-document-type>Repository</root-document-type>
            <child-document-names>
                <child-document-name>Repository</child-document-name>
            </child-document-names>
        </context>
        <context>
            <context-name>middlewareapps</context-name>
            <root-document-type>MiddlewareApp</root-document-type>
            <child-document-names>
                <child-document-name>MiddlewareApp</child-document-name>
            </child-document-names>
            <child-context-names>
                <child-context-name>middlewareappeditions</child-context-name>
                <child-context-name>workclasses</child-context-name>
	  	<child-context-name>preferences</child-context-name>
            </child-context-names>
        </context>
        <context>
            <context-name>middlewareappeditions</context-name>
            <root-document-type>MiddlewareAppEdition</root-document-type>
            <child-document-names>
                <child-document-name>MiddlewareAppEdition</child-document-name>
            </child-document-names>
            <child-context-names>
  				<child-context-name>workclasses</child-context-name>
            </child-context-names>

    	</context>
        <context>
            <context-name>middlewaredescriptors</context-name>
            <root-document-type>MiddlewareDescriptor</root-document-type>
            <child-document-names>
                <child-document-name>MiddlewareDescriptor</child-document-name>
            </child-document-names>
        </context>

        <context>
            <context-name>servers</context-name>
            <root-document-type>Server</root-document-type>

			<child-document-names>
				<child-document-name>IntelligentManagement</child-document-name>
			</child-document-names>

            <child-context-names>
				<child-context-name>rules</child-context-name>
				<child-context-name>ruleset</child-context-name>
		    <child-context-name>deployedmiddlewareapps</child-context-name>
		    <child-context-name>preferences</child-context-name>
            </child-context-names>
        </context>
        <context>
            <context-name>deployedmiddlewareapps</context-name>
            <root-document-type>DeployedMiddlewareApp</root-document-type>
            <child-document-names>
                <child-document-name>DeployedMiddlewareApp</child-document-name>
            </child-document-names>
            <child-context-names>
                <child-context-name>deployedmiddlewareappeditions</child-context-name>
            </child-context-names>
        </context>
        <context>
            <context-name>deployedmiddlewareappeditions</context-name>
            <root-document-type>DeployedMiddlewareAppEdition</root-document-type>
            <child-document-names>
                <child-document-name>DeployedMiddlewareAppEdition</child-document-name>
            </child-document-names>
        </context>
        <context>
            <context-name>cus</context-name>
            <child-document-names>
  		<child-context-name>workclasses</child-context-name>
            </child-document-names>
        </context>
        <context>
            <context-name>cver</context-name>
            <child-document-names>
  		<child-context-name>workclasses</child-context-name>
            </child-document-names>
        </context>
   </contexts>
   <documents> 	
 		<document>
      		<document-name>CustomProcessDefs</document-name>
	      	<file-pattern>customprocessdefs.xml</file-pattern>
	      	<root-refobject-types>
    	  		<root-refobject-type>CustomProcessDefs</root-refobject-type>
      		</root-refobject-types>      		    			    		
		</document>
		<document>
      		<document-name>ElasticityCustomProcessDefs</document-name>
	      	<file-pattern>elasticitycustomprocessdefs.xml</file-pattern>
	      	<root-refobject-types>
    	  		<root-refobject-type>ElasticityCustomProcessDefs</root-refobject-type>
      		</root-refobject-types>      		    			    		
		</document>
  		<document>
            <document-name>NodeGroup</document-name>
            <file-pattern>nodegroup.xml</file-pattern>
            <root-refobject-types>
            <root-refobject-type>NodeGroup</root-refobject-type>
            </root-refobject-types>
    </document>
    <document>
	    <document-name>Preferences</document-name>
	    <file-pattern>preferences.xml</file-pattern>
	    <root-refobject-types>
		    <root-refobject-type>PreferenceSet</root-refobject-type>
            </root-refobject-types>
    </document>
    	<document>
            <document-name>APCService</document-name>
            <file-pattern>apcservice.xml</file-pattern>
            <root-refobject-types>
                <root-refobject-type>AppPlacementController</root-refobject-type>
            </root-refobject-types>
      		<child-validator-names>
                   <child-validator-name>AppPlacementController Base</child-validator-name>
            </child-validator-names>     		
    	</document>
    	<document>
            <document-name>AutonomicRequestFlowManager</document-name>
            <file-pattern>autonomicrequestflowmanager.xml</file-pattern>
            <root-refobject-types>
                <root-refobject-type>AutonomicRequestFlowManager</root-refobject-type>
            </root-refobject-types>
                <child-validator-names>
                   <child-validator-name>AutonomicRequestFlowManager Base</child-validator-name>
            </child-validator-names>
    	</document>
    	<document>
            <document-name>DynamicCluster</document-name>
            <file-pattern>dynamiccluster.xml</file-pattern>
            <root-refobject-types>
            <root-refobject-type>DynamicCluster</root-refobject-type>
            </root-refobject-types>
            <child-validator-names>
                <child-validator-name>DynamicCluster Base</child-validator-name>
            </child-validator-names>
    	</document>
    	<document>
      		<document-name>Partitions</document-name>
	      	<file-pattern>partitions.xml</file-pattern>
	      	<root-refobject-types>
    	  		<root-refobject-type>Deployments</root-refobject-type>
      		</root-refobject-types>
		</document>
		<document>
      		<document-name>HealthController</document-name>
	      	<file-pattern>healthcontroller.xml</file-pattern>
	      	<root-refobject-types>
    	  		<root-refobject-type>HealthController</root-refobject-type>
      		</root-refobject-types>
      		<child-validator-names>
                   <child-validator-name>Health Controller Base</child-validator-name>
            </child-validator-names>     		
		</document>
    	<document>
      		<document-name>HealthClass</document-name>
	      	<file-pattern>healthclass.xml</file-pattern>
	      	<root-refobject-types>
    	  		<root-refobject-type>HealthClass</root-refobject-type>
      		</root-refobject-types>
      		<child-validator-names>
                   <child-validator-name>Health Class Base</child-validator-name>
            </child-validator-names>     		
		</document>
		<document>
      		<document-name>ElasticityClass</document-name>
	      	<file-pattern>elasticityclass.xml</file-pattern>
	      	<root-refobject-types>
    	  		<root-refobject-type>ElasticityClass</root-refobject-type>
      		</root-refobject-types>
      		<child-validator-names>
                   <child-validator-name>Elasticity Class Base</child-validator-name>
            </child-validator-names>     		
		</document>
    	<document>
      		<document-name>EmailNotifications</document-name>
	      	<file-pattern>notification.xml</file-pattern>
	      	<root-refobject-types>
    	  		<root-refobject-type>EmailNotifications</root-refobject-type>
      		</root-refobject-types>
      		<child-validator-names>
                   <child-validator-name>Notifications Base</child-validator-name>
            </child-validator-names>     		
    	</document>
    	<document>
      		<document-name>CentralizedInstallManager</document-name>
	      	<file-pattern>centralizedinstall.xml</file-pattern>
	      	<root-refobject-types>
    	  		<root-refobject-type>CentralizedInstallManager</root-refobject-type>
      		</root-refobject-types>
      		<child-validator-names>
                   <child-validator-name>CentralizedInstallManager Base</child-validator-name>
            </child-validator-names>     		
    	</document>
    	<document>
      		<document-name>MiddlewareDescriptor</document-name>
	      	<file-pattern>middlewaredescriptor.xml</file-pattern>
	      	<root-refobject-types>
    	  		<root-refobject-type>MiddlewareDescriptor</root-refobject-type>
      		</root-refobject-types>
		</document>
 		<document>
      		<document-name>Rules</document-name>
	      	<file-pattern>rules.xml</file-pattern>
	      	<root-refobject-types>
    	  		<root-refobject-type>Rules</root-refobject-type>
      		</root-refobject-types>      		    		
      		<child-validator-names>
                   <child-validator-name>Rules Base</child-validator-name>
            </child-validator-names>	    		
		</document>
 		<document>
      		<document-name>Ruleset</document-name>
	      	<file-pattern>ruleset.xml</file-pattern>
	      	<root-refobject-types>
    	  		<root-refobject-type>Ruleset</root-refobject-type>
      		</root-refobject-types>      		    		
      		<child-validator-names>
                   <child-validator-name>Ruleset Base</child-validator-name>
            </child-validator-names>	    		
		</document>
    	<document>
      		<document-name>ServiceClass</document-name>
	      	<file-pattern>serviceclass.xml</file-pattern>
	      	<root-refobject-types>
    	  		<root-refobject-type>ServiceClass</root-refobject-type>
      		</root-refobject-types>
      		<child-validator-names>
                   <child-validator-name>Policy Base</child-validator-name>
            </child-validator-names>     		
		</document>
		<document>
 			<document-name>WorkClass</document-name>
 			<file-pattern>workclass.xml</file-pattern>
 			<root-refobject-types>
  				<root-refobject-type>WorkClass</root-refobject-type>
 			</root-refobject-types>
 			<child-validator-names>
 				<child-validator-name>Work Class Base</child-validator-name>
 			</child-validator-names>
		</document>
		<document>
            	<document-name>VisualizationDataService</document-name>
            	<file-pattern>visdataservice.xml</file-pattern>
            	<root-refobject-types>
            		<root-refobject-type>VisualizationDataService</root-refobject-type>
            	</root-refobject-types>
        	</document>
    	<document>
            <document-name>Repository</document-name>
            <file-pattern>repository.xml</file-pattern>
            <root-refobject-types>
                <root-refobject-type>ExtendedRepositoryService</root-refobject-type>
            </root-refobject-types>
            <child-validator-names>
                <child-validator-name>Repository</child-validator-name>
            </child-validator-names>
    	</document>
    	<document>
            <document-name>MiddlewareApp</document-name>
            <file-pattern>middlewareapp.xml</file-pattern>
            <root-refobject-types>
                <root-refobject-type>MiddlewareApp</root-refobject-type>
            </root-refobject-types>
            <child-validator-names>
                <child-validator-name>MiddlewareApp</child-validator-name>
            </child-validator-names>
    	</document>
    	<document>
            <document-name>MiddlewareAppEdition</document-name>
            <file-pattern>middlewareappedition.xml</file-pattern>
            <root-refobject-types>
                <root-refobject-type>MiddlewareAppEdition</root-refobject-type>
            </root-refobject-types>
            <child-validator-names>
                <child-validator-name>MiddlewareAppEdition</child-validator-name>
            </child-validator-names>
    	</document>
    	<document>
            <document-name>DeployedMiddlewareApp</document-name>
            <file-pattern>middlewareapp.xml</file-pattern>
            <root-refobject-types>
                <root-refobject-type>DeployedMiddlewareApp</root-refobject-type>
            </root-refobject-types>
    	</document>
    	<document>
            <document-name>DeployedMiddlewareAppEdition</document-name>
            <file-pattern>middlewareappedition.xml</file-pattern>
            <root-refobject-types>
                <root-refobject-type>DeployedMiddlewareAppEdition</root-refobject-type>
            </root-refobject-types>
    	</document>
 	<document>
      		<document-name>IntelligentManagement</document-name>
	      	<file-pattern>intellmgmt.xml</file-pattern>
	      	<root-refobject-types>
    	  		<root-refobject-type>Intelligent Management</root-refobject-type>
      		</root-refobject-types>      		    		
      		<child-validator-names>
                   <child-validator-name>Intelligent Management Base</child-validator-name>
            </child-validator-names>	    		
	</document>
	</documents>
    <validators>    
		<validator>
                <validator-name>AppPlacementController Base</validator-name>
                <validator-class-name>com.ibm.websphere.models.config.appplacement.validation.AppPlacementValidator</validator-class-name>
                <validator-description>Application Placement Controller Base</validator-description>
                <cross-document>false</cross-document>
		</validator>
        <validator>
                <validator-name>AutonomicRequestFlowManager Base</validator-name>
                <validator-class-name>com.ibm.websphere.models.config.autonomicrequestflowmanager.validation.AutonomicRequestFlowManagerValidator</validator-class-name>
                <validator-description>Autonomic Request Flow Manager Base</validator-description>
                <cross-document>false</cross-document>
        </validator>
		<validator>
                <validator-name>Health Controller Base</validator-name>
                <validator-class-name>com.ibm.websphere.models.config.healthcontroller.validation.HealthControllerValidator</validator-class-name>
                <validator-description>Health Controller Base</validator-description>
                <cross-document>false</cross-document>
		</validator>
		<validator>
                <validator-name>Health Class Base</validator-name>
                <validator-class-name>com.ibm.websphere.models.config.healthpolicy.validation.HealthClassValidator</validator-class-name>
                <validator-description>Health Class Base</validator-description>
                <cross-document>false</cross-document>
		</validator>
		<validator>
                <validator-name>Notifications Base</validator-name>
                <validator-class-name>com.ibm.websphere.models.config.taskconfig.validation.NotificationValidator</validator-class-name>
                <validator-description>Notifications Base</validator-description>
                <cross-document>false</cross-document>
		</validator>
		<validator>
                <validator-name>Policy Base</validator-name>
                <validator-class-name>com.ibm.websphere.models.config.servicepolicy.validation.PolicyValidator</validator-class-name>
                <validator-description>Policy Base</validator-description>
                <cross-document>false</cross-document>
		</validator>
		<validator>
                <validator-name>Rules Base</validator-name>
                <validator-class-name>com.ibm.websphere.models.config.rules.validation.RulesValidator</validator-class-name>
                <validator-description>Rules Base</validator-description>
                <cross-document>false</cross-document>
      	</validator>
		<validator>
                <validator-name>Ruleset Base</validator-name>
                <validator-class-name>com.ibm.websphere.models.config.ruleset.validation.RulesetValidator</validator-class-name>
                <validator-description>Ruleset Base</validator-description>
                <cross-document>false</cross-document>
      	</validator>
		<validator>
                <validator-name>Work Class Base</validator-name>
                <validator-class-name>com.ibm.websphere.models.config.workclass.validate.WorkClassValidator</validator-class-name>
                <validator-description>Work Class Base</validator-description>
                <cross-document>false</cross-document>
		</validator>
		<validator>
                <validator-name>DynamicCluster Base</validator-name>
                <validator-class-name>com.ibm.websphere.models.config.dynamiccluster.validation.DynamicClusterValidator</validator-class-name>
                <validator-description>DynamicCluster Base</validator-description>
                <cross-document>false</cross-document>
		</validator>
		<validator>
                <validator-name>Intelligent Management Base</validator-name>
                <validator-class-name>com.ibm.websphere.models.config.intellmgmt.validation.IntelligentManagementValidator</validator-class-name>
                <validator-description>Intelligent Management Base</validator-description>
                <cross-document>false</cross-document>
		</validator>

        <validator>
            <validator-name>MiddlewareApp</validator-name>
            <validator-class-name>com.ibm.websphere.models.config.middlewareapp.validation.MiddlewareAppValidator</validator-class-name>
            <validator-description>Middleware App Base</validator-description>
            <cross-document>false</cross-document>
        </validator>
        <validator>
            <validator-name>MiddlewareAppEdition</validator-name>
            <validator-class-name>com.ibm.websphere.models.config.middlewareapp.validation.MiddlewareAppEditionValidator</validator-class-name>
            <validator-description>Middleware App Edition Base</validator-description>
            <cross-document>false</cross-document>
        </validator>
        <validator>
            <validator-name>CentralizedInstallManager Base</validator-name>
            <validator-class-name>com.ibm.websphere.models.config.centralizedinstallmanager.validation.CentralizedInstallManagerValidator</validator-class-name>
            <validator-description>Centralized Install Manager Base</validator-description>
            <cross-document>false</cross-document>
        </validator>
	</validators>
</metadata>
