<?xml version='1.0' encoding='utf-8'?>

<!--  WorkSpace Meta Data for Network Depolyment  -->

<metadata>
    <metadata-name>SingleServer</metadata-name>
    <root-context-type></root-context-type>
    <contexts>
        <context>
            <context-name></context-name>
            <child-context-names>
                <child-context-name>cells</child-context-name>
                <child-context-name>waspolicies</child-context-name>
                <child-context-name>templates</child-context-name>
                <child-context-name>config</child-context-name>
            </child-context-names>
        </context>
        <context>
            <context-name>cells</context-name>
            <root-document-type>Cell</root-document-type>
            <child-document-names>
                <child-document-name>Cell</child-document-name>
                <child-document-name>Admin Authorization</child-document-name>
                <child-document-name>Audit Authorization</child-document-name>
                <child-document-name>EmailNotifications</child-document-name>
                <child-document-name>Multi-Broker</child-document-name>
                <child-document-name>Name Store</child-document-name>
                <child-document-name>Naming Authorization</child-document-name>
                <child-document-name>PMI Request Metrics</child-document-name>
                <child-document-name>Security</child-document-name>
                <child-document-name>AppSecurity</child-document-name>
                <child-document-name>Audit</child-document-name>
                <child-document-name>Variables</child-document-name>
                <child-document-name>Virtual Hosts</child-document-name>
                <child-document-name>Resources</child-document-name>
                <child-document-name>Resources-PME</child-document-name>
                <child-document-name>Resources-PME-502</child-document-name>
                <child-document-name>Name Bindings</child-document-name>
                <child-document-name>Library</child-document-name>
                <child-document-name>JVMs</child-document-name>
                <child-document-name>GridScheduler</child-document-name>
            <child-document-name>CoreGroupBridge</child-document-name>
                <child-document-name>CentralizedInstallManager</child-document-name>
                <child-document-name>SIP Application Routers</child-document-name>
            </child-document-names>
            <child-context-names>
                <child-context-name>authorizationgroups</child-context-name>
                <child-context-name>clusters</child-context-name>
                <child-context-name>nodes</child-context-name>
                <child-context-name>applications</child-context-name>
                <child-context-name>coregroups</child-context-name>
                <child-context-name>nodegroups</child-context-name>
                <child-context-name>securitydomains</child-context-name>
                <child-context-name>managednodes</child-context-name>
                <child-context-name>application-resources</child-context-name>
                <child-context-name>repository</child-context-name>
				<child-context-name>gridclassification</child-context-name>
				<child-context-name>gridjobclasses</child-context-name>
            </child-context-names>
        </context>
        <context>
            <context-name>templates</context-name>
            <child-document-names>
                <child-document-name>Template JDBC Resource Provider</child-document-name>
                <child-document-name>Template Server</child-document-name>
            </child-document-names>
            <child-context-names>
                <child-context-name>system</child-context-name>
                <child-context-name>clusters</child-context-name>
                <child-context-name>default</child-context-name>
                <child-context-name>custom</child-context-name>
                <child-context-name>servertypes</child-context-name>
                <child-context-name>chains</child-context-name>
            </child-context-names>
        </context>
        <context>
            <context-name>system</context-name>
            <child-context-names>
                <child-context-name>nodes</child-context-name>
            </child-context-names>
         </context>

        <context>
            <context-name>default</context-name>
            <child-context-names>
                <child-context-name>nodes</child-context-name>
            </child-context-names>
        </context>
        <context>
            <context-name>custom</context-name>
        </context>
        <context>
            <context-name>servertypes</context-name>
            <child-context-names>
                <child-context-name>servers</child-context-name>
            </child-context-names>
            <child-document-names>
                <child-document-name>Node-Servers</child-document-name>
            </child-document-names>
        </context>
        <context>
            <context-name>chains</context-name>
        </context>

        <context>
            <context-name>nodes</context-name>
            <root-document-type>Node</root-document-type>
            <child-document-names>
                <child-document-name>Node</child-document-name>
                <child-document-name>Name Store</child-document-name>
                <child-document-name>Node-Servers</child-document-name>
                <child-document-name>Resources</child-document-name>
                <child-document-name>Resources-PME</child-document-name>
                <child-document-name>Resources-PME-502</child-document-name>
                <child-document-name>Variables</child-document-name>
                <child-document-name>Virtual Hosts</child-document-name>
                <child-document-name>Name Bindings</child-document-name>
                <child-document-name>Library</child-document-name>
                <child-document-name>JVMs</child-document-name>
            </child-document-names>
            <child-context-names>
                <child-context-name>servers</child-context-name>
                <child-context-name>rars</child-context-name>
            </child-context-names>
        </context>
        <context>
            <context-name>applications</context-name>
            <child-context-names>
                <child-context-name>deployments</child-context-name>
            </child-context-names>
        </context>
        <context>
            <context-name>deployments</context-name>
            <root-document-type>Deployment</root-document-type>
            <child-document-names>
                <child-document-name>Deployment</child-document-name>
                <child-document-name>Resources</child-document-name>
                <child-document-name>Variables</child-document-name>
                <child-document-name>Proxy-Deployment</child-document-name>
            </child-document-names>
        </context>
        <context>
            <context-name>servers</context-name>
            <root-document-type>Server</root-document-type>
            <child-document-names>
                <child-document-name>Server</child-document-name>
                <child-document-name>Server-PME</child-document-name>
                <child-document-name>Server-PME-502</child-document-name>
                <child-document-name>Server-PME-51</child-document-name>
                <child-document-name>Variables</child-document-name>
                <child-document-name>Resources</child-document-name>
                <child-document-name>Resources-PME</child-document-name>
                <child-document-name>Resources-PME-502</child-document-name>
                <child-document-name>Security</child-document-name>
                <child-document-name>Audit</child-document-name>
                <child-document-name>WSSecurity</child-document-name>
                <child-document-name>Name Bindings</child-document-name>
                <child-document-name>Library</child-document-name>
                <child-document-name>HAManagerService</child-document-name>
                <child-document-name>PMIConfig</child-document-name>
                <child-document-name>CEA Extension</child-document-name>
                <child-document-name>HPEL Model Extension</child-document-name>
            </child-document-names>
            <child-context-names>
                <child-context-name>rars</child-context-name>
            </child-context-names>
        </context>
        <context>
            <context-name>rars</context-name>
        </context>
        <context>
            <context-name>config</context-name>
            <child-context-names>
                <child-context-name>cells</child-context-name>
                <child-context-name>templates</child-context-name>
            </child-context-names>
        </context>
        <context>
            <context-name>clusters</context-name>
            <child-context-names>
                <child-context-name>servers</child-context-name>
            </child-context-names>
            <root-document-type>Cluster</root-document-type>
            <child-document-names>
                <child-document-name>Cluster</child-document-name>
                <child-document-name>Variables</child-document-name>
                <child-document-name>Cluster-PME</child-document-name>
                <child-document-name>Resources</child-document-name>
                <child-document-name>Resources-PME</child-document-name>
                <child-document-name>Resources-PME-502</child-document-name>
                <child-document-name>CEA Extension</child-document-name>
        <child-document-name>Library</child-document-name>
        <child-document-name>Name Bindings</child-document-name>
    </child-document-names>
        </context>
        <context>
            <context-name>authorizationgroups</context-name>
            <root-document-type>AuthorizationGroup</root-document-type>
            <child-document-names>
                <child-document-name>AuthorizationGroup</child-document-name>
                <child-document-name>Admin Authorization</child-document-name>
                <child-document-name>Audit Authorization</child-document-name>
            </child-document-names>
        </context>
        <context>
            <context-name>coregroups</context-name>
            <root-document-type>CoreGroup</root-document-type>
            <child-document-names>
                <child-document-name>CoreGroup</child-document-name>
            </child-document-names>
        </context>
        <context>
            <context-name>managednodes</context-name>
            <root-document-type>ManagedNode</root-document-type>
            <child-document-names>
                <child-document-name>ManagedNode</child-document-name>
            </child-document-names>
        </context>
        <context>
            <context-name>nodegroups</context-name>
            <root-document-type>NodeGroup</root-document-type>
            <child-document-names>
                <child-document-name>NodeGroup</child-document-name>
            </child-document-names>
        </context>
        <context>
            <context-name>repository</context-name>
            <root-document-type>Repository</root-document-type>
            <child-document-names>
                <child-document-name>Repository</child-document-name>
            </child-document-names>
            <child-context-names>
                <child-context-name>checkpoints</child-context-name>
            </child-context-names>
        </context>
        <context>
            <context-name>checkpoints</context-name>
            <root-document-type>RepositoryCheckpoint</root-document-type>
            <child-document-names>
                <child-document-name>RepositoryCheckpoint</child-document-name>
            </child-document-names>
        </context>
        <context>
            <context-name>securitydomains</context-name>
            <root-document-type>SecurityDomain</root-document-type>
            <child-document-names>
                <child-document-name>SecurityDomain</child-document-name>
                <child-document-name>AppSecurity</child-document-name>
                <child-document-name>FileRegistry</child-document-name>
            </child-document-names>
        </context>
        <context>
            <context-name>waspolicies</context-name>
            <root-document-type>Policy</root-document-type>
            <child-document-names>
                <child-document-name>Policy</child-document-name>
            </child-document-names>
            <child-context-names>
                <child-context-name>securitydomains</child-context-name>
            </child-context-names>
        </context>
        <context>
            <context-name>cells</context-name>
            <child-context-names>
                <child-context-name>assets</child-context-name>
                <child-context-name>blas</child-context-name>
                <child-context-name>cus</child-context-name>
            </child-context-names>
        </context>
        <context>
            <context-name>assets</context-name>
            <child-context-names>
                <child-context-name>aver</child-context-name>
            </child-context-names>
        </context>
        <context>
            <context-name>aver</context-name>
            <root-document-type>Asset</root-document-type>
            <child-document-names>
                <child-document-name>Asset</child-document-name>
            </child-document-names>
        </context>
        <context>
            <context-name>cus</context-name>
            <child-context-names>
                <child-context-name>cver</child-context-name>
            </child-context-names>
        </context>
        <context>
            <context-name>cver</context-name>
            <root-document-type>CompUnit</root-document-type>
            <child-document-names>
                <child-document-name>CompUnit</child-document-name>
            </child-document-names>
        </context>
        <context>
            <context-name>blas</context-name>
            <child-context-names>
                <child-context-name>bver</child-context-name>
            </child-context-names>
        </context>
        <context>
            <context-name>bver</context-name>
            <root-document-type>BLA</root-document-type>
            <child-document-names>
                <child-document-name>BLA</child-document-name>
            </child-document-names>
        </context>
        <context>
            <context-name>application-resources</context-name>
            <child-context-names>
                <child-context-name>deployment-resources</child-context-name>
            </child-context-names>
        </context>
        <context>
            <context-name>deployment-resources</context-name>
               <child-context-names>
                <child-context-name>scopes</child-context-name>
            </child-context-names>
        </context>
        <context>
            <context-name>scopes</context-name>
            <child-context-names>
                <child-context-name>modules</child-context-name>
            </child-context-names>
            <child-document-names>
                <child-document-name>ApplicationResources</child-document-name>
            </child-document-names>
        </context>
        <context>
            <context-name>modules</context-name>
            <child-document-names>
                <child-document-name>ApplicationResources</child-document-name>
            </child-document-names>
        </context>
		 <context>
          <context-name>gridclassification</context-name>
          <root-document-type>GridClassRules</root-document-type>
          <child-document-names>
             <child-document-name>GridClassRules</child-document-name>
          </child-document-names>
       </context>
       <context>
          <context-name>gridjobclasses</context-name>
          <root-document-type>JobClass</root-document-type>
          <child-document-names>
             <child-document-name>JobClass</child-document-name>
          </child-document-names>
       </context>
    </contexts>
    <documents>
        <document>
            <document-name>Admin Authorization</document-name>
            <file-pattern>admin-authz.xml</file-pattern>
            <root-refobject-types>
                <root-refobject-type>AuthorizationTableExt</root-refobject-type>
            </root-refobject-types>
            <child-validator-names>
                <child-validator-name>Admin Authorization Base</child-validator-name>
                <child-validator-name>Admin Authorization Cross</child-validator-name>
            </child-validator-names>
        </document>
        <document>
            <document-name>Audit Authorization</document-name>
            <file-pattern>audit-authz.xml</file-pattern>
            <root-refobject-types>
                <root-refobject-type>AuthorizationTableExt</root-refobject-type>
            </root-refobject-types>
            <child-validator-names>
                <child-validator-name>Admin Authorization Base</child-validator-name>
                <child-validator-name>Admin Authorization Cross</child-validator-name>
            </child-validator-names>
        </document>
        <document>
            <document-name>CoreGroup</document-name>
            <file-pattern>coregroup.xml</file-pattern>
            <root-refobject-types>
                <root-refobject-type>CoreGroup</root-refobject-type>
            </root-refobject-types>
            <child-validator-names>
                <child-validator-name>CoreGroup Base</child-validator-name>
                <child-validator-name>CoreGroup Cross</child-validator-name>
            </child-validator-names>
        </document>
        <document>
             <document-name>GridScheduler</document-name>
             <file-pattern>gridscheduler.xml</file-pattern>
             <root-refobject-types>
                  <root-refobject-type>GridScheduler</root-refobject-type>
             </root-refobject-types>
             <child-validator-names>
                 <child-validator-name>GridScheduler Base</child-validator-name>
             </child-validator-names>
        </document>
		<document>
      		<document-name>GridClassRules</document-name>
	      	<file-pattern>gridclassrules.xml</file-pattern>
	      	<root-refobject-types>
    	  		<root-refobject-type>GridClassRules</root-refobject-type>
      		</root-refobject-types>      		    		
      		<child-validator-names>
                   <child-validator-name>GridClassRules Base</child-validator-name>
            </child-validator-names>	    		
		</document>
		<document>
      		<document-name>JobClass</document-name>
	      	<file-pattern>jobclass.xml</file-pattern>
	      	<root-refobject-types>
    	  		<root-refobject-type>JobClass</root-refobject-type>
      		</root-refobject-types>     
      		<child-validator-names>
                   <child-validator-name>JobClass Base</child-validator-name>
            </child-validator-names> 		    		
		</document>  	
        <document>
            <document-name>HAManagerService</document-name>
            <file-pattern>hamanagerservice.xml</file-pattern>
            <root-refobject-types>
                <root-refobject-type>HAManagerService</root-refobject-type>
            </root-refobject-types>
            <child-validator-names>
                <child-validator-name>HAManagerService Base</child-validator-name>
                <child-validator-name>HAManagerService Cross</child-validator-name>
            </child-validator-names>
        </document>
        <document>
            <document-name>CoreGroupBridge</document-name>
            <file-pattern>coregroupbridge.xml</file-pattern>
            <root-refobject-types>
                <root-refobject-type>CoreGroupBridgeSettings</root-refobject-type>
            </root-refobject-types>
            <child-validator-names>
                <child-validator-name>Core Group Bridge Base</child-validator-name>
                <child-validator-name>Core Group Bridge Cross</child-validator-name>  
            </child-validator-names>
        </document>
        <document>
            <document-name>Policy</document-name>
            <file-pattern>policy.xml</file-pattern>
            <root-refobject-types>
                <root-refobject-type>Policy</root-refobject-type>
            </root-refobject-types>
        </document>
        <document>
            <document-name>Cell</document-name>
            <file-pattern>cell.xml</file-pattern>
            <root-refobject-types>
                <root-refobject-type>Cell</root-refobject-type>
            </root-refobject-types>
            <child-validator-names>
                <child-validator-name>Cell Base</child-validator-name>
                <child-validator-name>Cell Cross</child-validator-name>
            </child-validator-names>
        </document>
        <document>
            <document-name>Cluster</document-name>
            <file-pattern>cluster.xml</file-pattern>
            <root-refobject-types>
                <root-refobject-type>ServerCluster</root-refobject-type>
            </root-refobject-types>
            <child-validator-names>
                <child-validator-name>Cluster Base</child-validator-name>
                <child-validator-name>Cluster Cross</child-validator-name>
            </child-validator-names>
        </document>
        <document>
            <document-name>AuthorizationGroup</document-name>
            <file-pattern>authorizationgroup.xml</file-pattern>
            <root-refobject-types>
                <root-refobject-type>AuthorizationGroup</root-refobject-type>
            </root-refobject-types>
            <child-validator-names>
                <child-validator-name>AuthorizationGroup Base</child-validator-name>
                <child-validator-name>AuthorizationGroup Cross</child-validator-name>
            </child-validator-names>
        </document>
        <document>
            <document-name>AppSecurity</document-name>
            <file-pattern>domain-security.xml</file-pattern>
            <root-refobject-types>
                <root-refobject-type>AppSecurity</root-refobject-type>
            </root-refobject-types>
            <child-validator-names>
                <child-validator-name>Security Base</child-validator-name>
                <child-validator-name>Security Cross</child-validator-name>
            </child-validator-names>
        </document>
        <document>
            <document-name>Repository</document-name>
            <file-pattern>repository.xml</file-pattern>
            <root-refobject-types>
                <root-refobject-type>ExtendedRepositoryService</root-refobject-type>
            </root-refobject-types>
            <child-validator-names>
                <child-validator-name>Repository</child-validator-name>
            </child-validator-names>
        </document>
        <document>
            <document-name>RepositoryCheckpoint</document-name>
            <file-pattern>checkpoint.xml</file-pattern>
            <root-refobject-types>
                <root-refobject-type>Checkpoint</root-refobject-type>
                <root-refobject-type>CheckpointDocument</root-refobject-type>
            </root-refobject-types>
            <child-validator-names>
                <child-validator-name>RepositoryCheckpoint</child-validator-name>
            </child-validator-names>
        </document>
        <document>
            <document-name>SecurityDomain</document-name>
            <file-pattern>domain-security-map.xml</file-pattern>
            <root-refobject-types>
                <root-refobject-type>SecurityDomain</root-refobject-type>
            </root-refobject-types>
            <child-validator-names>
                <child-validator-name>Security Base</child-validator-name>
                <child-validator-name>Security Cross</child-validator-name>
            </child-validator-names>
        </document>
       <document>
            <document-name>FileRegistry</document-name>
            <file-pattern>fileRegistry.xml</file-pattern>
            <root-refobject-types>
                <root-refobject-type>SecurityDomain</root-refobject-type>
            </root-refobject-types>
            <child-validator-names>
                <child-validator-name>Security Base</child-validator-name>
                <child-validator-name>Security Cross</child-validator-name>
            </child-validator-names>
        </document>
        <document>
              <document-name>EmailNotifications</document-name>
            <file-pattern>notification.xml</file-pattern>
            <root-refobject-types>
                <root-refobject-type>EmailNotifications</root-refobject-type>
            </root-refobject-types>
            <child-validator-names>
                <child-validator-name>Notifications Base</child-validator-name>
            </child-validator-names>             
        </document>
        <document>
            <document-name>ManagedNode</document-name>
            <file-pattern>managednode.xml</file-pattern>
            <root-refobject-types>
                <root-refobject-type>ManagedNode</root-refobject-type>
            </root-refobject-types>
        </document>
        <document>
            <document-name>NodeGroup</document-name>
            <file-pattern>nodegroup.xml</file-pattern>
            <root-refobject-types>
                <root-refobject-type>NodeGroup</root-refobject-type>
            </root-refobject-types>
            <child-validator-names>
                <child-validator-name>NodeGroup Base</child-validator-name>
                <child-validator-name>NodeGroup Cross</child-validator-name>
            </child-validator-names>
        </document>
        <document>
            <document-name>Multi-Broker</document-name>
            <file-pattern>multibroker.xml</file-pattern>
            <root-refobject-types>
                <root-refobject-type>MultibrokerDomain</root-refobject-type>
                <root-refobject-type>DataReplicationDomain</root-refobject-type>
            </root-refobject-types>
            <child-validator-names>
                <child-validator-name>Multi-Broker Base</child-validator-name>
                <child-validator-name>Multi-Broker Cross</child-validator-name>
            </child-validator-names>
        </document>
        <document>
            <document-name>Name Store</document-name>
            <file-pattern>namestore.xml</file-pattern>
            <root-refobject-types>
                <root-refobject-type>NamingContext</root-refobject-type>
            </root-refobject-types>
            <child-validator-names>
                <child-validator-name>Name Store Base</child-validator-name>
                <child-validator-name>Name Store Cross</child-validator-name>
            </child-validator-names>
        </document>
        <document>
            <document-name>Naming Authorization</document-name>
            <file-pattern>naming-authz.xml</file-pattern>
            <root-refobject-types>
                <root-refobject-type>AuthorizationTableExt</root-refobject-type>
            </root-refobject-types>
            <child-validator-names>
                <child-validator-name>Naming Authorization Base</child-validator-name>
                <child-validator-name>Naming Authorization Cross</child-validator-name>
            </child-validator-names>
        </document>
        <document>
            <document-name>Node</document-name>
            <file-pattern>node.xml</file-pattern>
            <root-refobject-types>
                <root-refobject-type>Node</root-refobject-type>
            </root-refobject-types>
            <child-validator-names>
                <child-validator-name>Node Base</child-validator-name>
                <child-validator-name>Node Cross</child-validator-name>
            </child-validator-names>
        </document>
        <document>
            <document-name>Node-Servers</document-name>
            <file-pattern>serverindex.xml</file-pattern>
            <root-refobject-types>
                <root-refobject-type>ServerIndex</root-refobject-type>
            </root-refobject-types>
            <child-validator-names>
                <child-validator-name>Node-Servers Base</child-validator-name>
                <child-validator-name>Node-Servers Cross</child-validator-name>
            </child-validator-names>
        </document>
        <document>
            <document-name>PMI Request Metrics</document-name>
            <file-pattern>pmirm.xml</file-pattern>
            <root-refobject-types>
                <root-refobject-type>PMIRequestMetrics</root-refobject-type>
            </root-refobject-types>
            <child-validator-names>
                <child-validator-name>PMI Request Metrics Base</child-validator-name>
                <child-validator-name>PMI Request Metrics Cross</child-validator-name>
            </child-validator-names>
        </document>
        <document>
            <document-name>Resources</document-name>
            <file-pattern>resources.xml</file-pattern>
            <root-refobject-types>
                <root-refobject-type>ResourceEnvironmentProvider</root-refobject-type>
                <root-refobject-type>JDBCProvider</root-refobject-type>
                <root-refobject-type>J2CResourceAdapter</root-refobject-type>
                <root-refobject-type>URLProvider</root-refobject-type>
                <root-refobject-type>MailProvider</root-refobject-type>
                <root-refobject-type>JMSProvider</root-refobject-type>
            </root-refobject-types>
            <child-validator-names>
                <child-validator-name>Resources Base</child-validator-name>
                <child-validator-name>Resources Cross</child-validator-name>
            </child-validator-names>
        </document>
        <document>
            <document-name>Security</document-name>
            <file-pattern>security.xml</file-pattern>
            <root-refobject-types>
                <root-refobject-type>Security</root-refobject-type>
            </root-refobject-types>
            <child-validator-names>
                <child-validator-name>Security Base</child-validator-name>
                <child-validator-name>Security Cross</child-validator-name>
            </child-validator-names>
        </document>
        <document>
            <document-name>Audit</document-name>
            <file-pattern>audit.xml</file-pattern>
            <root-refobject-types>
                <root-refobject-type>Audit</root-refobject-type>
            </root-refobject-types>
            <child-validator-names>
                <child-validator-name>Security Base</child-validator-name>
                <child-validator-name>Security Cross</child-validator-name>
            </child-validator-names>
        </document>
        <document>
            <document-name>Library</document-name>
            <file-pattern>libraries.xml</file-pattern>
            <root-refobject-types>
                <root-refobject-type>Library</root-refobject-type>
            </root-refobject-types>
            <child-validator-names>
            </child-validator-names>
        </document>
        <document>
            <document-name>JVMs</document-name>
            <file-pattern>jvms.xml</file-pattern>
            <root-refobject-types>
                <root-refobject-type>JavaVirtualMachinePreset</root-refobject-type>
            </root-refobject-types>
            <child-validator-names>
            </child-validator-names>
        </document>
        <document>
            <document-name>Server</document-name>
            <file-pattern>server.xml</file-pattern>
            <root-refobject-types>
                <root-refobject-type>Server</root-refobject-type>
            </root-refobject-types>
            <child-validator-names>
                <child-validator-name>Server Base</child-validator-name>
                <child-validator-name>Server Cross</child-validator-name>
            </child-validator-names>
        </document>
        <document>
            <document-name>Variables</document-name>
            <file-pattern>variables.xml</file-pattern>
            <root-refobject-types>
                <root-refobject-type>VariableMap</root-refobject-type>
            </root-refobject-types>
            <child-validator-names>
                <child-validator-name>Variables Base</child-validator-name>
                <child-validator-name>Variables Cross</child-validator-name>
            </child-validator-names>
        </document>
        <document>
            <document-name>Virtual Hosts</document-name>
            <file-pattern>virtualhosts.xml</file-pattern>
            <root-refobject-types>
                <root-refobject-type>VirtualHost</root-refobject-type>
            </root-refobject-types>
            <child-validator-names>
                <child-validator-name>Virtual Hosts Base</child-validator-name>
                <child-validator-name>Virtual Hosts Cross</child-validator-name>
            </child-validator-names>
        </document>
        <document>
            <document-name>PMIConfig</document-name>
            <file-pattern>pmi-config.xml</file-pattern>
            <root-refobject-types>
                <root-refobject-type>PMIModule</root-refobject-type>
            </root-refobject-types>
        </document>
        <document>
            <document-name>Name Bindings</document-name>
            <file-pattern>namebindings.xml</file-pattern>
            <root-refobject-types>
                <root-refobject-type>EjbNameSpaceBinding</root-refobject-type>
                <root-refobject-type>CORBAObjectNameSpaceBinding</root-refobject-type>
                <root-refobject-type>IndirectLookupNameSpaceBinding</root-refobject-type>
                <root-refobject-type>StringNameSpaceBinding</root-refobject-type>
            </root-refobject-types>
        </document>
        <document>
            <document-name>Deployment</document-name>
            <file-pattern>deployment.xml</file-pattern>
            <root-refobject-types>
                <root-refobject-type>Deployment</root-refobject-type>
            </root-refobject-types>
            <child-validator-names>
                <child-validator-name>Deployment Base</child-validator-name>
                <child-validator-name>Deployment Cross</child-validator-name>
            </child-validator-names>
        </document>
        <document>
            <document-name>Proxy-Deployment</document-name>
            <file-pattern>proxy-deployment.xml</file-pattern>
            <root-refobject-types>
                <root-refobject-type>DeployedObjectProxyConfig</root-refobject-type>
            </root-refobject-types>
        </document>
        <document>
            <document-name>JMS Authorization</document-name>
            <file-pattern>integral-jms-authorizations.xml</file-pattern>
        </document>
        <document>
            <document-name>Plugins</document-name>
            <file-pattern>plugin-cfg.xml</file-pattern>
        </document>
        <document>
            <document-name>Template JDBC Resource Provider</document-name>
            <file-pattern>jdbc-resource-provider-templates.xml</file-pattern>
        </document>
        <document>
            <document-name>Security Configuration</document-name>
            <file-pattern>security-cfg.xml</file-pattern>
        </document>
        <document>
            <document-name>Template Server</document-name>
            <file-pattern>template-server-cfg.xml</file-pattern>
        </document>
        <document>
            <document-name>Resources-PME</document-name>
            <file-pattern>resources-pme.xml</file-pattern>
            <root-refobject-types>
                <root-refobject-type>ObjectPoolProvider</root-refobject-type>
                <root-refobject-type>SchedulerProvider</root-refobject-type>
                <root-refobject-type>WorkManagerProvider</root-refobject-type>
                <root-refobject-type>TimerManagerProvider</root-refobject-type>
            </root-refobject-types>
            <child-validator-names>
                <child-validator-name>PME Resources Base</child-validator-name>
                <child-validator-name>PME Resources Cross</child-validator-name>
            </child-validator-names>
        </document>
        <document>
            <document-name>Resources-PME-502</document-name>
            <file-pattern>resources-pme502.xml</file-pattern>
            <root-refobject-types>
                <root-refobject-type>CacheProvider</root-refobject-type>
            </root-refobject-types>
            <child-validator-names>
                <child-validator-name>PME Resources Base</child-validator-name>
                <child-validator-name>PME Resources Cross</child-validator-name>
            </child-validator-names>
        </document>
        <document>
            <document-name>Server-PME</document-name>
            <file-pattern>server-pme.xml</file-pattern>
                    <root-refobject-types>
                <root-refobject-type>PMEServerExtension</root-refobject-type>
            </root-refobject-types>
            <child-validator-names>
                <child-validator-name>PME Server Base</child-validator-name>
                <child-validator-name>PME Server Cross</child-validator-name>
            </child-validator-names>
        </document>
        <document>
            <document-name>Server-PME-502</document-name>
            <file-pattern>server-pme502.xml</file-pattern>
            <root-refobject-types>
                <root-refobject-type>PME502ServerExtension</root-refobject-type>
            </root-refobject-types>
            <child-validator-names>
                <child-validator-name>PME Server Base</child-validator-name>
                <child-validator-name>PME Server Cross</child-validator-name>
            </child-validator-names>
        </document>
        <document>
            <document-name>Server-PME-51</document-name>
            <file-pattern>server-pme51.xml</file-pattern>
            <root-refobject-types>
                <root-refobject-type>PME51ServerExtension</root-refobject-type>
            </root-refobject-types>
            <child-validator-names>
                <child-validator-name>PME Server Base</child-validator-name>
                <child-validator-name>PME Server Cross</child-validator-name>
            </child-validator-names>
        </document>
        <document>
            <document-name>Cluster-PME</document-name>
            <file-pattern>cluster-pme.xml</file-pattern>
            <root-refobject-types>
                <root-refobject-type>PMEClusterExtension</root-refobject-type>
            </root-refobject-types>
            <child-validator-names>
                <child-validator-name>PME Cluster Base</child-validator-name>
                <child-validator-name>PME Cluster Cross</child-validator-name>
            </child-validator-names>
        </document>
        <document>
                <document-name>WSSecurity</document-name>                 
                <file-pattern>ws-security.xml</file-pattern>              
                <root-refobject-types>                                    
                   <root-refobject-type>WSSecurity</root-refobject-type> 
                </root-refobject-types>                                   
                <child-validator-names>                                   
                </child-validator-names>                                  
        </document>   
        <document>
            <document-name>Asset</document-name>
            <file-pattern>asset.xml</file-pattern>
            <root-refobject-types>
                <root-refobject-type>Asset</root-refobject-type>
            </root-refobject-types>
        </document>
        <document>
            <document-name>CompUnit</document-name>
            <file-pattern>cu.xml</file-pattern>
            <root-refobject-types>
                <root-refobject-type>CompUnit</root-refobject-type>
            </root-refobject-types>
        </document>
        <document>
            <document-name>BLA</document-name>
            <file-pattern>bla.xml</file-pattern>
            <root-refobject-types>
                <root-refobject-type>BLA</root-refobject-type>
            </root-refobject-types>
        </document>
        <document>
              <document-name>CentralizedInstallManager</document-name>
              <file-pattern>centralizedinstall.xml</file-pattern>
              <root-refobject-types>
                  <root-refobject-type>CentralizedInstallManager</root-refobject-type>
              </root-refobject-types>
              <child-validator-names>
                   <child-validator-name>CentralizedInstallManager Base</child-validator-name>
            </child-validator-names>             
        </document>
        <document>
            <document-name>SIP Application Routers</document-name>
            <file-pattern>sipapplicationrouters.xml</file-pattern>
            <root-refobject-types>
                <root-refobject-type>SIPApplicationRouters</root-refobject-type>
            </root-refobject-types>
        </document>
            <document>
            <document-name>CEA Extension</document-name>
            <file-pattern>cea-extension.xml</file-pattern>
            <root-refobject-types>
                <root-refobject-type>CEASettings</root-refobject-type>
            </root-refobject-types>
        </document>
        <document>
            <document-name>ApplicationResources</document-name>
            <file-pattern>application-resources.xml</file-pattern>
            <root-refobject-types>
                <root-refobject-type>ApplicationResources</root-refobject-type>
            </root-refobject-types>
        </document>
        <document>
            <document-name>HPEL Model Extension</document-name>
            <file-pattern>hpelModel.xml</file-pattern>
            <root-refobject-types>
                <root-refobject-type>HighPerformanceExtensibleLogging</root-refobject-type>
            </root-refobject-types>
          </document>
    </documents>
    <validators>
        <validator>
            <validator-name>PME Resources Base</validator-name>
            <validator-class-name>com.ibm.websphere.validation.pme.config.PMEResourcesValidator</validator-class-name>
            <validator-description>PME Resources Base</validator-description>
            <cross-document>false</cross-document>
        </validator>
        <validator>
            <validator-name>PME Resources Cross</validator-name>
            <validator-class-name>com.ibm.websphere.validation.pme.config.PMEResourcesCrossValidator</validator-class-name>
            <validator-description>PME Resources Cross</validator-description>
            <cross-document>true</cross-document>
        </validator>
        <validator>
            <validator-name>PME Server Base</validator-name>
            <validator-class-name>com.ibm.websphere.validation.pme.config.PMEServerValidator</validator-class-name>
            <validator-description>PME Server Base</validator-description>
            <cross-document>false</cross-document>
        </validator>
        <validator>
            <validator-name>PME Server Cross</validator-name>
            <validator-class-name>com.ibm.websphere.validation.pme.config.PMEServerCrossValidator</validator-class-name>
            <validator-description>PME Server Cross</validator-description>
            <cross-document>true</cross-document>
        </validator>
        <validator>
            <validator-name>PME Cluster Base</validator-name>
            <validator-class-name>com.ibm.websphere.validation.pme.config.PMEClusterValidator</validator-class-name>
            <validator-description>PME Cluster Base</validator-description>
            <cross-document>false</cross-document>
        </validator>
        <validator>
            <validator-name>PME Cluster Cross</validator-name>
            <validator-class-name>com.ibm.websphere.validation.pme.config.PMEClusterCrossValidator</validator-class-name>
            <validator-description>PME Cluster Cross</validator-description>
            <cross-document>true</cross-document>
        </validator>
        <validator>
            <validator-name>Admin Authorization Base</validator-name>
            <validator-class-name>com.ibm.websphere.validation.base.config.SecurityValidator</validator-class-name>
            <validator-description>Admin Authorization Base</validator-description>
            <cross-document>false</cross-document>
        </validator>
        <validator>
            <validator-name>Admin Authorization Cross</validator-name>
            <validator-class-name>com.ibm.websphere.validation.base.config.SecurityCrossValidator</validator-class-name>
            <validator-description>Admin Authorization Cross</validator-description>
            <cross-document>true</cross-document>
        </validator>
        <validator>
            <validator-name>Cell Base</validator-name>
            <validator-class-name>com.ibm.websphere.validation.base.config.CellValidator</validator-class-name>
            <validator-description>Cell Base</validator-description>
            <cross-document>false</cross-document>
        </validator>
        <validator>
            <validator-name>Cell Cross</validator-name>
            <validator-class-name>com.ibm.websphere.validation.base.config.CellCrossValidator</validator-class-name>
            <validator-description>Cell Cross</validator-description>
            <cross-document>true</cross-document>
        </validator>
        <validator>
            <validator-name>Cluster Base</validator-name>
            <validator-class-name>com.ibm.websphere.validation.base.config.ClusterValidator</validator-class-name>
            <validator-description>Cluster Base</validator-description>
            <cross-document>false</cross-document>
        </validator>
        <validator>
            <validator-name>Cluster Cross</validator-name>
            <validator-class-name>com.ibm.websphere.validation.base.config.ClusterCrossValidator</validator-class-name>
            <validator-description>Cluster Cross</validator-description>
            <cross-document>true</cross-document>
        </validator>
        <validator>
            <validator-name>AuthorizationGroup Base</validator-name>
            <validator-class-name>com.ibm.websphere.validation.base.config.AuthorizationGroupValidator</validator-class-name>
            <validator-description>AuthorizationGroup Base</validator-description>
            <cross-document>false</cross-document>
        </validator>
        <validator>
            <validator-name>AuthorizationGroup Cross</validator-name>
            <validator-class-name>com.ibm.websphere.validation.base.config.AuthorizationGroupCrossValidator</validator-class-name>
            <validator-description>AuthorizationGroup Cross</validator-description>
            <cross-document>true</cross-document>
        </validator>
        <validator>
            <validator-name>NodeGroup Base</validator-name>
            <validator-class-name>com.ibm.websphere.validation.base.config.NodeGroupValidator</validator-class-name>
            <validator-description>NodeGroup Base</validator-description>
            <cross-document>false</cross-document>
        </validator>
        <validator>
            <validator-name>NodeGroup Cross</validator-name>
            <validator-class-name>com.ibm.websphere.validation.base.config.NodeGroupCrossValidator</validator-class-name>
            <validator-description>NodeGroup Cross</validator-description>
            <cross-document>true</cross-document>
        </validator>
    <validator>
            <validator-name>Notifications Base</validator-name>
            <validator-class-name>com.ibm.websphere.models.config.taskconfig.validation.NotificationValidator</validator-class-name>
            <validator-description>Notifications Base</validator-description>
            <cross-document>false</cross-document>
    </validator>
            <validator>
            <validator-name>Core Group Bridge Base</validator-name>
            <validator-class-name>com.ibm.websphere.validation.base.config.CoreGroupBridgeValidator</validator-class-name>
            <validator-description>Core Group Bridge Base</validator-description>
            <cross-document>false</cross-document>
        </validator>
        <validator>
            <validator-name>Core Group Bridge Cross</validator-name>
            <validator-class-name>com.ibm.websphere.validation.base.config.CoreGroupBridgeCrossValidator</validator-class-name>
            <validator-description>Core Group Bridge Cross</validator-description>
            <cross-document>true</cross-document>
        </validator>
        <validator>
            <validator-name>Deployment Base</validator-name>
            <validator-class-name>com.ibm.websphere.validation.base.config.DeploymentValidator</validator-class-name>
            <validator-description>Deployment Base</validator-description>
            <cross-document>false</cross-document>
        </validator>
        <validator>
            <validator-name>Deployment Cross</validator-name>
            <validator-class-name>com.ibm.websphere.validation.base.config.DeploymentCrossValidator</validator-class-name>
            <validator-description>Deployment Cross</validator-description>
            <cross-document>true</cross-document>
        </validator>
        <validator>
            <validator-name>Naming Authorization Base</validator-name>
            <validator-class-name>com.ibm.websphere.validation.base.config.SecurityValidator</validator-class-name>
            <validator-description>Naming Authorization Base</validator-description>
            <cross-document>false</cross-document>
        </validator>
        <validator>
            <validator-name>Naming Authorization Cross</validator-name>
            <validator-class-name>com.ibm.websphere.validation.base.config.SecurityCrossValidator</validator-class-name>
            <validator-description>Naming Authorization Cross</validator-description>
            <cross-document>true</cross-document>
        </validator>
        <validator>
            <validator-name>Multi-Broker Base</validator-name>
            <validator-class-name>com.ibm.websphere.validation.base.config.MultiBrokerValidator</validator-class-name>
            <validator-description>Multi-Broker Base</validator-description>
            <cross-document>false</cross-document>
        </validator>
        <validator>
            <validator-name>Multi-Broker Cross</validator-name>
            <validator-class-name>com.ibm.websphere.validation.base.config.MultiBrokerCrossValidator</validator-class-name>
            <validator-description>Multi-Broker Cross</validator-description>
            <cross-document>true</cross-document>
        </validator>
        <validator>
            <validator-name>Name Store Base</validator-name>
            <validator-class-name>com.ibm.websphere.validation.base.config.NameStoreValidator</validator-class-name>
            <validator-description>Name Store Base</validator-description>
            <cross-document>false</cross-document>
        </validator>
        <validator>
            <validator-name>Name Store Cross</validator-name>
            <validator-class-name>com.ibm.websphere.validation.base.config.NameStoreCrossValidator</validator-class-name>
            <validator-description>Name Store Cross</validator-description>
            <cross-document>true</cross-document>
        </validator>
        <validator>
            <validator-name>Node Base</validator-name>
            <validator-class-name>com.ibm.websphere.validation.base.config.NodeValidator</validator-class-name>
            <validator-description>Node Base</validator-description>
            <cross-document>false</cross-document>
        </validator>
        <validator>
            <validator-name>Node Cross</validator-name>
            <validator-class-name>com.ibm.websphere.validation.base.config.NodeCrossValidator</validator-class-name>
            <validator-description>Node Cross</validator-description>
            <cross-document>true</cross-document>
        </validator>
        <validator>
            <validator-name>Node-Servers Base</validator-name>
            <validator-class-name>com.ibm.websphere.validation.base.config.NodeServersNDValidator</validator-class-name>
            <validator-description>Node-Servers Base</validator-description>
            <cross-document>false</cross-document>
        </validator>
        <validator>
            <validator-name>Node-Servers Cross</validator-name>
            <validator-class-name>com.ibm.websphere.validation.base.config.NodeServersCrossValidator</validator-class-name>
            <validator-description>Node-Servers Cross</validator-description>
            <cross-document>true</cross-document>
        </validator>
        <validator>
            <validator-name>PMI Request Metrics Base</validator-name>
            <validator-class-name>com.ibm.websphere.validation.base.config.RequestMetricsValidator</validator-class-name>
            <validator-description>PMI Request Metrics Base</validator-description>
            <cross-document>false</cross-document>
        </validator>
        <validator>
            <validator-name>PMI Request Metrics Cross</validator-name>
            <validator-class-name>com.ibm.websphere.validation.base.config.RequestMetricsCrossValidator</validator-class-name>
            <validator-description>PMI Request Metrics Cross</validator-description>
            <cross-document>true</cross-document>
        </validator>
        <validator>
            <validator-name>Repository</validator-name>
            <validator-class-name>com.ibm.websphere.models.config.repositorycheckpoint.validation.RepositoryValidator</validator-class-name>
            <validator-description>Repository Base</validator-description>
            <cross-document>false</cross-document>
        </validator>
        <validator>
            <validator-name>RepositoryCheckpoint</validator-name>
            <validator-class-name>com.ibm.websphere.models.config.repositorycheckpoint.validation.RepositoryCheckpointValidator</validator-class-name>
            <validator-description>Repository Checkpoint Base</validator-description>
            <cross-document>false</cross-document>
        </validator>
        <validator>
            <validator-name>Resources Base</validator-name>
            <validator-class-name>com.ibm.websphere.validation.base.config.ResourcesValidator</validator-class-name>
            <validator-description>Resources Base</validator-description>
            <cross-document>false</cross-document>
        </validator>
        <validator>
            <validator-name>Resources Cross</validator-name>
            <validator-class-name>com.ibm.websphere.validation.base.config.ResourcesCrossValidator</validator-class-name>
            <validator-description>Resources Cross</validator-description>
            <cross-document>true</cross-document>
        </validator>
        <validator>
            <validator-name>Security Base</validator-name>
            <validator-class-name>com.ibm.websphere.validation.base.config.SecurityValidator</validator-class-name>
            <validator-description>Security Base</validator-description>
            <cross-document>false</cross-document>
        </validator>
        <validator>
            <validator-name>Security Cross</validator-name>
            <validator-class-name>com.ibm.websphere.validation.base.config.SecurityCrossValidator</validator-class-name>
            <validator-description>Security Cross</validator-description>
            <cross-document>true</cross-document>
        </validator>
        <validator>
            <validator-name>Server Base</validator-name>
            <validator-class-name>com.ibm.websphere.validation.base.config.ServerValidator</validator-class-name>
            <validator-description>Server Base</validator-description>
            <cross-document>false</cross-document>
        </validator>
        <validator>
            <validator-name>Server Cross</validator-name>
            <validator-class-name>com.ibm.websphere.validation.base.config.ServerCrossValidator</validator-class-name>
            <validator-description>Server Cross</validator-description>
            <cross-document>true</cross-document>
        </validator>
        <validator>
            <validator-name>Variables Base</validator-name>
            <validator-class-name>com.ibm.websphere.validation.base.config.VariablesValidator</validator-class-name>
            <validator-description>Variables Base</validator-description>
            <cross-document>false</cross-document>
        </validator>
        <validator>
            <validator-name>Variables Cross</validator-name>
            <validator-class-name>com.ibm.websphere.validation.base.config.VariablesCrossValidator</validator-class-name>
            <validator-description>Variables Cross</validator-description>
            <cross-document>true</cross-document>
        </validator>
        <validator>
            <validator-name>Virtual Hosts Base</validator-name>
            <validator-class-name>com.ibm.websphere.validation.base.config.VirtualHostsValidator</validator-class-name>
            <validator-description>Virtual Hosts Base</validator-description>
            <cross-document>false</cross-document>
        </validator>
        <validator>
            <validator-name>Virtual Hosts Cross</validator-name>
            <validator-class-name>com.ibm.websphere.validation.base.config.VirtualHostsCrossValidator</validator-class-name>
            <validator-description>Virtual Hosts Cross</validator-description>
            <cross-document>true</cross-document>
        </validator>
        <validator>
            <validator-name>CoreGroup Base</validator-name>
            <validator-class-name>com.ibm.websphere.validation.base.config.CoreGroupValidator</validator-class-name>
            <validator-description>CoreGroup Base</validator-description>
            <cross-document>false</cross-document>
        </validator>
        <validator>
            <validator-name>CoreGroup Cross</validator-name>
            <validator-class-name>com.ibm.websphere.validation.base.config.CoreGroupCrossValidator</validator-class-name>
            <validator-description>CoreGroup Cross</validator-description>
            <cross-document>true</cross-document>
        </validator>
        <validator>
                <validator-name>GridScheduler Base</validator-name>
                <validator-class-name>com.ibm.websphere.models.config.gridscheduler.validation.GridSchedulerValidator</validator-class-name>
                <validator-description>GridScheduler Base</validator-description>
                <cross-document>false</cross-document>
        </validator>
		<validator>
                <validator-name>GridClassRules Base</validator-name>
                <validator-class-name>com.ibm.websphere.models.config.gridclassrules.validation.GridClassRulesValidator</validator-class-name>
                <validator-description>GridClassRules Base</validator-description>
                <cross-document>false</cross-document>
      	</validator>
		<validator>
       		<validator-name>JobClass Base</validator-name>
                <validator-class-name>com.ibm.websphere.models.config.jobclasses.validation.JobClassesValidator</validator-class-name>
                <validator-description>JobClass Base</validator-description>
                <cross-document>false</cross-document>
		</validator>
        <validator>
            <validator-name>HAManagerService Base</validator-name>
            <validator-class-name>com.ibm.websphere.validation.base.config.HAManagerServiceValidator</validator-class-name>
            <validator-description>HAManagerService Base</validator-description>
            <cross-document>false</cross-document>
        </validator>
        <validator>
            <validator-name>HAManagerService Cross</validator-name>
            <validator-class-name>com.ibm.websphere.validation.base.config.HAManagerServiceCrossValidator</validator-class-name>
            <validator-description>HAManagerService Cross</validator-description>
            <cross-document>true</cross-document>
        </validator>
        <validator>
            <validator-name>CentralizedInstallManager Base</validator-name>
            <validator-class-name>com.ibm.websphere.models.config.centralizedinstallmanager.validation.CentralizedInstallManagerValidator</validator-class-name>
            <validator-description>Centralized Install Manager Base</validator-description>
            <cross-document>false</cross-document>
        </validator>
    </validators>
</metadata>
