<?xml version='1.0' encoding='utf-8'?>
<metadata>
   <metadata-name>WAS_XD_COMMON</metadata-name>
    <root-context-type></root-context-type>
    <contexts>
       <context>
         <context-name>cells</context-name>
         <root-document-type>Cell</root-document-type>
         <child-document-names>
		 <child-document-name>MultiCellOverlayBridgeSettings</child-document-name>
         </child-document-names>
       </context>
       <context>
           <context-name>clusters</context-name>
           <root-document-type>Cluster</root-document-type>
           <child-document-names>
               <child-document-name>DynamicWtCtrlr</child-document-name>
           </child-document-names>
       </context>
   </contexts>
   <documents> 	
 	<document>
      		<document-name>MultiCellOverlayBridgeSettings</document-name>
	      	<file-pattern>multicelloverlaybridgesettings.xml</file-pattern>
	      	<root-refobject-types>
    	  		<root-refobject-type>MultiCellOverlayBridge</root-refobject-type>
      		</root-refobject-types>      		    			    		
	</document>
       <document>
          <document-name>DynamicWtCtrlr</document-name>
          <file-pattern>dynamicweightcontroller.xml</file-pattern>
          <root-refobject-types>
             <root-refobject-type>DynamicWtCtrlr</root-refobject-type>
          </root-refobject-types>
       </document>
   </documents>
</metadata>
