<?xml version='1.0' encoding='UTF-8'?>
<metadata>
    <metadata-name>WsnResources</metadata-name>
    <contexts>
        <context>
            <context-name>buses</context-name>
            <root-document-type>Bus</root-document-type>
            <child-document-names>
                <child-document-name>WsnResources</child-document-name>
            </child-document-names>
            <child-context-names>
                <child-context-name>wsn</child-context-name>
            </child-context-names>
        </context>
        <context>
            <context-name>wsn</context-name>
        </context>
    </contexts>
    <documents>
        <document>
            <document-name>WsnResources</document-name>
            <file-pattern>sibwsn-resources.xml</file-pattern>
            <root-refobject-types>
                <root-refobject-type>WSNService</root-refobject-type>
            </root-refobject-types>
        </document>
    </documents>
</metadata>

