<?xml version="1.0" encoding="UTF-8"?>
<appdeployment:Deployment xmi:version="2.0" xmlns:xmi="http://www.omg.org/XMI" xmlns:appdeployment="http://www.ibm.com/websphere/appserver/schemas/5.0/appdeployment.xmi" xmi:id="Deployment_1150901759109">
  <deployedObject xmi:type="appdeployment:ApplicationDeployment" xmi:id="ApplicationDeployment_1150901759109" deploymentId="0" startingWeight="1" binariesURL="$(WAS_INSTALL_ROOT)/systemApps/OTiS.ear" useMetadataFromBinaries="false" enableDistribution="false" warClassLoaderPolicy="SINGLE" createMBeansForResources="true" reloadEnabled="false" appContextIDForSecurity="href:websphere85ndCell01/OTiS" zeroEarCopy="true" filePermission=".*\.dll=755#.*\.so=755#.*\.a=755#.*\.sl=755" allowDispatchRemoteInclude="false" allowServiceRemoteInclude="false" asyncRequestDispatchType="DISABLED">
    <targetMappings xmi:id="DeploymentTargetMapping_1150901759109" enable="true" target="ServerTarget_1150901759109"/>
    <classloader xmi:id="Classloader_1150901759109" mode="PARENT_FIRST"/>
    <modules xmi:type="appdeployment:WebModuleDeployment" xmi:id="WebModuleDeployment_1150901759109" deploymentId="1" startingWeight="10000" uri="OTiSWebApp.war">
      <targetMappings xmi:id="DeploymentTargetMapping_1150901759110" target="ServerTarget_1150901759109"/>
    </modules>
    <modules xmi:type="appdeployment:EJBModuleDeployment" xmi:id="EJBModuleDeployment_1150901759109" deploymentId="1" startingWeight="5000" uri="OTiSEJB.jar">
      <targetMappings xmi:id="DeploymentTargetMapping_1150901759111" target="ServerTarget_1150901759109"/>
    </modules>
    <modules xmi:type="appdeployment:EJBModuleDeployment" xmi:id="EJBModuleDeployment_1150901759110" deploymentId="1" startingWeight="5000" uri="OMADMEJB.jar">
      <targetMappings xmi:id="DeploymentTargetMapping_1150901759112" target="ServerTarget_1150901759109"/>
    </modules>
    <modules xmi:type="appdeployment:EJBModuleDeployment" xmi:id="EJBModuleDeployment_1150901759111" deploymentId="1" startingWeight="5000" uri="TaskProcessingEJB.jar">
      <targetMappings xmi:id="DeploymentTargetMapping_1150901759115" target="ServerTarget_1150901759109"/>
    </modules>
    <properties xmi:id="Property_1213642838453" name="metadata.complete" value="true"/>
  </deployedObject>
  <deploymentTargets xmi:type="appdeployment:ServerTarget" xmi:id="ServerTarget_1150901759109" name="dmgr" nodeName="websphere85ndCellManager01"/>
</appdeployment:Deployment>
